q1_2	0	14959	1
q1_2	0	14960	1
q1_2	0	14961	0
q1_2	0	14962	0
q1_2	0	14963	1
q1_2	0	14964	1
q1_2	0	14965	1
q1_2	0	14966	1
q1_2	0	14967	1
q1_2	0	14968	0
q1_2	0	22626	1
q1_2	0	22627	1
q1_2	0	22628	1
q1_2	0	22629	1
q1_2	0	22630	0
q1_2	0	22631	1
q1_2	0	11015	1
q1_2	0	11016	1
q1_2	0	11017	1
q1_2	0	11018	1
q1_3	0	1	3
q1_3	0	11786	2
q1_3	0	11787	2
q1_3	0	11788	1
q1_3	0	11789	2
q1_3	0	11790	2
q1_3	0	10031	2
q1_3	0	18058	1
q1_3	0	1496	1
q1_3	0	1497	1
q1_3	0	1498	1
q1_3	0	1499	1
q1_3	0	1500	2
q1_3	0	1501	1
q1_3	0	1502	1
q1_3	0	1503	1
q1_3	0	1504	1
q1_3	0	1505	1
q1_3	0	1506	1
q1_3	0	1507	1
q1_4	0	1	3
q1_4	0	2	3
q1_4	0	3	3
q1_4	0	4	3
q1_4	0	5	3
q1_4	0	6	3
q1_4	0	7	3
q1_4	0	8	3
q1_4	0	9	3
q1_4	0	10	3
q1_4	0	11	2
q1_4	0	12	2
q1_4	0	13	2
q1_4	0	22626	1
q1_4	0	22627	1
q1_4	0	22628	1
q1_4	0	22629	1
q1_4	0	22630	1
q1_4	0	22631	1
q1_4	0	14959	1
q1_5	0	1	3
q1_5	0	14959	2
q1_5	0	14960	2
q1_5	0	14961	2
q1_5	0	14962	2
q1_5	0	14963	2
q1_5	0	14964	2
q1_5	0	14965	2
q1_5	0	14966	2
q1_5	0	14967	2
q1_5	0	14968	2
q1_5	0	22626	2
q1_5	0	22627	2
q1_5	0	22628	2
q1_5	0	22629	2
q1_5	0	22630	2
q1_5	0	22631	2
q1_5	0	11015	2
q1_5	0	11016	2
q1_5	0	11017	2
q2_1	0	18945	1
q2_1	0	18946	1
q2_1	0	18947	1
q2_1	0	18948	1
q2_1	0	18949	1
q2_1	0	18950	1
q2_1	0	18951	1
q2_1	0	18952	1
q2_1	0	18953	2
q2_1	0	18954	1
q2_1	0	18955	1
q2_1	0	18956	1
q2_1	0	18963	2
q2_1	0	18964	1
q2_1	0	18965	2
q2_1	0	18966	1
q2_1	0	18967	1
q2_1	0	18968	1
q2_1	0	18969	2
q2_1	0	18970	1
q2_2	0	2	3
q2_2	0	11	1
q2_2	0	12	1
q2_2	0	13	2
q2_2	0	1	1
q2_2	0	3	1
q2_2	0	4	1
q2_2	0	5	1
q2_2	0	6	1
q2_2	0	7	1
q2_2	0	8	1
q2_2	0	9	1
q2_2	0	10	1
q2_2	0	17084	0
q2_2	0	17085	0
q2_2	0	17086	0
q2_2	0	17087	0
q2_2	0	17088	0
q2_2	0	17089	0
q2_2	0	17090	0
q2_3	0	2	3
q2_3	0	5131	0
q2_3	0	2510	0
q2_3	0	5304	0
q2_3	0	5809	0
q2_3	0	15705	1
q2_3	0	18500	0
q2_3	0	30250	0
q2_3	0	24888	1
q2_3	0	14569	0
q2_3	0	14570	0
q2_3	0	14571	0
q2_3	0	14572	0
q2_3	0	14573	0
q2_3	0	14574	0
q2_3	0	18070	0
q2_3	0	18080	0
q2_3	0	14526	0
q2_3	0	14527	0
q2_3	0	14528	0
q2_4	0	14959	2
q2_4	0	14960	1
q2_4	0	14961	1
q2_4	0	14962	2
q2_4	0	14963	1
q2_4	0	14964	2
q2_4	0	14965	2
q2_4	0	14966	2
q2_4	0	14967	2
q2_4	0	14968	2
q2_4	0	22626	1
q2_4	0	22627	1
q2_4	0	22628	1
q2_4	0	22629	1
q2_4	0	22630	1
q2_4	0	22631	1
q2_4	0	11015	1
q2_4	0	11016	1
q2_4	0	11017	2
q2_4	0	11018	1
q2_5	0	18945	1
q2_5	0	18946	1
q2_5	0	18947	1
q2_5	0	18948	1
q2_5	0	18949	1
q2_5	0	18950	1
q2_5	0	18951	1
q2_5	0	18952	1
q2_5	0	18953	1
q2_5	0	18954	1
q2_5	0	18955	1
q2_5	0	18956	1
q2_5	0	18963	1
q2_5	0	18964	1
q2_5	0	18965	1
q2_5	0	18966	1
q2_5	0	18967	1
q2_5	0	18968	1
q2_5	0	18969	1
q2_5	0	18970	1
q3_1	0	20630	0
q3_1	0	19593	1
q3_1	0	19594	0
q3_1	0	19595	1
q3_1	0	19596	1
q3_1	0	19597	1
q3_1	0	19600	1
q3_1	0	19601	1
q3_1	0	19602	1
q3_1	0	19603	1
q3_1	0	19604	1
q3_1	0	19598	1
q3_1	0	19883	1
q3_1	0	19884	1
q3_1	0	19885	0
q3_1	0	19886	1
q3_1	0	19887	1
q3_1	0	19888	1
q3_1	0	19889	1
q3_1	0	19890	1
q3_2	0	3	3
q3_2	0	1	1
q3_2	0	2	1
q3_2	0	4	1
q3_2	0	5	1
q3_2	0	6	1
q3_2	0	7	1
q3_2	0	8	1
q3_2	0	9	1
q3_2	0	10	1
q3_2	0	11	3
q3_2	0	12	2
q3_2	0	13	1
q3_2	0	22626	1
q3_2	0	22627	1
q3_2	0	22628	1
q3_2	0	22629	1
q3_2	0	22630	1
q3_2	0	22631	1
q3_2	0	11015	1
q3_3	0	23615	0
q3_3	0	23616	0
q3_3	0	23617	0
q3_3	0	23618	0
q3_3	0	15775	0
q3_3	0	15776	1
q3_3	0	15777	1
q3_3	0	15778	1
q3_3	0	15779	0
q3_3	0	5788	0
q3_3	0	5789	0
q3_3	0	5790	0
q3_3	0	5791	0
q3_3	0	5792	0
q3_3	0	28277	0
q3_3	0	25937	1
q3_3	0	15903	1
q3_3	0	15904	1
q3_3	0	15905	1
q3_3	0	15906	1
q3_4	0	3	3
q3_4	0	9872	1
q3_4	0	14991	0
q3_4	0	14992	0
q3_4	0	14993	0
q3_4	0	14994	0
q3_4	0	14995	0
q3_4	0	14996	0
q3_4	0	14997	0
q3_4	0	14998	0
q3_4	0	14999	0
q3_4	0	15000	0
q3_4	0	15001	0
q3_4	0	15002	0
q3_4	0	15003	0
q3_4	0	15004	0
q3_4	0	15005	0
q3_4	0	15006	0
q3_4	0	15007	0
q3_4	0	15008	0
q3_5	0	19856	3
q3_5	0	10081	1
q3_5	0	25189	1
q3_5	0	30505	0
q3_5	0	6563	1
q3_5	0	12125	1
q3_5	0	2034	1
q3_5	0	23207	1
q3_5	0	20137	1
q3_5	0	8322	1
q3_5	0	6300	1
q3_5	0	28877	1
q3_5	0	23534	0
q3_5	0	23562	1
q3_5	0	23563	1
q3_5	0	23564	1
q3_5	0	23565	0
q3_5	0	23566	1
q3_5	0	23567	1
q3_5	0	19917	2
q4_1	0	32210	1
q4_1	0	32211	1
q4_1	0	32181	1
q4_1	0	32182	1
q4_1	0	32183	1
q4_1	0	32184	1
q4_1	0	32185	1
q4_1	0	32186	0
q4_1	0	32187	1
q4_1	0	32188	1
q4_1	0	32189	1
q4_1	0	32190	1
q4_1	0	32191	1
q4_1	0	32192	1
q4_1	0	32193	1
q4_1	0	32194	1
q4_1	0	32195	1
q4_1	0	32196	1
q4_1	0	32197	1
q4_1	0	32198	1
q4_2	0	3498	2
q4_2	0	3499	2
q4_2	0	3500	1
q4_2	0	3501	2
q4_2	0	3502	2
q4_2	0	3503	2
q4_2	0	3504	2
q4_2	0	3505	1
q4_2	0	3506	2
q4_2	0	3507	2
q4_2	0	3508	2
q4_2	0	11094	2
q4_2	0	11095	1
q4_2	0	11096	1
q4_2	0	11097	1
q4_2	0	12535	1
q4_2	0	12536	1
q4_2	0	12537	1
q4_2	0	12538	1
q4_2	0	2840	2
q4_3	0	32210	1
q4_3	0	32211	1
q4_3	0	32181	1
q4_3	0	32182	1
q4_3	0	32183	1
q4_3	0	32184	1
q4_3	0	32185	1
q4_3	0	32186	1
q4_3	0	32187	1
q4_3	0	32188	1
q4_3	0	32189	1
q4_3	0	32190	1
q4_3	0	32191	1
q4_3	0	32192	1
q4_3	0	32193	1
q4_3	0	32194	1
q4_3	0	32195	1
q4_3	0	32196	1
q4_3	0	32197	1
q4_3	0	32198	1
q4_4	0	4	3
q4_4	0	11	2
q4_4	0	12	2
q4_4	0	13	2
q4_4	0	1	1
q4_4	0	2	1
q4_4	0	3	1
q4_4	0	5	1
q4_4	0	6	1
q4_4	0	7	1
q4_4	0	8	1
q4_4	0	9	1
q4_4	0	10	1
q4_4	0	17084	1
q4_4	0	17085	0
q4_4	0	17086	0
q4_4	0	17087	1
q4_4	0	17088	0
q4_4	0	17089	0
q4_4	0	17090	0
q4_5	0	32210	1
q4_5	0	32211	1
q4_5	0	32181	1
q4_5	0	32182	1
q4_5	0	32183	1
q4_5	0	32184	1
q4_5	0	32185	1
q4_5	0	32186	1
q4_5	0	32187	1
q4_5	0	32188	1
q4_5	0	32189	1
q4_5	0	32190	1
q4_5	0	32191	1
q4_5	0	32192	1
q4_5	0	32193	2
q4_5	0	32194	1
q4_5	0	32195	1
q4_5	0	32196	1
q4_5	0	32197	1
q4_5	0	32198	2
q5_1	0	2623	2
q5_1	0	19145	1
q5_1	0	19214	2
q5_1	0	13827	0
q5_1	0	12616	0
q5_1	0	1437	1
q5_1	0	1438	1
q5_1	0	1439	1
q5_1	0	1440	1
q5_1	0	1441	1
q5_1	0	19119	1
q5_1	0	19120	1
q5_1	0	19121	0
q5_1	0	19122	1
q5_1	0	19123	0
q5_1	0	19124	1
q5_1	0	19125	1
q5_1	0	19126	0
q5_1	0	19127	0
q5_1	0	19128	1
q5_2	0	5	3
q5_2	0	11	2
q5_2	0	12	3
q5_2	0	13	2
q5_2	0	1	1
q5_2	0	2	1
q5_2	0	3	1
q5_2	0	4	1
q5_2	0	6	1
q5_2	0	7	1
q5_2	0	8	1
q5_2	0	9	1
q5_2	0	10	1
q5_2	0	17084	0
q5_2	0	17085	0
q5_2	0	17086	0
q5_2	0	17087	1
q5_2	0	17088	0
q5_2	0	17089	0
q5_2	0	17090	0
q5_3	0	9575	0
q5_3	0	25190	0
q5_3	0	19732	0
q5_3	0	14569	1
q5_3	0	14570	0
q5_3	0	14571	0
q5_3	0	14572	0
q5_3	0	14573	0
q5_3	0	14574	0
q5_3	0	18070	0
q5_3	0	14526	0
q5_3	0	14527	0
q5_3	0	14528	1
q5_3	0	14529	0
q5_3	0	14530	0
q5_3	0	14531	0
q5_3	0	34336	0
q5_3	0	10374	0
q5_3	0	14575	0
q5_3	0	26919	0
q5_4	0	10676	0
q5_4	0	10677	0
q5_4	0	10678	0
q5_4	0	10679	0
q5_4	0	10680	0
q5_4	0	10681	0
q5_4	0	19145	1
q5_4	0	34628	0
q5_4	0	34629	0
q5_4	0	34630	0
q5_4	0	13481	2
q5_4	0	13495	1
q5_4	0	13496	2
q5_4	0	13472	1
q5_4	0	13473	1
q5_4	0	1437	2
q5_4	0	1438	1
q5_4	0	1439	1
q5_4	0	1440	1
q5_4	0	1441	1
q5_5	0	22679	0
q5_5	0	22680	0
q5_5	0	22681	0
q5_5	0	22682	0
q5_5	0	22618	0
q5_5	0	22619	0
q5_5	0	31154	0
q5_5	0	31155	0
q5_5	0	31156	0
q5_5	0	31157	0
q5_5	0	31158	0
q5_5	0	31159	0
q5_5	0	31160	0
q5_5	0	31161	0
q5_5	0	31162	0
q5_5	0	31163	0
q5_5	0	31164	0
q5_5	0	31165	0
q5_5	0	31166	0
q5_5	0	28522	0
q6_1	0	26604	2
q6_1	0	26605	2
q6_1	0	26606	2
q6_1	0	26607	2
q6_1	0	26608	3
q6_1	0	26609	2
q6_1	0	26610	2
q6_1	0	26611	2
q6_1	0	26612	1
q6_1	0	26613	2
q6_1	0	26614	1
q6_1	0	26615	1
q6_1	0	26616	2
q6_1	0	6	3
q6_1	0	1492	2
q6_1	0	1480	2
q6_1	0	1481	2
q6_1	0	1482	1
q6_1	0	1483	1
q6_1	0	1484	2
q6_2	0	6	3
q6_2	0	11	3
q6_2	0	26031	0
q6_2	0	13371	0
q6_2	0	14569	0
q6_2	0	14570	0
q6_2	0	14571	1
q6_2	0	14572	0
q6_2	0	14573	1
q6_2	0	14574	0
q6_2	0	18070	0
q6_2	0	14526	0
q6_2	0	14527	0
q6_2	0	14528	0
q6_2	0	14529	0
q6_2	0	14530	0
q6_2	0	14531	0
q6_2	0	10374	1
q6_2	0	14575	0
q6_2	0	26919	0
q6_3	0	16676	1
q6_3	0	28869	2
q6_3	0	17258	0
q6_3	0	17259	0
q6_3	0	17260	0
q6_3	0	17261	0
q6_3	0	17262	1
q6_3	0	17263	0
q6_3	0	19465	0
q6_3	0	19466	0
q6_3	0	19467	0
q6_3	0	19468	0
q6_3	0	19469	0
q6_3	0	19470	0
q6_3	0	19471	0
q6_3	0	19472	0
q6_3	0	19473	0
q6_3	0	19474	0
q6_3	0	6	3
q6_3	0	5390	0
q6_4	0	10045	1
q6_4	0	1	2
q6_4	0	2	1
q6_4	0	3	2
q6_4	0	4	2
q6_4	0	5	1
q6_4	0	6	3
q6_4	0	7	2
q6_4	0	8	1
q6_4	0	9	2
q6_4	0	10	1
q6_4	0	11	2
q6_4	0	12	2
q6_4	0	13	2
q6_4	0	17084	2
q6_4	0	17085	1
q6_4	0	17086	1
q6_4	0	17087	1
q6_4	0	17088	1
q6_4	0	17089	1
q6_5	0	1480	1
q6_5	0	1481	2
q6_5	0	1482	1
q6_5	0	1483	1
q6_5	0	1484	1
q6_5	0	1485	0
q6_5	0	1486	1
q6_5	0	1487	1
q6_5	0	1488	1
q6_5	0	1489	1
q6_5	0	6	3
q6_5	0	23494	0
q6_5	0	23495	0
q6_5	0	1470	1
q6_5	0	1471	1
q6_5	0	1472	1
q6_5	0	1473	1
q6_5	0	1474	1
q6_5	0	1476	1
q6_5	0	1477	1
q7_1	0	32943	2
q7_1	0	22171	1
q7_1	0	22172	1
q7_1	0	22173	1
q7_1	0	22174	1
q7_1	0	22175	0
q7_1	0	22176	0
q7_1	0	22177	1
q7_1	0	22178	1
q7_1	0	22179	0
q7_1	0	22180	1
q7_1	0	22181	0
q7_1	0	22182	1
q7_1	0	22183	1
q7_1	0	22184	1
q7_1	0	22185	1
q7_1	0	22186	1
q7_1	0	22187	1
q7_1	0	22188	1
q7_1	0	22189	1
q7_2	0	7	3
q7_2	0	11	2
q7_2	0	12	2
q7_2	0	13	2
q7_2	0	1	1
q7_2	0	2	1
q7_2	0	3	1
q7_2	0	4	1
q7_2	0	5	1
q7_2	0	6	1
q7_2	0	8	1
q7_2	0	9	1
q7_2	0	10	1
q7_2	0	17084	0
q7_2	0	17085	0
q7_2	0	17086	0
q7_2	0	17087	1
q7_2	0	17088	0
q7_2	0	17089	0
q7_2	0	17090	0
q7_3	0	15882	1
q7_3	0	14959	1
q7_3	0	14960	1
q7_3	0	14961	1
q7_3	0	14962	0
q7_3	0	14963	1
q7_3	0	14964	1
q7_3	0	14965	1
q7_3	0	14966	1
q7_3	0	14967	1
q7_3	0	14968	1
q7_3	0	10050	0
q7_3	0	10051	0
q7_3	0	10052	0
q7_3	0	10053	0
q7_3	0	10054	0
q7_3	0	10057	0
q7_3	0	22626	0
q7_3	0	22627	0
q7_3	0	22628	1
q7_4	0	4433	1
q7_4	0	22248	1
q7_4	0	11388	1
q7_4	0	11389	1
q7_4	0	11390	1
q7_4	0	11212	1
q7_4	0	21379	0
q7_4	0	6563	1
q7_4	0	11386	1
q7_4	0	11387	0
q7_4	0	10392	1
q7_4	0	10393	0
q7_4	0	10390	1
q7_4	0	10391	0
q7_4	0	21373	0
q7_4	0	21374	1
q7_4	0	21375	0
q7_4	0	21380	0
q7_4	0	21382	0
q7_4	0	7996	0
q7_5	0	32943	3
q7_5	0	11140	0
q7_5	0	11141	1
q7_5	0	11142	1
q7_5	0	16275	0
q7_5	0	11137	0
q7_5	0	11138	0
q7_5	0	11139	1
q7_5	0	14067	0
q7_5	0	14068	0
q7_5	0	14069	0
q7_5	0	14070	0
q7_5	0	19480	0
q7_5	0	19481	0
q7_5	0	19482	0
q7_5	0	19483	0
q7_5	0	19484	0
q7_5	0	19485	0
q7_5	0	19486	0
q7_5	0	19487	0
q8_1	0	22626	0
q8_1	0	22627	0
q8_1	0	22628	0
q8_1	0	22629	0
q8_1	0	22630	0
q8_1	0	22631	0
q8_1	0	8148	1
q8_1	0	8149	1
q8_1	0	8150	2
q8_1	0	8151	1
q8_1	0	8152	1
q8_1	0	8153	1
q8_1	0	8154	1
q8_1	0	8155	1
q8_1	0	14959	1
q8_1	0	14960	1
q8_1	0	14961	0
q8_1	0	14962	0
q8_1	0	14963	0
q8_1	0	14964	0
q8_2	0	20753	1
q8_2	0	20754	1
q8_2	0	20755	1
q8_2	0	20756	1
q8_2	0	20757	1
q8_2	0	20758	2
q8_2	0	20759	2
q8_2	0	20760	2
q8_2	0	20761	2
q8_2	0	20762	2
q8_2	0	21675	1
q8_2	0	26652	0
q8_2	0	26653	0
q8_2	0	26654	0
q8_2	0	26655	0
q8_2	0	26656	0
q8_2	0	8	3
q8_2	0	3082	1
q8_2	0	3083	1
q8_2	0	3084	1
q8_3	0	8	3
q8_3	0	11	1
q8_3	0	12	1
q8_3	0	13	1
q8_3	0	1	1
q8_3	0	2	1
q8_3	0	3	1
q8_3	0	4	1
q8_3	0	5	1
q8_3	0	6	1
q8_3	0	7	1
q8_3	0	9	1
q8_3	0	10	1
q8_3	0	19236	0
q8_3	0	17084	0
q8_3	0	17085	0
q8_3	0	17086	0
q8_3	0	17087	0
q8_3	0	17088	0
q8_3	0	17089	0
q8_4	0	23568	1
q8_4	0	23569	1
q8_4	0	23570	1
q8_4	0	23571	1
q8_4	0	23572	0
q8_4	0	23573	1
q8_4	0	7512	0
q8_4	0	9750	1
q8_4	0	23574	0
q8_4	0	20616	2
q8_4	0	14130	0
q8_4	0	26767	0
q8_4	0	26768	0
q8_4	0	26769	0
q8_4	0	26770	0
q8_4	0	26771	0
q8_4	0	7501	0
q8_4	0	7502	0
q8_4	0	7503	0
q8_4	0	7504	0
q8_5	0	14959	1
q8_5	0	14960	1
q8_5	0	14961	1
q8_5	0	14962	1
q8_5	0	14963	1
q8_5	0	14964	1
q8_5	0	14965	1
q8_5	0	14966	1
q8_5	0	14967	1
q8_5	0	14968	1
q8_5	0	22626	0
q8_5	0	22627	0
q8_5	0	22628	1
q8_5	0	22629	1
q8_5	0	22630	1
q8_5	0	22631	0
q8_5	0	11015	0
q8_5	0	11016	1
q8_5	0	11017	1
q8_5	0	11018	0
q9_1	0	11230	2
q9_1	0	2624	1
q9_1	0	16649	1
q9_1	0	11098	0
q9_1	0	3046	0
q9_1	0	23629	1
q9_1	0	15887	1
q9_1	0	3047	0
q9_1	0	3048	0
q9_1	0	3049	0
q9_1	0	3050	0
q9_1	0	3051	0
q9_1	0	3052	0
q9_1	0	3053	0
q9_1	0	3054	0
q9_1	0	3055	0
q9_1	0	3056	0
q9_1	0	3057	0
q9_1	0	3058	0
q9_1	0	3059	0
q9_2	0	11143	0
q9_2	0	11144	0
q9_2	0	11145	0
q9_2	0	11146	0
q9_2	0	11147	0
q9_2	0	10371	0
q9_2	0	11159	0
q9_2	0	11160	0
q9_2	0	11161	0
q9_2	0	11162	0
q9_2	0	11163	1
q9_2	0	11164	0
q9_2	0	11165	1
q9_2	0	11166	1
q9_2	0	11413	0
q9_2	0	11414	1
q9_2	0	11415	1
q9_2	0	11416	1
q9_2	0	11417	1
q9_2	0	11418	1
q9_3	0	9	3
q9_3	0	14959	2
q9_3	0	14960	2
q9_3	0	14961	2
q9_3	0	14962	2
q9_3	0	14963	2
q9_3	0	14964	2
q9_3	0	14965	2
q9_3	0	14966	2
q9_3	0	14967	2
q9_3	0	14968	2
q9_3	0	22626	2
q9_3	0	22627	2
q9_3	0	22628	2
q9_3	0	22629	2
q9_3	0	22630	2
q9_3	0	22631	2
q9_3	0	7486	2
q9_3	0	7487	2
q9_3	0	7488	2
q9_4	0	21830	1
q9_4	0	27311	0
q9_4	0	6941	1
q9_4	0	8360	0
q9_4	0	457	0
q9_4	0	33106	0
q9_4	0	2459	0
q9_4	0	33110	0
q9_4	0	33109	0
q9_4	0	464	0
q9_4	0	483	0
q9_4	0	33101	0
q9_4	0	8361	0
q9_4	0	33107	0
q9_4	0	33543	1
q9_4	0	480	0
q9_4	0	33105	0
q9_4	0	488	0
q9_4	0	489	0
q9_4	0	27312	0
q9_5	0	9	3
q9_5	0	11	1
q9_5	0	12	1
q9_5	0	13	3
q9_5	0	1	1
q9_5	0	2	1
q9_5	0	3	1
q9_5	0	4	1
q9_5	0	5	1
q9_5	0	6	1
q9_5	0	7	1
q9_5	0	8	1
q9_5	0	10	1
q9_5	0	17084	2
q9_5	0	17085	1
q9_5	0	17086	2
q9_5	0	17087	1
q9_5	0	17088	1
q9_5	0	17089	2
q9_5	0	17090	2
q10_1	0	21229	1
q10_1	0	21230	1
q10_1	0	21231	1
q10_1	0	21232	1
q10_1	0	21233	1
q10_1	0	21219	1
q10_1	0	21220	1
q10_1	0	21221	1
q10_1	0	21222	1
q10_1	0	21223	1
q10_1	0	21224	1
q10_1	0	21225	1
q10_1	0	21226	0
q10_1	0	21227	1
q10_1	0	21228	1
q10_1	0	21234	1
q10_1	0	21235	1
q10_1	0	21236	1
q10_1	0	21237	1
q10_1	0	21238	1
q10_2	0	10	3
q10_2	0	11	1
q10_2	0	12	2
q10_2	0	13	2
q10_2	0	1	1
q10_2	0	2	1
q10_2	0	3	1
q10_2	0	4	1
q10_2	0	5	1
q10_2	0	6	1
q10_2	0	7	1
q10_2	0	8	1
q10_2	0	9	1
q10_2	0	17084	1
q10_2	0	17085	0
q10_2	0	17086	0
q10_2	0	17087	0
q10_2	0	17088	0
q10_2	0	17089	0
q10_2	0	17090	0
q10_3	0	14959	1
q10_3	0	14960	1
q10_3	0	14961	0
q10_3	0	14962	0
q10_3	0	14963	1
q10_3	0	14964	1
q10_3	0	14965	1
q10_3	0	14966	1
q10_3	0	14967	1
q10_3	0	14968	0
q10_3	0	22626	0
q10_3	0	22627	0
q10_3	0	22628	0
q10_3	0	22629	0
q10_3	0	22630	0
q10_3	0	22631	0
q10_3	0	11015	0
q10_3	0	11016	1
q10_3	0	11017	0
q10_3	0	11018	0
q10_4	0	25524	1
q10_4	0	25525	0
q10_4	0	25526	1
q10_4	0	25527	1
q10_4	0	25528	1
q10_4	0	25529	1
q10_4	0	25530	1
q10_4	0	25531	1
q10_4	0	25532	1
q10_4	0	25533	0
q10_4	0	25534	0
q10_4	0	25535	0
q10_4	0	25536	1
q10_4	0	25537	0
q10_4	0	25538	1
q10_4	0	25539	1
q10_4	0	25540	1
q10_4	0	10768	1
q10_4	0	10769	1
q10_4	0	25541	1
q10_5	0	27402	1
q10_5	0	27403	1
q10_5	0	27404	1
q10_5	0	27405	2
q10_5	0	27406	1
q10_5	0	27407	1
q10_5	0	27408	1
q10_5	0	27409	1
q10_5	0	27352	1
q10_5	0	27353	1
q10_5	0	27354	1
q10_5	0	27355	1
q10_5	0	27356	1
q10_5	0	27357	1
q10_5	0	27358	1
q10_5	0	27359	1
q10_5	0	27360	1
q10_5	0	27361	1
q10_5	0	27362	1
q10_5	0	27363	2
q11_1	0	20630	1
q11_1	0	23620	1
q11_1	0	23619	1
q11_1	0	15775	1
q11_1	0	15776	1
q11_1	0	15777	1
q11_1	0	15778	1
q11_1	0	15779	1
q11_1	0	10062	1
q11_1	0	10063	1
q11_1	0	10064	1
q11_1	0	23503	1
q11_1	0	23504	1
q11_1	0	23505	1
q11_1	0	23506	1
q11_1	0	23507	1
q11_1	0	23508	1
q11_1	0	23509	1
q11_1	0	23581	1
q11_1	0	10065	1
q11_2	0	6	3
q11_2	0	11	3
q11_2	0	12	1
q11_2	0	13	0
q11_2	0	1	1
q11_2	0	2	1
q11_2	0	3	1
q11_2	0	4	1
q11_2	0	5	0
q11_2	0	7	0
q11_2	0	8	1
q11_2	0	9	1
q11_2	0	10	1
q11_2	0	1480	1
q11_2	0	1481	2
q11_2	0	1482	1
q11_2	0	1483	1
q11_2	0	1484	2
q11_2	0	1485	1
q11_2	0	1486	1
q11_3	0	19593	1
q11_3	0	19594	1
q11_3	0	19595	1
q11_3	0	19596	0
q11_3	0	19597	1
q11_3	0	9951	0
q11_3	0	9952	0
q11_3	0	9953	0
q11_3	0	9954	0
q11_3	0	9955	0
q11_3	0	5788	0
q11_3	0	5789	0
q11_3	0	5790	0
q11_3	0	5791	0
q11_3	0	5792	0
q11_3	0	28277	0
q11_3	0	19600	1
q11_3	0	19601	1
q11_3	0	19602	1
q11_3	0	19603	1
q11_4	0	11	3
q11_4	0	12	3
q11_4	0	13	3
q11_4	0	1	3
q11_4	0	2	3
q11_4	0	3	3
q11_4	0	4	3
q11_4	0	5	3
q11_4	0	6	3
q11_4	0	7	3
q11_4	0	8	3
q11_4	0	9	3
q11_4	0	10	3
q11_4	0	8503	1
q11_4	0	17084	1
q11_4	0	17085	0
q11_4	0	17086	0
q11_4	0	17087	1
q11_4	0	17088	0
q11_4	0	17089	0
q11_5	0	6	3
q11_5	0	11	3
q11_5	0	15015	0
q11_5	0	15016	0
q11_5	0	15017	0
q11_5	0	15018	1
q11_5	0	15215	0
q11_5	0	15216	0
q11_5	0	15217	1
q11_5	0	15218	0
q11_5	0	15219	0
q11_5	0	15220	0
q11_5	0	15221	0
q11_5	0	15222	0
q11_5	0	15223	1
q11_5	0	19458	0
q11_5	0	3487	0
q11_5	0	15020	0
q11_5	0	15021	0
q11_5	0	15022	0
q12_1	0	32943	1
q12_1	0	29773	1
q12_1	0	29774	1
q12_1	0	29775	2
q12_1	0	29776	1
q12_1	0	29777	1
q12_1	0	29778	1
q12_1	0	22171	1
q12_1	0	22172	1
q12_1	0	22173	1
q12_1	0	22174	1
q12_1	0	22175	1
q12_1	0	22176	1
q12_1	0	22177	1
q12_1	0	22178	1
q12_1	0	22179	1
q12_1	0	22180	1
q12_1	0	22181	1
q12_1	0	22182	1
q12_1	0	22183	1
q12_2	0	1	2
q12_2	0	2	2
q12_2	0	3	2
q12_2	0	4	2
q12_2	0	5	2
q12_2	0	6	2
q12_2	0	7	2
q12_2	0	8	2
q12_2	0	9	3
q12_2	0	10	2
q12_2	0	11	2
q12_2	0	12	3
q12_2	0	13	2
q12_2	0	22626	1
q12_2	0	22627	1
q12_2	0	22628	1
q12_2	0	22629	1
q12_2	0	22630	1
q12_2	0	22631	1
q12_2	0	11015	1
q12_3	0	11140	0
q12_3	0	11141	0
q12_3	0	11142	0
q12_3	0	10068	0
q12_3	0	16275	0
q12_3	0	11137	0
q12_3	0	11138	1
q12_3	0	11139	0
q12_3	0	15881	0
q12_3	0	13827	0
q12_3	0	12616	0
q12_3	0	10069	0
q12_3	0	14067	0
q12_3	0	14068	0
q12_3	0	14069	0
q12_3	0	14070	0
q12_3	0	19480	0
q12_3	0	19481	0
q12_3	0	19482	0
q12_3	0	19483	0
q12_4	0	15326	0
q12_4	0	17123	0
q12_4	0	17124	0
q12_4	0	17125	0
q12_4	0	14959	0
q12_4	0	14960	0
q12_4	0	14961	0
q12_4	0	14962	0
q12_4	0	14963	0
q12_4	0	14964	0
q12_4	0	14965	0
q12_4	0	14966	0
q12_4	0	14967	0
q12_4	0	14968	0
q12_4	0	16539	0
q12_4	0	14554	0
q12_4	0	5390	0
q12_4	0	14588	0
q12_4	0	15624	0
q12_4	0	16534	0
q12_5	0	32943	1
q12_5	0	11034	0
q12_5	0	11035	0
q12_5	0	11036	0
q12_5	0	11037	0
q12_5	0	11038	0
q12_5	0	16275	0
q12_5	0	7	3
q12_5	0	31368	0
q12_5	0	6728	0
q12_5	0	6729	0
q12_5	0	6730	0
q12_5	0	6731	0
q12_5	0	6732	1
q12_5	0	23782	1
q12_5	0	27456	0
q12_5	0	27457	1
q12_5	0	27458	0
q12_5	0	27459	0
q12_5	0	27460	0
q13_1	0	11230	2
q13_1	0	2624	1
q13_1	0	16649	1
q13_1	0	11098	0
q13_1	0	3046	0
q13_1	0	23629	1
q13_1	0	15887	1
q13_1	0	3047	0
q13_1	0	3048	0
q13_1	0	3049	0
q13_1	0	3050	0
q13_1	0	3051	0
q13_1	0	3052	0
q13_1	0	3053	0
q13_1	0	3054	0
q13_1	0	3055	0
q13_1	0	3056	0
q13_1	0	3057	0
q13_1	0	3058	0
q13_1	0	3059	0
q13_2	0	20753	2
q13_2	0	20754	2
q13_2	0	20755	2
q13_2	0	20756	2
q13_2	0	20757	2
q13_2	0	20758	2
q13_2	0	20759	3
q13_2	0	20760	2
q13_2	0	20761	3
q13_2	0	20762	3
q13_2	0	20615	2
q13_2	0	21675	1
q13_2	0	20763	2
q13_2	0	20487	3
q13_2	0	5024	0
q13_2	0	5025	0
q13_2	0	5026	0
q13_2	0	5027	0
q13_2	0	5028	0
q13_2	0	20500	2
q13_3	0	11	1
q13_3	0	12	1
q13_3	0	13	3
q13_3	0	1	1
q13_3	0	2	1
q13_3	0	3	1
q13_3	0	4	1
q13_3	0	5	0
q13_3	0	6	1
q13_3	0	7	1
q13_3	0	8	1
q13_3	0	9	3
q13_3	0	10	1
q13_3	0	11197	2
q13_3	0	11198	2
q13_3	0	11199	2
q13_3	0	11200	2
q13_3	0	11201	2
q13_3	0	11202	2
q13_3	0	11203	2
q13_4	0	8503	1
q13_4	0	11143	2
q13_4	0	11144	2
q13_4	0	11145	2
q13_4	0	11146	2
q13_4	0	11147	1
q13_4	0	11140	2
q13_4	0	11141	2
q13_4	0	11142	2
q13_4	0	11137	1
q13_4	0	11138	2
q13_4	0	11139	2
q13_4	0	11413	0
q13_4	0	11414	1
q13_4	0	11415	1
q13_4	0	11416	1
q13_4	0	11417	1
q13_4	0	11418	1
q13_4	0	11419	1
q13_4	0	11420	1
q13_5	0	26652	1
q13_5	0	26653	0
q13_5	0	26654	0
q13_5	0	26655	0
q13_5	0	26656	0
q13_5	0	22160	1
q13_5	0	22161	1
q13_5	0	22162	1
q13_5	0	22163	1
q13_5	0	22164	0
q13_5	0	34682	0
q13_5	0	3082	1
q13_5	0	3083	1
q13_5	0	3084	1
q13_5	0	3085	1
q13_5	0	20764	3
q13_5	0	14067	0
q13_5	0	14068	0
q13_5	0	14069	0
q13_5	0	14070	0
q14_1	0	14042	1
q14_1	0	14043	1
q14_1	0	14044	1
q14_1	0	14045	1
q14_1	0	14046	1
q14_1	0	14047	1
q14_1	0	14048	1
q14_1	0	14049	1
q14_1	0	25024	1
q14_1	0	25025	1
q14_1	0	25026	1
q14_1	0	28846	1
q14_1	0	34590	1
q14_1	0	34591	1
q14_1	0	34592	1
q14_1	0	34593	1
q14_1	0	34594	1
q14_1	0	34595	1
q14_1	0	28950	1
q14_1	0	20374	1
q14_2	0	5715	1
q14_2	0	10068	1
q14_2	0	5716	1
q14_2	0	5717	0
q14_2	0	5718	1
q14_2	0	5719	1
q14_2	0	5720	1
q14_2	0	5721	0
q14_2	0	5722	1
q14_2	0	5723	1
q14_2	0	5724	0
q14_2	0	5725	1
q14_2	0	5726	0
q14_2	0	5727	1
q14_2	0	128	0
q14_2	0	129	1
q14_2	0	130	1
q14_2	0	131	1
q14_2	0	8460	1
q14_2	0	8461	1
q14_3	0	14	1
q14_3	0	21743	1
q14_3	0	10972	1
q14_3	0	28851	1
q14_3	0	29699	2
q14_3	0	29212	1
q14_3	0	29698	1
q14_3	0	23762	1
q14_3	0	23761	1
q14_3	0	16553	1
q14_3	0	6251	1
q14_3	0	6263	1
q14_3	0	12762	1
q14_3	0	21739	1
q14_3	0	29219	1
q14_3	0	29481	1
q14_3	0	7991	1
q14_3	0	29220	1
q14_3	0	30754	1
q14_3	0	8371	1
q14_4	0	11098	0
q14_4	0	11382	0
q14_4	0	17242	0
q14_4	0	17243	0
q14_4	0	17244	0
q14_4	0	17245	0
q14_4	0	17246	0
q14_4	0	20534	0
q14_4	0	23615	0
q14_4	0	23616	0
q14_4	0	23617	0
q14_4	0	23618	0
q14_4	0	28721	0
q14_4	0	14	3
q14_4	0	15	3
q14_4	0	16	3
q14_4	0	17	3
q14_4	0	18	3
q14_4	0	19	2
q14_4	0	20	3
q14_5	0	11607	2
q14_5	0	34267	1
q14_5	0	15	2
q14_5	0	17	3
q14_5	0	14	2
q14_5	0	19	3
q14_5	0	19203	2
q14_5	0	34706	1
q14_5	0	34707	1
q14_5	0	34708	1
q14_5	0	34709	0
q14_5	0	34710	1
q14_5	0	34711	1
q14_5	0	34712	0
q14_5	0	19204	1
q14_5	0	375	1
q14_5	0	7418	1
q14_5	0	7419	1
q14_5	0	7420	1
q14_5	0	7421	1
q15_1	0	20410	1
q15_1	0	20411	1
q15_1	0	20412	1
q15_1	0	20413	1
q15_1	0	29710	1
q15_1	0	29711	1
q15_1	0	29712	1
q15_1	0	29713	1
q15_1	0	29714	2
q15_1	0	29715	1
q15_1	0	29716	1
q15_1	0	29717	1
q15_1	0	29718	1
q15_1	0	29719	1
q15_1	0	29745	1
q15_1	0	10062	1
q15_1	0	10063	1
q15_1	0	10064	1
q15_1	0	29720	1
q15_1	0	29721	1
q15_2	0	15	3
q15_2	0	10339	0
q15_2	0	18096	1
q15_2	0	31483	1
q15_2	0	31511	0
q15_2	0	33083	0
q15_2	0	33297	1
q15_2	0	33420	1
q15_2	0	33573	1
q15_2	0	33608	1
q15_2	0	33739	0
q15_2	0	33889	1
q15_2	0	33991	1
q15_2	0	34020	1
q15_2	0	34768	1
q15_2	0	34837	1
q15_2	0	8859	1
q15_2	0	1326	1
q15_2	0	1698	1
q15_2	0	1718	1
q15_3	0	15	3
q15_3	0	5715	1
q15_3	0	17	3
q15_3	0	5716	1
q15_3	0	5717	0
q15_3	0	5718	0
q15_3	0	5719	0
q15_3	0	5720	1
q15_3	0	5721	0
q15_3	0	5722	0
q15_3	0	5723	0
q15_3	0	5724	1
q15_3	0	5725	0
q15_3	0	5726	0
q15_3	0	5727	1
q15_3	0	14	3
q15_3	0	128	0
q15_3	0	129	0
q15_3	0	130	1
q15_3	0	131	1
q15_4	0	23568	3
q15_4	0	23569	3
q15_4	0	23570	2
q15_4	0	23571	3
q15_4	0	23572	3
q15_4	0	23573	3
q15_4	0	23574	2
q15_4	0	16275	0
q15_4	0	15489	1
q15_4	0	15490	2
q15_4	0	14067	0
q15_4	0	14068	0
q15_4	0	14069	0
q15_4	0	14070	0
q15_4	0	19480	0
q15_4	0	19481	1
q15_4	0	19482	0
q15_4	0	19483	1
q15_4	0	19484	1
q15_4	0	19485	1
q15_5	0	15	1
q15_5	0	8885	0
q15_5	0	8886	0
q15_5	0	8887	0
q15_5	0	8888	0
q15_5	0	8889	1
q15_5	0	8890	0
q15_5	0	8891	0
q15_5	0	33314	0
q15_5	0	33315	0
q15_5	0	33316	1
q15_5	0	33317	1
q15_5	0	18238	2
q15_5	0	17	2
q15_5	0	33159	1
q15_5	0	33160	1
q15_5	0	33161	1
q15_5	0	33162	1
q15_5	0	33163	1
q15_5	0	33164	0
q16_1	0	23568	0
q16_1	0	23569	0
q16_1	0	23570	0
q16_1	0	23571	0
q16_1	0	23572	0
q16_1	0	23573	0
q16_1	0	16065	1
q16_1	0	16275	0
q16_1	0	23574	0
q16_1	0	14686	1
q16_1	0	14687	1
q16_1	0	14688	1
q16_1	0	14689	1
q16_1	0	14690	1
q16_1	0	14691	1
q16_1	0	14692	1
q16_1	0	14693	1
q16_1	0	14694	1
q16_1	0	14695	1
q16_1	0	14696	1
q16_2	0	22609	1
q16_2	0	17264	1
q16_2	0	17265	1
q16_2	0	17266	1
q16_2	0	17267	1
q16_2	0	17268	1
q16_2	0	5715	1
q16_2	0	5716	1
q16_2	0	5717	0
q16_2	0	5718	1
q16_2	0	5719	0
q16_2	0	5720	1
q16_2	0	5721	0
q16_2	0	5722	1
q16_2	0	5723	1
q16_2	0	5724	1
q16_2	0	5725	1
q16_2	0	5726	1
q16_2	0	5727	1
q16_2	0	22605	1
q16_3	0	15015	0
q16_3	0	15016	0
q16_3	0	15017	0
q16_3	0	15018	1
q16_3	0	15215	0
q16_3	0	15216	0
q16_3	0	15217	0
q16_3	0	15218	0
q16_3	0	15219	0
q16_3	0	15220	1
q16_3	0	15221	0
q16_3	0	15222	0
q16_3	0	15223	0
q16_3	0	19458	1
q16_3	0	16	3
q16_3	0	3487	1
q16_3	0	15020	0
q16_3	0	15021	0
q16_3	0	15022	0
q16_3	0	15023	0
q16_4	0	11098	0
q16_4	0	16	3
q16_4	0	3751	1
q16_4	0	34240	1
q16_4	0	9896	0
q16_4	0	10208	0
q16_4	0	2384	1
q16_4	0	7226	1
q16_4	0	11182	0
q16_4	0	28459	0
q16_4	0	15011	0
q16_4	0	536	1
q16_4	0	9599	0
q16_4	0	2548	1
q16_4	0	2574	1
q16_4	0	4414	1
q16_4	0	4930	0
q16_4	0	12412	0
q16_4	0	29999	0
q16_4	0	32184	1
q16_5	0	32872	2
q16_5	0	18426	1
q16_5	0	11031	0
q16_5	0	24910	0
q16_5	0	16	3
q16_5	0	2926	0
q16_5	0	3342	0
q16_5	0	3343	0
q16_5	0	3344	0
q16_5	0	3345	0
q16_5	0	3346	0
q16_5	0	3347	0
q16_5	0	3348	0
q16_5	0	24245	0
q16_5	0	22939	2
q16_5	0	22940	2
q16_5	0	20976	2
q16_5	0	32310	1
q16_5	0	32311	1
q16_5	0	32312	2
q17_1	0	2989	1
q17_1	0	2990	1
q17_1	0	2991	0
q17_1	0	2992	1
q17_1	0	8001	0
q17_1	0	8002	0
q17_1	0	8003	0
q17_1	0	8004	1
q17_1	0	8005	1
q17_1	0	8006	1
q17_1	0	8007	0
q17_1	0	8008	1
q17_1	0	8009	1
q17_1	0	8010	1
q17_1	0	8011	1
q17_1	0	8012	0
q17_1	0	8013	1
q17_1	0	8014	1
q17_1	0	8015	1
q17_1	0	8016	1
q17_2	0	5715	1
q17_2	0	34266	1
q17_2	0	5716	1
q17_2	0	5717	0
q17_2	0	5718	1
q17_2	0	5719	1
q17_2	0	5720	1
q17_2	0	5721	0
q17_2	0	5722	1
q17_2	0	5723	1
q17_2	0	5724	1
q17_2	0	5725	0
q17_2	0	5726	1
q17_2	0	5727	1
q17_2	0	34741	1
q17_2	0	34742	1
q17_2	0	34743	1
q17_2	0	34744	1
q17_2	0	34745	1
q17_2	0	128	0
q17_3	0	17	3
q17_3	0	1233	2
q17_3	0	373	1
q17_3	0	14526	1
q17_3	0	26563	1
q17_3	0	17859	1
q17_3	0	14569	0
q17_3	0	14570	0
q17_3	0	14571	0
q17_3	0	14572	1
q17_3	0	14573	0
q17_3	0	14574	0
q17_3	0	18070	0
q17_3	0	14527	0
q17_3	0	14528	0
q17_3	0	14529	0
q17_3	0	14530	0
q17_3	0	14531	0
q17_3	0	10374	0
q17_3	0	14575	0
q17_4	0	8265	1
q17_4	0	8266	1
q17_4	0	8267	1
q17_4	0	8268	1
q17_4	0	8269	1
q17_4	0	1362	1
q17_4	0	1363	0
q17_4	0	1364	1
q17_4	0	1365	1
q17_4	0	1366	0
q17_4	0	11030	1
q17_4	0	16709	0
q17_4	0	16713	0
q17_4	0	29745	0
q17_4	0	16707	0
q17_4	0	16716	0
q17_4	0	16708	0
q17_4	0	16710	0
q17_4	0	16711	0
q17_4	0	16714	0
q17_5	0	11607	2
q17_5	0	15	2
q17_5	0	19203	2
q17_5	0	17	2
q17_5	0	14	2
q17_5	0	19204	1
q17_5	0	375	1
q17_5	0	7248	3
q17_5	0	373	1
q17_5	0	377	1
q17_5	0	7330	1
q17_5	0	7331	1
q17_5	0	7332	1
q17_5	0	7333	1
q17_5	0	7334	1
q17_5	0	7335	1
q17_5	0	7336	1
q17_5	0	7337	1
q17_5	0	7338	1
q17_5	0	12500	2
q18_1	0	5715	1
q18_1	0	18	3
q18_1	0	5716	1
q18_1	0	5717	1
q18_1	0	5718	1
q18_1	0	5719	1
q18_1	0	5720	1
q18_1	0	5721	1
q18_1	0	5722	0
q18_1	0	5723	1
q18_1	0	5724	1
q18_1	0	5725	1
q18_1	0	5726	1
q18_1	0	5727	1
q18_1	0	128	0
q18_1	0	129	1
q18_1	0	130	1
q18_1	0	131	1
q18_1	0	8460	1
q18_1	0	8461	1
q18_2	0	25610	1
q18_2	0	25611	1
q18_2	0	25612	1
q18_2	0	25613	1
q18_2	0	25614	1
q18_2	0	25615	1
q18_2	0	25616	1
q18_2	0	25617	1
q18_2	0	25618	1
q18_2	0	25619	1
q18_2	0	25620	1
q18_2	0	25621	1
q18_2	0	25622	1
q18_2	0	23332	1
q18_2	0	23333	0
q18_2	0	23334	1
q18_2	0	23335	0
q18_2	0	23336	1
q18_2	0	23337	1
q18_2	0	23338	0
q18_3	0	18	3
q18_3	0	15284	0
q18_3	0	15399	0
q18_3	0	4843	1
q18_3	0	4884	1
q18_3	0	4911	1
q18_3	0	4932	0
q18_3	0	4948	0
q18_3	0	15502	0
q18_3	0	15679	1
q18_3	0	15716	1
q18_3	0	15803	0
q18_3	0	15863	0
q18_3	0	17923	0
q18_3	0	17975	1
q18_3	0	17996	0
q18_3	0	18034	0
q18_3	0	10342	0
q18_3	0	7843	0
q18_3	0	18099	0
q18_4	0	18	3
q18_4	0	3427	0
q18_4	0	3428	0
q18_4	0	3429	0
q18_4	0	3430	0
q18_4	0	3431	0
q18_4	0	3432	0
q18_4	0	3433	0
q18_4	0	17257	1
q18_4	0	32697	0
q18_4	0	32698	0
q18_4	0	32699	0
q18_4	0	32700	0
q18_4	0	32701	0
q18_4	0	32702	0
q18_4	0	32703	0
q18_4	0	32704	0
q18_4	0	32705	0
q18_4	0	32706	0
q18_4	0	32707	0
q18_5	0	11191	1
q18_5	0	27	2
q18_5	0	29212	2
q18_5	0	8965	0
q18_5	0	15021	0
q18_5	0	11915	0
q18_5	0	11917	0
q18_5	0	11922	0
q18_5	0	11924	0
q18_5	0	11928	0
q18_5	0	12336	0
q18_5	0	31550	0
q18_5	0	29219	2
q18_5	0	29211	2
q18_5	0	29220	2
q18_5	0	28815	1
q18_5	0	28909	1
q18_5	0	11920	0
q18_5	0	33159	0
q18_5	0	33161	0
q19_1	0	22234	0
q19_1	0	5715	1
q19_1	0	5716	1
q19_1	0	5717	0
q19_1	0	5718	1
q19_1	0	5719	0
q19_1	0	5720	1
q19_1	0	5721	0
q19_1	0	5722	0
q19_1	0	5723	0
q19_1	0	5724	0
q19_1	0	5725	1
q19_1	0	5726	0
q19_1	0	5727	1
q19_1	0	128	0
q19_1	0	129	0
q19_1	0	130	1
q19_1	0	131	0
q19_1	0	8460	1
q19_1	0	8461	1
q19_2	0	34393	1
q19_2	0	8415	1
q19_2	0	8416	1
q19_2	0	8417	1
q19_2	0	8418	1
q19_2	0	8419	1
q19_2	0	8420	1
q19_2	0	8421	1
q19_2	0	8422	2
q19_2	0	8423	1
q19_2	0	8424	1
q19_2	0	8425	1
q19_2	0	8426	1
q19_2	0	8427	1
q19_2	0	8428	1
q19_2	0	8429	1
q19_2	0	8430	1
q19_2	0	8431	1
q19_2	0	8432	1
q19_2	0	8433	1
q19_3	0	15	1
q19_3	0	17	2
q19_3	0	14	1
q19_3	0	19	3
q19_3	0	16	2
q19_3	0	4770	0
q19_3	0	4771	0
q19_3	0	4772	0
q19_3	0	4773	0
q19_3	0	4774	0
q19_3	0	4775	0
q19_3	0	4776	0
q19_3	0	4777	0
q19_3	0	4778	0
q19_3	0	4779	0
q19_3	0	4780	0
q19_3	0	4781	0
q19_3	0	4782	0
q19_3	0	4783	0
q19_3	0	4784	0
q19_4	0	7371	1
q19_4	0	11049	0
q19_4	0	11050	1
q19_4	0	11051	0
q19_4	0	11052	0
q19_4	0	11053	0
q19_4	0	11054	1
q19_4	0	11055	0
q19_4	0	11056	0
q19_4	0	11057	2
q19_4	0	11058	2
q19_4	0	11647	1
q19_4	0	14067	2
q19_4	0	14068	2
q19_4	0	14069	2
q19_4	0	14070	2
q19_4	0	16074	0
q19_4	0	16075	1
q19_4	0	16076	1
q19_4	0	16077	1
q19_5	0	1761	3
q19_5	0	1762	2
q19_5	0	1763	2
q19_5	0	1764	3
q19_5	0	1765	2
q19_5	0	1766	2
q19_5	0	1767	3
q19_5	0	1768	3
q19_5	0	1769	3
q19_5	0	2704	2
q19_5	0	2705	2
q19_5	0	2706	2
q19_5	0	2707	2
q19_5	0	2708	2
q19_5	0	2709	2
q19_5	0	2710	2
q19_5	0	2711	1
q19_5	0	2712	1
q19_5	0	2713	2
q19_5	0	2714	2
q20_1	0	32976	1
q20_1	0	2989	0
q20_1	0	2990	1
q20_1	0	2991	0
q20_1	0	2992	1
q20_1	0	32977	1
q20_1	0	32978	2
q20_1	0	32979	1
q20_1	0	32980	1
q20_1	0	32981	1
q20_1	0	32982	1
q20_1	0	32983	1
q20_1	0	32984	1
q20_1	0	32985	1
q20_1	0	32986	1
q20_1	0	32987	1
q20_1	0	32988	1
q20_1	0	32989	1
q20_1	0	32990	1
q20_1	0	32991	1
q20_2	0	13816	1
q20_2	0	13817	0
q20_2	0	13818	0
q20_2	0	13819	0
q20_2	0	13820	0
q20_2	0	13821	1
q20_2	0	32245	1
q20_2	0	32246	1
q20_2	0	32247	0
q20_2	0	32248	1
q20_2	0	8460	1
q20_2	0	8461	1
q20_2	0	8462	1
q20_2	0	3833	0
q20_2	0	3834	0
q20_2	0	3835	1
q20_2	0	3836	1
q20_2	0	3837	1
q20_2	0	3838	1
q20_2	0	3839	1
q20_3	0	14991	0
q20_3	0	14992	0
q20_3	0	14993	0
q20_3	0	14994	0
q20_3	0	14995	0
q20_3	0	14996	0
q20_3	0	14997	0
q20_3	0	14998	0
q20_3	0	14999	0
q20_3	0	15000	0
q20_3	0	15001	0
q20_3	0	15002	0
q20_3	0	15003	0
q20_3	0	15004	0
q20_3	0	15005	0
q20_3	0	15006	0
q20_3	0	15007	0
q20_3	0	15008	0
q20_3	0	15009	0
q20_3	0	15010	0
q20_4	0	15015	0
q20_4	0	15016	0
q20_4	0	15017	0
q20_4	0	15018	1
q20_4	0	15215	0
q20_4	0	15216	0
q20_4	0	15217	0
q20_4	0	15218	0
q20_4	0	15219	0
q20_4	0	15220	0
q20_4	0	15221	0
q20_4	0	15222	0
q20_4	0	15223	1
q20_4	0	19458	0
q20_4	0	3487	0
q20_4	0	15020	0
q20_4	0	15021	0
q20_4	0	15022	0
q20_4	0	15023	0
q20_4	0	15024	0
q20_5	0	27580	1
q20_5	0	8460	1
q20_5	0	8461	1
q20_5	0	8462	1
q20_5	0	3833	1
q20_5	0	3834	1
q20_5	0	3835	1
q20_5	0	3836	1
q20_5	0	3837	0
q20_5	0	3838	1
q20_5	0	3839	1
q20_5	0	3840	1
q20_5	0	3841	1
q20_5	0	3842	0
q20_5	0	3843	0
q20_5	0	3844	0
q20_5	0	3845	1
q20_5	0	3846	1
q20_5	0	3847	1
q20_5	0	3848	1
q21_1	0	14412	2
q21_1	0	14413	1
q21_1	0	14414	2
q21_1	0	14415	2
q21_1	0	32137	1
q21_1	0	21	3
q21_1	0	34663	2
q21_1	0	18530	2
q21_1	0	34643	1
q21_1	0	34692	1
q21_1	0	34693	0
q21_1	0	34694	1
q21_1	0	34695	1
q21_1	0	34696	1
q21_1	0	34697	1
q21_1	0	34698	1
q21_1	0	16675	1
q21_1	0	23782	0
q21_1	0	18549	1
q21_1	0	18535	1
q21_2	0	9913	0
q21_2	0	12562	1
q21_2	0	25573	1
q21_2	0	25574	1
q21_2	0	25575	0
q21_2	0	25576	1
q21_2	0	25577	1
q21_2	0	25578	0
q21_2	0	25579	1
q21_2	0	25580	1
q21_2	0	25581	1
q21_2	0	25582	0
q21_2	0	25583	0
q21_2	0	25584	1
q21_2	0	25585	1
q21_2	0	25586	0
q21_2	0	25587	0
q21_2	0	25588	1
q21_2	0	25589	1
q21_2	0	25590	1
q21_3	0	29745	1
q21_3	0	33773	0
q21_3	0	33774	1
q21_3	0	33775	0
q21_3	0	33776	0
q21_3	0	33777	0
q21_3	0	33778	0
q21_3	0	33779	0
q21_3	0	33780	0
q21_3	0	5390	0
q21_3	0	10074	0
q21_3	0	14	3
q21_3	0	15	3
q21_3	0	16	3
q21_3	0	17	3
q21_3	0	18	3
q21_3	0	19	3
q21_3	0	20	3
q21_3	0	21	3
q21_3	0	22	3
q21_4	0	28650	1
q21_4	0	30316	1
q21_4	0	27580	0
q21_4	0	2777	1
q21_4	0	7023	2
q21_4	0	21830	2
q21_4	0	14569	0
q21_4	0	14570	0
q21_4	0	14571	0
q21_4	0	14572	0
q21_4	0	14573	0
q21_4	0	14574	0
q21_4	0	18070	0
q21_4	0	34336	0
q21_4	0	14526	0
q21_4	0	14527	0
q21_4	0	14528	0
q21_4	0	14529	0
q21_4	0	14530	0
q21_4	0	14531	0
q21_5	0	23332	1
q21_5	0	23333	1
q21_5	0	23334	1
q21_5	0	23335	1
q21_5	0	23336	1
q21_5	0	23337	1
q21_5	0	23368	1
q21_5	0	23338	1
q21_5	0	23339	1
q21_5	0	25610	1
q21_5	0	25611	1
q21_5	0	25612	1
q21_5	0	25613	1
q21_5	0	25614	1
q21_5	0	25615	1
q21_5	0	25616	1
q21_5	0	25617	1
q21_5	0	25618	1
q21_5	0	25619	1
q21_5	0	25620	1
q22_1	0	3360	2
q22_1	0	3361	1
q22_1	0	3362	1
q22_1	0	3363	1
q22_1	0	3364	2
q22_1	0	3365	1
q22_1	0	3366	1
q22_1	0	3367	1
q22_1	0	3415	1
q22_1	0	3416	1
q22_1	0	3417	1
q22_1	0	3418	1
q22_1	0	3419	1
q22_1	0	3368	3
q22_1	0	3369	1
q22_1	0	3370	2
q22_1	0	3371	2
q22_1	0	3372	2
q22_1	0	3373	2
q22_1	0	3374	2
q22_2	0	21540	1
q22_2	0	21541	1
q22_2	0	21542	1
q22_2	0	21543	1
q22_2	0	21544	1
q22_2	0	21545	1
q22_2	0	21546	1
q22_2	0	21547	1
q22_2	0	21548	1
q22_2	0	21549	1
q22_2	0	21550	2
q22_2	0	21551	1
q22_2	0	21552	1
q22_2	0	21553	1
q22_2	0	21554	1
q22_2	0	28517	1
q22_2	0	31233	2
q22_2	0	31234	1
q22_2	0	31235	1
q22_2	0	31236	1
q22_3	0	11098	0
q22_3	0	22	3
q22_3	0	34858	1
q22_3	0	3757	1
q22_3	0	34246	1
q22_3	0	9902	0
q22_3	0	10214	0
q22_3	0	2390	1
q22_3	0	7232	0
q22_3	0	11187	1
q22_3	0	28465	0
q22_3	0	2707	1
q22_3	0	542	1
q22_3	0	14991	0
q22_3	0	14992	0
q22_3	0	14993	0
q22_3	0	14994	0
q22_3	0	14995	0
q22_3	0	14996	0
q22_3	0	14997	0
q22_4	0	87	1
q22_4	0	88	1
q22_4	0	89	1
q22_4	0	90	1
q22_4	0	91	1
q22_4	0	12472	1
q22_4	0	29481	1
q22_4	0	6602	1
q22_4	0	28495	1
q22_4	0	1368	0
q22_4	0	23	2
q22_4	0	34023	1
q22_4	0	34281	1
q22_4	0	5236	1
q22_4	0	12066	0
q22_4	0	1369	0
q22_4	0	14569	0
q22_4	0	14570	0
q22_4	0	14571	0
q22_4	0	14572	0
q22_5	0	3360	3
q22_5	0	3361	1
q22_5	0	3362	2
q22_5	0	3363	1
q22_5	0	3364	3
q22_5	0	3365	2
q22_5	0	3366	1
q22_5	0	3367	2
q22_5	0	3415	2
q22_5	0	3416	1
q22_5	0	3417	2
q22_5	0	3418	2
q22_5	0	3419	2
q22_5	0	22	3
q22_5	0	3368	2
q22_5	0	3369	2
q22_5	0	3370	1
q22_5	0	3371	2
q22_5	0	3372	2
q22_5	0	3373	2
q23_1	0	14042	1
q23_1	0	14043	1
q23_1	0	14044	1
q23_1	0	14045	1
q23_1	0	14046	1
q23_1	0	14047	1
q23_1	0	14048	1
q23_1	0	14049	1
q23_1	0	25024	1
q23_1	0	25025	1
q23_1	0	25026	1
q23_1	0	28846	1
q23_1	0	34590	2
q23_1	0	34591	1
q23_1	0	34592	1
q23_1	0	34593	1
q23_1	0	34594	2
q23_1	0	34595	1
q23_1	0	331	1
q23_1	0	28950	1
q23_2	0	14	3
q23_2	0	15	3
q23_2	0	16	3
q23_2	0	17	3
q23_2	0	18	3
q23_2	0	19	3
q23_2	0	20	3
q23_2	0	21	3
q23_2	0	22	3
q23_2	0	23	3
q23_2	0	24	3
q23_2	0	25	3
q23_2	0	26	3
q23_2	0	27	3
q23_2	0	28	3
q23_2	0	29	3
q23_2	0	30	3
q23_2	0	31	3
q23_2	0	33079	1
q23_2	0	33080	1
q23_3	0	87	2
q23_3	0	88	1
q23_3	0	89	2
q23_3	0	90	2
q23_3	0	91	2
q23_3	0	9951	1
q23_3	0	9952	1
q23_3	0	9953	1
q23_3	0	9954	1
q23_3	0	9955	1
q23_3	0	12472	2
q23_3	0	23629	1
q23_3	0	16275	1
q23_3	0	23	3
q23_3	0	14067	1
q23_3	0	14068	1
q23_3	0	14069	1
q23_3	0	14070	1
q23_3	0	19480	0
q23_3	0	19481	1
q23_4	0	23718	1
q23_4	0	23719	1
q23_4	0	23720	1
q23_4	0	23721	1
q23_4	0	22958	1
q23_4	0	23666	1
q23_4	0	23667	1
q23_4	0	23668	1
q23_4	0	23669	1
q23_4	0	23670	1
q23_4	0	23671	1
q23_4	0	23672	1
q23_4	0	23673	1
q23_4	0	23674	1
q23_4	0	23675	1
q23_4	0	23676	1
q23_4	0	23677	1
q23_4	0	23678	1
q23_4	0	23679	1
q23_4	0	23680	1
q23_5	0	29791	3
q23_5	0	30820	3
q23_5	0	34706	1
q23_5	0	34707	1
q23_5	0	34708	1
q23_5	0	34709	1
q23_5	0	34710	1
q23_5	0	34711	1
q23_5	0	34712	1
q23_5	0	30280	3
q23_5	0	30821	3
q23_5	0	29790	3
q23_5	0	16958	0
q23_5	0	34613	3
q23_5	0	34614	0
q23_5	0	34883	0
q23_5	0	34884	1
q23_5	0	16960	1
q23_5	0	16961	1
q23_5	0	16962	1
q24_1	0	32801	2
q24_1	0	32802	2
q24_1	0	32803	2
q24_1	0	32804	2
q24_1	0	7511	2
q24_1	0	32240	2
q24_1	0	33053	1
q24_1	0	33054	1
q24_1	0	25523	0
q24_1	0	8460	1
q24_1	0	8461	1
q24_1	0	8462	1
q24_1	0	3833	1
q24_1	0	3834	1
q24_1	0	3835	2
q24_1	0	3836	1
q24_1	0	3837	1
q24_1	0	3838	1
q24_1	0	3839	1
q24_1	0	3840	1
q24_2	0	26010	0
q24_2	0	11215	3
q24_2	0	11216	3
q24_2	0	11217	3
q24_2	0	11218	3
q24_2	0	11219	3
q24_2	0	10371	0
q24_2	0	11159	0
q24_2	0	11160	0
q24_2	0	11161	0
q24_2	0	11162	0
q24_2	0	11163	1
q24_2	0	11164	1
q24_2	0	11165	1
q24_2	0	11166	1
q24_2	0	11153	0
q24_2	0	11154	0
q24_2	0	11155	0
q24_2	0	11156	1
q24_2	0	11157	0
q24_3	0	11098	0
q24_3	0	24	3
q24_3	0	8280	0
q24_3	0	10348	0
q24_3	0	10360	0
q24_3	0	7850	0
q24_3	0	22637	0
q24_3	0	18105	0
q24_3	0	19541	0
q24_3	0	259	1
q24_3	0	30883	0
q24_3	0	31492	0
q24_3	0	31520	1
q24_3	0	33092	0
q24_3	0	33105	0
q24_3	0	33124	1
q24_3	0	33306	0
q24_3	0	33430	1
q24_3	0	33582	0
q24_3	0	33617	0
q24_4	0	30934	3
q24_4	0	27026	3
q24_4	0	27025	3
q24_4	0	22637	0
q24_4	0	33248	0
q24_4	0	14569	0
q24_4	0	14570	0
q24_4	0	14571	0
q24_4	0	14572	0
q24_4	0	14573	0
q24_4	0	14574	0
q24_4	0	18070	0
q24_4	0	10457	0
q24_4	0	14526	0
q24_4	0	14527	0
q24_4	0	14528	0
q24_4	0	14529	0
q24_4	0	14530	0
q24_4	0	14531	0
q24_4	0	10374	0
q24_5	0	29745	1
q24_5	0	22727	1
q24_5	0	5390	0
q24_5	0	15326	0
q24_5	0	32689	1
q24_5	0	32690	1
q24_5	0	22722	1
q24_5	0	22723	1
q24_5	0	8409	0
q24_5	0	10050	0
q24_5	0	10051	0
q24_5	0	10052	0
q24_5	0	10053	0
q24_5	0	10054	0
q24_5	0	5713	0
q24_5	0	17123	0
q24_5	0	17124	0
q24_5	0	17125	0
q24_5	0	22626	0
q24_5	0	22627	0
q25_1	0	32838	0
q25_1	0	8477	0
q25_1	0	8478	0
q25_1	0	8479	0
q25_1	0	8480	0
q25_1	0	8481	0
q25_1	0	3527	0
q25_1	0	3528	0
q25_1	0	17262	1
q25_1	0	17263	0
q25_1	0	10159	1
q25_1	0	10160	1
q25_1	0	10161	1
q25_1	0	10162	1
q25_1	0	10163	1
q25_1	0	10164	1
q25_1	0	10165	1
q25_1	0	10166	1
q25_1	0	8483	0
q25_1	0	29833	1
q25_2	0	11802	1
q25_2	0	11803	1
q25_2	0	11804	1
q25_2	0	11805	1
q25_2	0	11806	0
q25_2	0	11807	1
q25_2	0	11808	1
q25_2	0	11809	1
q25_2	0	11810	1
q25_2	0	11811	0
q25_2	0	11812	1
q25_2	0	11813	1
q25_2	0	11814	1
q25_2	0	11815	1
q25_2	0	11816	1
q25_2	0	11817	1
q25_2	0	11818	0
q25_2	0	11819	0
q25_2	0	11820	1
q25_2	0	11821	0
q25_3	0	10057	1
q25_3	0	14959	1
q25_3	0	14960	1
q25_3	0	14961	1
q25_3	0	14962	1
q25_3	0	14963	1
q25_3	0	14964	1
q25_3	0	14965	1
q25_3	0	14966	0
q25_3	0	14967	1
q25_3	0	14968	1
q25_3	0	10070	1
q25_3	0	19451	1
q25_3	0	19452	1
q25_3	0	5390	0
q25_3	0	15326	1
q25_3	0	32689	0
q25_3	0	32690	0
q25_3	0	10056	1
q25_3	0	8409	0
q25_4	0	14991	0
q25_4	0	14992	0
q25_4	0	14993	0
q25_4	0	14994	0
q25_4	0	14995	0
q25_4	0	14996	0
q25_4	0	14997	0
q25_4	0	14998	0
q25_4	0	14999	0
q25_4	0	15000	0
q25_4	0	15001	0
q25_4	0	15002	0
q25_4	0	15003	0
q25_4	0	15004	0
q25_4	0	15005	0
q25_4	0	15006	0
q25_4	0	15007	0
q25_4	0	15008	0
q25_4	0	15009	0
q25_4	0	15010	0
q25_5	0	8503	1
q25_5	0	17045	2
q25_5	0	17046	2
q25_5	0	25	3
q25_5	0	20976	3
q25_5	0	17304	0
q25_5	0	32873	2
q25_5	0	14569	0
q25_5	0	14570	0
q25_5	0	14571	0
q25_5	0	14572	0
q25_5	0	14573	1
q25_5	0	14574	0
q25_5	0	18070	1
q25_5	0	14526	0
q25_5	0	14527	1
q25_5	0	14528	1
q25_5	0	14529	0
q25_5	0	14530	0
q25_5	0	14531	0
q26_1	0	7371	0
q26_1	0	11049	0
q26_1	0	11050	0
q26_1	0	11051	0
q26_1	0	11052	0
q26_1	0	11053	0
q26_1	0	11054	0
q26_1	0	11055	0
q26_1	0	11056	0
q26_1	0	11057	0
q26_1	0	11058	0
q26_1	0	11647	0
q26_1	0	23790	0
q26_1	0	23791	1
q26_1	0	23792	0
q26_1	0	23793	0
q26_1	0	16074	0
q26_1	0	16075	0
q26_1	0	16076	0
q26_1	0	16077	0
q26_2	0	32801	1
q26_2	0	32802	1
q26_2	0	32803	1
q26_2	0	32804	1
q26_2	0	4857	1
q26_2	0	4858	2
q26_2	0	4924	1
q26_2	0	4925	1
q26_2	0	4926	1
q26_2	0	4927	1
q26_2	0	4928	1
q26_2	0	14569	1
q26_2	0	14570	1
q26_2	0	14571	1
q26_2	0	14572	1
q26_2	0	14573	1
q26_2	0	14574	1
q26_2	0	16072	1
q26_2	0	7511	1
q26_2	0	32240	2
q26_3	0	34275	2
q26_3	0	19427	1
q26_3	0	19429	1
q26_3	0	24097	1
q26_3	0	6832	1
q26_3	0	34940	1
q26_3	0	24096	1
q26_3	0	21401	2
q26_3	0	15829	2
q26_3	0	22255	1
q26_3	0	22256	1
q26_3	0	6855	1
q26_3	0	6856	1
q26_3	0	18928	1
q26_3	0	19431	1
q26_3	0	13800	1
q26_3	0	6611	1
q26_3	0	21687	1
q26_3	0	1378	1
q26_3	0	34883	0
q26_4	0	4669	3
q26_4	0	11398	3
q26_4	0	31212	3
q26_4	0	31213	3
q26_4	0	31214	3
q26_4	0	31215	3
q26_4	0	31216	3
q26_4	0	22266	3
q26_4	0	15015	1
q26_4	0	15016	1
q26_4	0	15017	1
q26_4	0	15018	2
q26_4	0	15215	1
q26_4	0	15216	1
q26_4	0	15217	1
q26_4	0	15218	1
q26_4	0	15219	1
q26_4	0	15220	1
q26_4	0	15221	0
q26_4	0	15222	1
q26_5	0	32801	2
q26_5	0	32802	1
q26_5	0	32803	1
q26_5	0	32804	1
q26_5	0	4857	1
q26_5	0	4858	1
q26_5	0	4924	1
q26_5	0	4925	1
q26_5	0	4926	1
q26_5	0	4927	1
q26_5	0	4928	1
q26_5	0	14569	1
q26_5	0	14570	1
q26_5	0	14571	1
q26_5	0	14572	1
q26_5	0	14573	1
q26_5	0	14574	1
q26_5	0	16072	1
q26_5	0	7511	1
q26_5	0	32240	1
q27_1	0	23332	0
q27_1	0	23333	0
q27_1	0	23334	0
q27_1	0	23335	0
q27_1	0	23336	0
q27_1	0	23337	0
q27_1	0	23338	0
q27_1	0	23339	0
q27_1	0	2989	0
q27_1	0	2990	1
q27_1	0	2991	0
q27_1	0	2992	1
q27_1	0	7371	0
q27_1	0	11049	0
q27_1	0	11050	1
q27_1	0	11051	0
q27_1	0	11052	0
q27_1	0	11053	0
q27_1	0	11054	1
q27_1	0	11055	0
q27_2	0	2955	2
q27_2	0	23374	1
q27_2	0	4929	0
q27_2	0	4930	0
q27_2	0	4931	0
q27_2	0	4932	0
q27_2	0	4933	0
q27_2	0	4934	0
q27_2	0	4935	0
q27_2	0	4936	0
q27_2	0	4937	0
q27_2	0	4938	1
q27_2	0	4939	0
q27_2	0	4940	0
q27_2	0	4941	0
q27_2	0	4942	0
q27_2	0	4943	1
q27_2	0	4944	0
q27_2	0	4945	0
q27_2	0	4946	0
q27_3	0	12808	1
q27_3	0	12809	2
q27_3	0	12810	1
q27_3	0	12811	2
q27_3	0	12812	2
q27_3	0	12813	1
q27_3	0	12814	1
q27_3	0	12815	1
q27_3	0	12816	1
q27_3	0	12817	1
q27_3	0	12818	2
q27_3	0	32806	1
q27_3	0	32807	1
q27_3	0	32808	1
q27_3	0	12793	1
q27_3	0	12794	1
q27_3	0	12795	1
q27_3	0	12796	1
q27_3	0	12797	1
q27_3	0	12798	1
q27_4	0	11098	0
q27_4	0	16639	0
q27_4	0	16640	0
q27_4	0	16641	0
q27_4	0	16642	0
q27_4	0	16643	0
q27_4	0	8849	0
q27_4	0	14991	0
q27_4	0	14992	0
q27_4	0	14993	0
q27_4	0	14994	0
q27_4	0	14995	0
q27_4	0	14996	0
q27_4	0	14997	0
q27_4	0	14998	0
q27_4	0	14999	0
q27_4	0	15000	0
q27_4	0	15001	0
q27_4	0	15002	0
q27_4	0	15003	0
q27_5	0	27	2
q27_5	0	23568	0
q27_5	0	23569	0
q27_5	0	23570	0
q27_5	0	23571	0
q27_5	0	23572	0
q27_5	0	23573	0
q27_5	0	23574	0
q27_5	0	13481	1
q27_5	0	13495	2
q27_5	0	13496	1
q27_5	0	11641	1
q27_5	0	13472	1
q27_5	0	13473	1
q27_5	0	14067	2
q27_5	0	14068	1
q27_5	0	14069	0
q27_5	0	14070	1
q27_5	0	19480	0
q27_5	0	19481	0
q28_1	0	3318	1
q28_1	0	3319	1
q28_1	0	3320	1
q28_1	0	3321	1
q28_1	0	3322	1
q28_1	0	2704	1
q28_1	0	2705	1
q28_1	0	2706	1
q28_1	0	2707	1
q28_1	0	2708	1
q28_1	0	2709	2
q28_1	0	2710	1
q28_1	0	2711	1
q28_1	0	2712	1
q28_1	0	2713	1
q28_1	0	2714	1
q28_1	0	2715	2
q28_1	0	2716	1
q28_1	0	2717	1
q28_1	0	2718	1
q28_2	0	11098	0
q28_2	0	30892	0
q28_2	0	16634	0
q28_2	0	16635	0
q28_2	0	16636	0
q28_2	0	16637	0
q28_2	0	16638	0
q28_2	0	34691	0
q28_2	0	9719	0
q28_2	0	28	3
q28_2	0	9635	0
q28_2	0	14991	0
q28_2	0	14992	0
q28_2	0	14993	0
q28_2	0	14994	0
q28_2	0	14995	0
q28_2	0	14996	0
q28_2	0	14997	0
q28_2	0	14998	0
q28_2	0	14999	0
q28_3	0	12844	2
q28_3	0	1745	1
q28_3	0	12855	2
q28_3	0	23590	2
q28_3	0	8965	1
q28_3	0	15021	1
q28_3	0	11915	2
q28_3	0	11917	2
q28_3	0	11922	1
q28_3	0	11924	1
q28_3	0	11928	1
q28_3	0	12336	2
q28_3	0	31550	1
q28_3	0	11920	2
q28_3	0	33159	1
q28_3	0	33161	2
q28_3	0	33163	2
q28_3	0	33164	1
q28_3	0	33440	2
q28_3	0	23593	2
q28_4	0	3120	1
q28_4	0	3121	1
q28_4	0	3122	1
q28_4	0	3123	1
q28_4	0	13995	2
q28_4	0	9913	0
q28_4	0	3103	1
q28_4	0	3104	1
q28_4	0	3105	1
q28_4	0	3106	1
q28_4	0	3107	2
q28_4	0	3108	1
q28_4	0	3109	2
q28_4	0	3110	2
q28_4	0	3111	2
q28_4	0	3112	1
q28_4	0	3113	1
q28_4	0	3114	1
q28_4	0	3115	1
q28_4	0	3116	1
q28_5	0	16276	1
q28_5	0	16277	2
q28_5	0	16278	2
q28_5	0	16279	2
q28_5	0	16280	1
q28_5	0	16281	2
q28_5	0	16282	2
q28_5	0	16283	2
q28_5	0	16284	2
q28_5	0	16285	2
q28_5	0	16286	2
q28_5	0	16287	2
q28_5	0	16288	2
q28_5	0	16289	2
q28_5	0	16290	2
q28_5	0	16291	2
q28_5	0	16292	2
q28_5	0	16293	2
q28_5	0	16294	2
q28_5	0	16295	2
q29_1	0	3360	2
q29_1	0	3361	1
q29_1	0	3362	1
q29_1	0	3363	1
q29_1	0	3364	2
q29_1	0	3365	1
q29_1	0	3366	1
q29_1	0	3367	1
q29_1	0	3415	1
q29_1	0	3416	1
q29_1	0	3417	1
q29_1	0	3418	1
q29_1	0	3419	1
q29_1	0	3368	1
q29_1	0	3369	1
q29_1	0	3370	1
q29_1	0	3371	1
q29_1	0	3372	1
q29_1	0	3373	1
q29_1	0	3374	1
q29_2	0	10371	1
q29_2	0	10234	1
q29_2	0	10159	1
q29_2	0	10160	1
q29_2	0	10161	1
q29_2	0	10162	1
q29_2	0	10163	1
q29_2	0	10164	1
q29_2	0	10165	1
q29_2	0	10166	1
q29_2	0	11159	0
q29_2	0	11160	1
q29_2	0	11161	1
q29_2	0	11162	1
q29_2	0	11163	1
q29_2	0	11164	1
q29_2	0	11165	1
q29_2	0	11166	1
q29_2	0	29	3
q29_2	0	10167	1
q29_3	0	5131	1
q29_3	0	33926	1
q29_3	0	33773	0
q29_3	0	33774	1
q29_3	0	33775	0
q29_3	0	33776	0
q29_3	0	33777	0
q29_3	0	33778	0
q29_3	0	33779	0
q29_3	0	33780	0
q29_3	0	19954	1
q29_3	0	5390	0
q29_3	0	24888	0
q29_3	0	10074	0
q29_3	0	10661	0
q29_3	0	2510	1
q29_3	0	5304	1
q29_3	0	5809	1
q29_3	0	15705	1
q29_3	0	18500	1
q29_4	0	4699	1
q29_4	0	8408	0
q29_4	0	20784	1
q29_4	0	20785	0
q29_4	0	20786	0
q29_4	0	9765	1
q29_4	0	9766	1
q29_4	0	11521	0
q29_4	0	11522	0
q29_4	0	11523	0
q29_4	0	1310	0
q29_4	0	1311	0
q29_4	0	23209	1
q29_4	0	23210	1
q29_4	0	24158	0
q29_4	0	28669	0
q29_4	0	28670	0
q29_4	0	26602	0
q29_4	0	26603	1
q29_4	0	29793	1
q29_5	0	11098	0
q29_5	0	17020	0
q29_5	0	17021	0
q29_5	0	29964	0
q29_5	0	29965	0
q29_5	0	29966	0
q29_5	0	29967	0
q29_5	0	29968	0
q29_5	0	29969	0
q29_5	0	29970	0
q29_5	0	29971	0
q29_5	0	29	3
q29_5	0	13501	0
q29_5	0	13965	0
q29_5	0	13966	0
q29_5	0	13967	0
q29_5	0	13968	0
q29_5	0	13969	0
q29_5	0	13970	0
q29_5	0	13971	0
q30_1	0	2989	0
q30_1	0	2990	0
q30_1	0	2991	0
q30_1	0	2992	1
q30_1	0	34265	1
q30_1	0	29710	1
q30_1	0	29711	1
q30_1	0	29712	1
q30_1	0	29713	1
q30_1	0	29714	1
q30_1	0	29715	1
q30_1	0	29716	1
q30_1	0	29717	1
q30_1	0	29718	1
q30_1	0	29719	1
q30_1	0	29745	1
q30_1	0	10062	1
q30_1	0	10063	1
q30_1	0	10064	2
q30_1	0	29720	1
q30_2	0	14042	1
q30_2	0	14043	1
q30_2	0	14044	1
q30_2	0	14045	1
q30_2	0	14046	1
q30_2	0	14047	1
q30_2	0	14048	1
q30_2	0	14049	1
q30_2	0	25024	1
q30_2	0	25025	1
q30_2	0	25026	1
q30_2	0	28846	1
q30_2	0	34590	1
q30_2	0	34591	1
q30_2	0	34592	1
q30_2	0	34593	1
q30_2	0	34594	1
q30_2	0	34595	1
q30_2	0	28950	1
q30_2	0	30	3
q30_3	0	5131	0
q30_3	0	2510	0
q30_3	0	5304	0
q30_3	0	5809	1
q30_3	0	15705	0
q30_3	0	18500	0
q30_3	0	30250	1
q30_3	0	24888	0
q30_3	0	4929	1
q30_3	0	4930	1
q30_3	0	4931	1
q30_3	0	4932	0
q30_3	0	4933	1
q30_3	0	4934	1
q30_3	0	4935	1
q30_3	0	4936	1
q30_3	0	4937	1
q30_3	0	4938	1
q30_3	0	4939	1
q30_3	0	4940	1
q30_4	0	7371	0
q30_4	0	11049	0
q30_4	0	11050	0
q30_4	0	11051	0
q30_4	0	11052	0
q30_4	0	11053	0
q30_4	0	11054	1
q30_4	0	11055	0
q30_4	0	11056	0
q30_4	0	11057	1
q30_4	0	11058	1
q30_4	0	11647	1
q30_4	0	16074	0
q30_4	0	16075	1
q30_4	0	16076	1
q30_4	0	16077	1
q30_4	0	16078	1
q30_4	0	16079	0
q30_4	0	16080	0
q30_4	0	16081	1
q30_5	0	34349	2
q30_5	0	34350	2
q30_5	0	16267	0
q30_5	0	30	3
q30_5	0	3843	0
q30_5	0	1670	3
q30_5	0	30571	2
q30_5	0	20004	1
q30_5	0	17989	1
q30_5	0	30500	2
q30_5	0	30502	1
q30_5	0	467	1
q30_5	0	14153	1
q30_5	0	30567	1
q30_5	0	20215	1
q30_5	0	34361	1
q30_5	0	30578	2
q30_5	0	33038	1
q30_5	0	30579	1
q30_5	0	32287	2
q31_1	0	11647	1
q31_1	0	7371	0
q31_1	0	11049	0
q31_1	0	11050	0
q31_1	0	11051	0
q31_1	0	11052	0
q31_1	0	11053	0
q31_1	0	11054	0
q31_1	0	11055	0
q31_1	0	11056	0
q31_1	0	11057	1
q31_1	0	11058	1
q31_1	0	16074	1
q31_1	0	16075	0
q31_1	0	16076	1
q31_1	0	16077	0
q31_1	0	16078	0
q31_1	0	16079	0
q31_1	0	16080	0
q31_1	0	16081	0
q31_2	0	2704	3
q31_2	0	2705	3
q31_2	0	2706	2
q31_2	0	2707	2
q31_2	0	2708	3
q31_2	0	2709	3
q31_2	0	2710	3
q31_2	0	2711	2
q31_2	0	2712	3
q31_2	0	2713	2
q31_2	0	2714	2
q31_2	0	2715	3
q31_2	0	2716	3
q31_2	0	2717	3
q31_2	0	2718	3
q31_2	0	2719	3
q31_2	0	34345	2
q31_2	0	34346	2
q31_2	0	34347	2
q31_2	0	34348	2
q31_3	0	10747	1
q31_3	0	10748	1
q31_3	0	10749	1
q31_3	0	10750	1
q31_3	0	29745	1
q31_3	0	5390	0
q31_3	0	15326	0
q31_3	0	32689	1
q31_3	0	32690	1
q31_3	0	8409	0
q31_3	0	10050	0
q31_3	0	10051	0
q31_3	0	10052	0
q31_3	0	10053	1
q31_3	0	10054	1
q31_3	0	5713	0
q31_3	0	17123	0
q31_3	0	17124	0
q31_3	0	17125	0
q31_3	0	22626	0
q31_4	0	6602	2
q31_4	0	28495	2
q31_4	0	4708	2
q31_4	0	15866	2
q31_4	0	19413	2
q31_4	0	29481	2
q31_4	0	4709	2
q31_4	0	17827	2
q31_4	0	19209	1
q31_4	0	28427	2
q31_4	0	19410	2
q31_4	0	23854	1
q31_4	0	15845	2
q31_4	0	29980	2
q31_4	0	2566	2
q31_4	0	34845	1
q31_4	0	34846	1
q31_4	0	2726	1
q31_4	0	23496	2
q31_4	0	29159	2
q31_5	0	543	1
q31_5	0	1761	2
q31_5	0	1762	1
q31_5	0	1763	1
q31_5	0	1764	1
q31_5	0	1765	2
q31_5	0	1766	1
q31_5	0	1767	1
q31_5	0	1768	1
q31_5	0	1769	2
q31_5	0	2704	2
q31_5	0	2705	1
q31_5	0	2706	2
q31_5	0	2707	1
q31_5	0	2708	2
q31_5	0	2709	1
q31_5	0	2710	2
q31_5	0	2711	1
q31_5	0	2712	1
q31_5	0	2713	1
q32_1	0	32	3
q32_1	0	33133	2
q32_1	0	33134	3
q32_1	0	33135	1
q32_1	0	33136	2
q32_1	0	33137	2
q32_1	0	19997	3
q32_1	0	33859	2
q32_1	0	15326	0
q32_1	0	17123	1
q32_1	0	17124	0
q32_1	0	17125	0
q32_1	0	16588	0
q32_1	0	16589	0
q32_1	0	16590	0
q32_1	0	16591	0
q32_1	0	16592	0
q32_1	0	16593	0
q32_1	0	16594	0
q32_1	0	16595	0
q32_2	0	32	3
q32_2	0	33133	1
q32_2	0	33134	1
q32_2	0	33135	1
q32_2	0	33136	1
q32_2	0	33137	1
q32_2	0	19997	1
q32_2	0	33859	1
q32_2	0	33860	1
q32_2	0	34976	0
q32_2	0	34977	0
q32_2	0	34978	0
q32_2	0	34979	0
q32_2	0	34980	0
q32_2	0	34981	1
q32_2	0	34982	0
q32_2	0	34983	1
q32_2	0	34984	1
q32_2	0	34985	0
q32_2	0	34986	1
q32_3	0	32	3
q32_3	0	33133	1
q32_3	0	33134	1
q32_3	0	33135	1
q32_3	0	33136	1
q32_3	0	33137	1
q32_3	0	19997	1
q32_3	0	33859	2
q32_3	0	33860	1
q32_3	0	32417	2
q32_3	0	8706	1
q32_3	0	26684	0
q32_3	0	14	1
q32_3	0	15	1
q32_3	0	16	1
q32_3	0	17	1
q32_3	0	18	1
q32_3	0	19	1
q32_3	0	20	1
q32_3	0	21	1
q32_4	0	32	3
q32_4	0	33133	2
q32_4	0	33134	3
q32_4	0	33135	2
q32_4	0	33136	3
q32_4	0	33137	3
q32_4	0	24938	0
q32_4	0	24939	0
q32_4	0	24940	0
q32_4	0	24941	0
q32_4	0	24942	0
q32_4	0	15326	0
q32_4	0	19997	3
q32_4	0	17123	2
q32_4	0	17124	1
q32_4	0	17125	1
q32_4	0	14959	0
q32_4	0	14960	0
q32_4	0	14961	0
q32_4	0	14962	0
q32_5	0	34908	1
q32_5	0	34909	1
q32_5	0	34910	1
q32_5	0	34911	1
q32_5	0	34912	1
q32_5	0	34913	1
q32_5	0	34938	0
q32_5	0	34939	1
q32_5	0	34940	1
q32_5	0	34941	1
q32_5	0	34942	1
q32_5	0	34943	1
q32_5	0	34944	0
q32_5	0	34945	1
q32_5	0	34946	1
q32_5	0	34947	1
q32_5	0	34948	1
q32_5	0	34949	1
q32_5	0	34950	1
q32_5	0	34951	0
q33_1	0	16074	0
q33_1	0	16075	1
q33_1	0	16076	1
q33_1	0	16077	0
q33_1	0	16078	0
q33_1	0	16079	0
q33_1	0	16080	0
q33_1	0	16081	0
q33_1	0	16082	0
q33_1	0	16083	1
q33_1	0	16084	0
q33_1	0	16085	1
q33_1	0	16086	1
q33_1	0	16087	0
q33_1	0	16088	0
q33_1	0	16089	1
q33_1	0	16090	1
q33_1	0	16091	1
q33_1	0	16092	1
q33_1	0	16093	1
q33_2	0	21836	1
q33_2	0	21837	1
q33_2	0	21838	1
q33_2	0	21839	1
q33_2	0	22171	1
q33_2	0	22172	1
q33_2	0	22173	1
q33_2	0	22174	1
q33_2	0	22175	1
q33_2	0	22176	1
q33_2	0	22177	1
q33_2	0	22178	1
q33_2	0	22179	1
q33_2	0	22180	1
q33_2	0	22181	1
q33_2	0	22182	1
q33_2	0	22183	1
q33_2	0	22184	1
q33_2	0	22185	1
q33_2	0	22186	1
q33_3	0	27114	0
q33_3	0	10142	0
q33_3	0	34013	1
q33_3	0	4645	0
q33_3	0	4646	0
q33_3	0	4647	0
q33_3	0	4648	0
q33_3	0	4649	0
q33_3	0	4650	0
q33_3	0	4651	0
q33_3	0	4652	0
q33_3	0	4653	0
q33_3	0	4654	0
q33_3	0	4655	0
q33_3	0	4656	0
q33_3	0	4657	0
q33_3	0	4658	0
q33_3	0	4659	0
q33_3	0	4660	0
q33_3	0	4661	0
q33_4	0	2609	2
q33_4	0	18406	1
q33_4	0	10659	0
q33_4	0	26012	1
q33_4	0	31171	0
q33_4	0	31172	0
q33_4	0	31173	0
q33_4	0	28169	1
q33_4	0	22171	1
q33_4	0	22266	1
q33_4	0	33	3
q33_4	0	2869	1
q33_4	0	31922	2
q33_4	0	2625	1
q33_4	0	2700	0
q33_4	0	2701	1
q33_4	0	2702	0
q33_4	0	2703	0
q33_4	0	2868	1
q33_4	0	17038	1
q33_5	0	11662	0
q33_5	0	11663	0
q33_5	0	11664	0
q33_5	0	11665	0
q33_5	0	33070	0
q33_5	0	31543	0
q33_5	0	24247	0
q33_5	0	33660	0
q33_5	0	33	3
q33_5	0	34	3
q33_5	0	35	2
q33_5	0	36	3
q33_5	0	37	2
q33_5	0	38	2
q33_5	0	39	2
q33_5	0	40	2
q33_5	0	41	2
q33_5	0	42	2
q33_5	0	43	2
q33_5	0	44	2
q34_1	0	33660	1
q34_1	0	33	3
q34_1	0	34	3
q34_1	0	35	3
q34_1	0	36	2
q34_1	0	37	1
q34_1	0	38	2
q34_1	0	39	2
q34_1	0	40	3
q34_1	0	41	2
q34_1	0	42	2
q34_1	0	43	2
q34_1	0	44	1
q34_1	0	45	1
q34_1	0	46	1
q34_1	0	47	1
q34_1	0	8949	0
q34_1	0	8950	1
q34_1	0	8951	1
q34_1	0	8952	0
q34_2	0	27114	0
q34_2	0	10142	0
q34_2	0	34013	1
q34_2	0	4645	0
q34_2	0	4646	0
q34_2	0	4647	0
q34_2	0	4648	0
q34_2	0	4649	0
q34_2	0	4650	0
q34_2	0	4651	0
q34_2	0	4652	0
q34_2	0	4653	0
q34_2	0	4654	0
q34_2	0	4655	0
q34_2	0	4656	0
q34_2	0	4657	0
q34_2	0	4658	0
q34_2	0	4659	0
q34_2	0	4660	0
q34_2	0	4661	0
q34_3	0	33660	0
q34_3	0	33	3
q34_3	0	34	3
q34_3	0	35	2
q34_3	0	36	3
q34_3	0	37	2
q34_3	0	38	2
q34_3	0	39	3
q34_3	0	40	2
q34_3	0	41	2
q34_3	0	42	3
q34_3	0	43	2
q34_3	0	44	2
q34_3	0	45	2
q34_3	0	46	2
q34_3	0	47	2
q34_3	0	8949	0
q34_3	0	8950	0
q34_3	0	8951	1
q34_3	0	8952	1
q34_4	0	28667	0
q34_4	0	28668	0
q34_4	0	24558	0
q34_4	0	7371	0
q34_4	0	11049	0
q34_4	0	11050	0
q34_4	0	11051	1
q34_4	0	11052	0
q34_4	0	11053	1
q34_4	0	11054	1
q34_4	0	11055	1
q34_4	0	11056	1
q34_4	0	11057	1
q34_4	0	11058	0
q34_4	0	11647	0
q34_4	0	16074	0
q34_4	0	16075	0
q34_4	0	16076	0
q34_4	0	16077	0
q34_4	0	16078	1
q34_5	0	24114	1
q34_5	0	16618	1
q34_5	0	16619	0
q34_5	0	16620	1
q34_5	0	16621	1
q34_5	0	4947	0
q34_5	0	4948	0
q34_5	0	4949	1
q34_5	0	4950	1
q34_5	0	4951	1
q34_5	0	4952	0
q34_5	0	4953	0
q34_5	0	4954	1
q34_5	0	4955	0
q34_5	0	4956	0
q34_5	0	4957	1
q34_5	0	4958	1
q34_5	0	4959	1
q34_5	0	4960	0
q34_5	0	4961	1
q35_1	0	28163	2
q35_1	0	28164	1
q35_1	0	28165	1
q35_1	0	28166	1
q35_1	0	22171	1
q35_1	0	22172	1
q35_1	0	22173	1
q35_1	0	22174	1
q35_1	0	22175	1
q35_1	0	22176	1
q35_1	0	22177	1
q35_1	0	22178	1
q35_1	0	22179	1
q35_1	0	22180	1
q35_1	0	22181	1
q35_1	0	22182	1
q35_1	0	22183	1
q35_1	0	22184	2
q35_1	0	22185	1
q35_1	0	22186	1
q35_2	0	11098	0
q35_2	0	33	1
q35_2	0	34	2
q35_2	0	35	3
q35_2	0	36	1
q35_2	0	37	1
q35_2	0	33625	0
q35_2	0	33626	0
q35_2	0	33627	0
q35_2	0	33628	0
q35_2	0	33629	0
q35_2	0	33630	0
q35_2	0	33631	0
q35_2	0	33632	0
q35_2	0	33633	0
q35_2	0	33634	0
q35_2	0	33635	0
q35_2	0	33636	0
q35_2	0	33637	1
q35_2	0	33638	0
q35_3	0	21836	1
q35_3	0	21837	1
q35_3	0	21838	1
q35_3	0	21839	1
q35_3	0	16074	0
q35_3	0	16075	0
q35_3	0	16076	0
q35_3	0	16077	1
q35_3	0	16078	1
q35_3	0	16079	0
q35_3	0	16080	0
q35_3	0	16081	0
q35_3	0	16082	0
q35_3	0	16083	0
q35_3	0	16084	1
q35_3	0	16085	1
q35_3	0	16086	1
q35_3	0	16087	1
q35_3	0	16088	0
q35_3	0	16089	1
q35_4	0	5390	0
q35_4	0	33660	0
q35_4	0	33	3
q35_4	0	34	3
q35_4	0	35	3
q35_4	0	36	3
q35_4	0	37	3
q35_4	0	38	1
q35_4	0	39	1
q35_4	0	40	1
q35_4	0	41	1
q35_4	0	42	1
q35_4	0	43	1
q35_4	0	44	1
q35_4	0	45	1
q35_4	0	46	1
q35_4	0	47	1
q35_4	0	15326	0
q35_4	0	32689	0
q35_4	0	32690	0
q35_5	0	22171	1
q35_5	0	22172	1
q35_5	0	22173	2
q35_5	0	22174	1
q35_5	0	22175	1
q35_5	0	22176	1
q35_5	0	22177	1
q35_5	0	22178	1
q35_5	0	22179	1
q35_5	0	22180	1
q35_5	0	22181	1
q35_5	0	22182	1
q35_5	0	22183	1
q35_5	0	22184	1
q35_5	0	22185	1
q35_5	0	22186	2
q35_5	0	22187	1
q35_5	0	22188	1
q35_5	0	22189	1
q35_5	0	22190	1
q36_1	0	11852	1
q36_1	0	22171	2
q36_1	0	22172	1
q36_1	0	22173	1
q36_1	0	22174	1
q36_1	0	22175	1
q36_1	0	22176	1
q36_1	0	22177	1
q36_1	0	22178	1
q36_1	0	22179	1
q36_1	0	22180	2
q36_1	0	22181	1
q36_1	0	22182	1
q36_1	0	22183	1
q36_1	0	22184	2
q36_1	0	22185	2
q36_1	0	22186	1
q36_1	0	22187	2
q36_1	0	22188	1
q36_1	0	22189	1
q36_2	0	11098	0
q36_2	0	5014	0
q36_2	0	5015	0
q36_2	0	5688	0
q36_2	0	5689	0
q36_2	0	5690	0
q36_2	0	5691	0
q36_2	0	5692	0
q36_2	0	5693	0
q36_2	0	5694	0
q36_2	0	19282	0
q36_2	0	9919	0
q36_2	0	9920	0
q36_2	0	9921	0
q36_2	0	9922	0
q36_2	0	9923	0
q36_2	0	29939	0
q36_2	0	29940	0
q36_2	0	29941	0
q36_2	0	29942	0
q36_3	0	5713	0
q36_3	0	11049	0
q36_3	0	11050	1
q36_3	0	11051	1
q36_3	0	11052	0
q36_3	0	11053	0
q36_3	0	11054	1
q36_3	0	11055	1
q36_3	0	11056	1
q36_3	0	11057	2
q36_3	0	11058	2
q36_3	0	10056	1
q36_3	0	10057	1
q36_3	0	14959	1
q36_3	0	14960	1
q36_3	0	14961	1
q36_3	0	14962	0
q36_3	0	14963	1
q36_3	0	14964	1
q36_3	0	14965	1
q36_4	0	22171	1
q36_4	0	22172	1
q36_4	0	22173	1
q36_4	0	22174	1
q36_4	0	22175	1
q36_4	0	22176	2
q36_4	0	22177	1
q36_4	0	22178	1
q36_4	0	22179	2
q36_4	0	22180	2
q36_4	0	22181	2
q36_4	0	22182	1
q36_4	0	22183	2
q36_4	0	22184	1
q36_4	0	22185	1
q36_4	0	22186	2
q36_4	0	22187	1
q36_4	0	22188	1
q36_4	0	22189	1
q36_4	0	22190	1
q36_5	0	27114	0
q36_5	0	10142	0
q36_5	0	34013	1
q36_5	0	4645	0
q36_5	0	4646	0
q36_5	0	4647	0
q36_5	0	4648	0
q36_5	0	4649	0
q36_5	0	4650	0
q36_5	0	4651	0
q36_5	0	4652	0
q36_5	0	4653	0
q36_5	0	4654	0
q36_5	0	4655	0
q36_5	0	4656	0
q36_5	0	4657	0
q36_5	0	4658	0
q36_5	0	4659	0
q36_5	0	4660	0
q36_5	0	4661	0
q37_1	0	10057	2
q37_1	0	14959	2
q37_1	0	14960	1
q37_1	0	14961	2
q37_1	0	14962	0
q37_1	0	14963	1
q37_1	0	14964	2
q37_1	0	14965	2
q37_1	0	14966	1
q37_1	0	14967	1
q37_1	0	14968	1
q37_1	0	10070	1
q37_1	0	19451	1
q37_1	0	19452	1
q37_1	0	5390	0
q37_1	0	15326	1
q37_1	0	32689	0
q37_1	0	32690	0
q37_1	0	10056	1
q37_1	0	7371	0
q37_2	0	33	3
q37_2	0	34	3
q37_2	0	35	3
q37_2	0	36	3
q37_2	0	37	3
q37_2	0	33625	1
q37_2	0	33626	1
q37_2	0	33627	1
q37_2	0	33628	1
q37_2	0	33629	1
q37_2	0	33630	1
q37_2	0	33631	0
q37_2	0	33632	0
q37_2	0	33633	1
q37_2	0	33634	1
q37_2	0	33635	1
q37_2	0	33636	1
q37_2	0	33637	1
q37_2	0	33638	0
q37_2	0	33639	1
q37_3	0	27114	0
q37_3	0	10142	0
q37_3	0	34013	1
q37_3	0	4645	0
q37_3	0	4646	0
q37_3	0	4647	0
q37_3	0	4648	0
q37_3	0	4649	0
q37_3	0	4650	0
q37_3	0	4651	0
q37_3	0	4652	0
q37_3	0	4653	0
q37_3	0	4654	0
q37_3	0	4655	0
q37_3	0	4656	0
q37_3	0	4657	0
q37_3	0	4658	0
q37_3	0	4659	0
q37_3	0	4660	0
q37_3	0	4661	0
q37_4	0	32971	2
q37_4	0	32972	2
q37_4	0	32973	1
q37_4	0	34889	2
q37_4	0	21836	1
q37_4	0	21837	1
q37_4	0	21838	1
q37_4	0	21839	1
q37_4	0	23765	2
q37_4	0	23766	2
q37_4	0	22936	2
q37_4	0	22937	1
q37_4	0	22938	1
q37_4	0	22939	2
q37_4	0	22940	2
q37_4	0	32974	2
q37_4	0	22942	1
q37_4	0	22943	1
q37_4	0	15391	0
q37_4	0	15392	0
q37_5	0	32971	2
q37_5	0	32972	3
q37_5	0	32973	3
q37_5	0	34889	2
q37_5	0	32974	2
q37_5	0	23765	1
q37_5	0	23766	1
q37_5	0	32975	2
q37_5	0	14991	0
q37_5	0	14992	0
q37_5	0	14993	0
q37_5	0	14994	0
q37_5	0	14995	0
q37_5	0	14996	0
q37_5	0	14997	0
q37_5	0	14998	0
q37_5	0	14999	0
q37_5	0	15000	0
q37_5	0	15001	1
q37_5	0	15002	0
q38_1	0	5167	2
q38_1	0	5168	2
q38_1	0	5169	1
q38_1	0	5170	1
q38_1	0	5171	1
q38_1	0	5172	1
q38_1	0	5173	1
q38_1	0	5174	1
q38_1	0	5175	1
q38_1	0	5176	1
q38_1	0	5187	2
q38_1	0	5188	2
q38_1	0	5189	1
q38_1	0	5190	1
q38_1	0	5191	1
q38_1	0	5192	1
q38_1	0	5193	1
q38_1	0	5194	1
q38_1	0	5195	1
q38_1	0	5196	1
q38_2	0	4857	1
q38_2	0	4858	1
q38_2	0	4924	1
q38_2	0	4925	0
q38_2	0	4926	0
q38_2	0	4927	0
q38_2	0	4928	1
q38_2	0	38	3
q38_2	0	14569	0
q38_2	0	14570	1
q38_2	0	14571	0
q38_2	0	14572	0
q38_2	0	14573	1
q38_2	0	14574	1
q38_2	0	47	3
q38_2	0	4791	1
q38_2	0	4792	0
q38_2	0	4793	1
q38_2	0	4794	1
q38_2	0	4795	1
q38_3	0	38	3
q38_3	0	39	3
q38_3	0	40	3
q38_3	0	41	3
q38_3	0	42	3
q38_3	0	43	3
q38_3	0	44	3
q38_3	0	45	3
q38_3	0	46	3
q38_3	0	47	1
q38_3	0	5387	0
q38_3	0	24893	0
q38_3	0	24894	0
q38_3	0	24895	0
q38_3	0	24896	0
q38_3	0	24897	0
q38_3	0	24898	0
q38_3	0	33660	0
q38_3	0	33	2
q38_3	0	34	1
q38_4	0	23718	1
q38_4	0	23719	1
q38_4	0	23720	1
q38_4	0	23721	1
q38_4	0	12783	1
q38_4	0	12784	1
q38_4	0	12785	1
q38_4	0	12786	2
q38_4	0	12787	1
q38_4	0	23666	2
q38_4	0	23667	1
q38_4	0	23668	1
q38_4	0	23669	1
q38_4	0	23670	1
q38_4	0	23671	1
q38_4	0	23672	1
q38_4	0	23673	1
q38_4	0	23674	1
q38_4	0	23675	1
q38_4	0	23676	1
q38_5	0	38	3
q38_5	0	42	2
q38_5	0	14382	0
q38_5	0	39	3
q38_5	0	43	2
q38_5	0	44	2
q38_5	0	47	1
q38_5	0	25303	1
q38_5	0	45	1
q38_5	0	18138	1
q38_5	0	6134	0
q38_5	0	25898	0
q38_5	0	12890	0
q38_5	0	4304	1
q38_5	0	21545	0
q38_5	0	9626	0
q38_5	0	3014	0
q38_5	0	19783	0
q38_5	0	41	2
q38_5	0	28278	0
q39_1	0	5167	2
q39_1	0	5168	2
q39_1	0	5169	1
q39_1	0	5170	1
q39_1	0	5171	1
q39_1	0	5172	1
q39_1	0	5173	1
q39_1	0	5174	1
q39_1	0	5175	1
q39_1	0	5176	2
q39_1	0	5187	1
q39_1	0	5188	1
q39_1	0	5189	1
q39_1	0	5190	1
q39_1	0	5191	1
q39_1	0	5192	1
q39_1	0	5193	1
q39_1	0	5194	1
q39_1	0	5195	1
q39_1	0	5196	1
q39_2	0	39	3
q39_2	0	15321	0
q39_2	0	10790	1
q39_2	0	10791	0
q39_2	0	10792	0
q39_2	0	42	2
q39_2	0	38	2
q39_2	0	22689	0
q39_2	0	22690	0
q39_2	0	22691	0
q39_2	0	22692	0
q39_2	0	22758	0
q39_2	0	22759	0
q39_2	0	22760	0
q39_2	0	22761	0
q39_2	0	22762	0
q39_2	0	22763	0
q39_2	0	22764	0
q39_2	0	22765	0
q39_2	0	22766	0
q39_3	0	11098	0
q39_3	0	5387	0
q39_3	0	39	3
q39_3	0	8946	1
q39_3	0	9970	0
q39_3	0	20393	0
q39_3	0	33581	0
q39_3	0	33616	1
q39_3	0	33631	0
q39_3	0	33641	1
q39_3	0	33660	0
q39_3	0	33	1
q39_3	0	34	1
q39_3	0	35	1
q39_3	0	36	1
q39_3	0	37	1
q39_3	0	38	1
q39_3	0	40	1
q39_3	0	41	1
q39_3	0	42	2
q39_4	0	7371	0
q39_4	0	11049	0
q39_4	0	11050	1
q39_4	0	11051	0
q39_4	0	11052	1
q39_4	0	11053	0
q39_4	0	11054	0
q39_4	0	11055	1
q39_4	0	11056	1
q39_4	0	11057	1
q39_4	0	11058	0
q39_4	0	11647	0
q39_4	0	3470	1
q39_4	0	3471	1
q39_4	0	3472	1
q39_4	0	3473	1
q39_4	0	16074	0
q39_4	0	16075	0
q39_4	0	16076	0
q39_4	0	16077	0
q39_5	0	5167	2
q39_5	0	5168	1
q39_5	0	5169	2
q39_5	0	5170	2
q39_5	0	5171	1
q39_5	0	5172	1
q39_5	0	5173	1
q39_5	0	5174	1
q39_5	0	5175	1
q39_5	0	5176	1
q39_5	0	5187	2
q39_5	0	5188	2
q39_5	0	5189	1
q39_5	0	5190	1
q39_5	0	5191	2
q39_5	0	5192	1
q39_5	0	5193	1
q39_5	0	5194	1
q39_5	0	5195	1
q39_5	0	5196	1
q40_1	0	5167	2
q40_1	0	5168	1
q40_1	0	5169	1
q40_1	0	5170	1
q40_1	0	5171	1
q40_1	0	5172	1
q40_1	0	5173	1
q40_1	0	5174	1
q40_1	0	5175	1
q40_1	0	5176	1
q40_1	0	5187	1
q40_1	0	5188	1
q40_1	0	5189	1
q40_1	0	5190	1
q40_1	0	5191	1
q40_1	0	5192	1
q40_1	0	5193	1
q40_1	0	5194	1
q40_1	0	5195	1
q40_1	0	5196	1
q40_2	0	31217	1
q40_2	0	31218	1
q40_2	0	31219	1
q40_2	0	31220	1
q40_2	0	31221	1
q40_2	0	31222	1
q40_2	0	31223	1
q40_2	0	31224	1
q40_2	0	31225	1
q40_2	0	31226	1
q40_2	0	31227	1
q40_2	0	31228	1
q40_2	0	31229	1
q40_2	0	31230	1
q40_2	0	31231	1
q40_2	0	31232	1
q40_2	0	27456	0
q40_2	0	27457	0
q40_2	0	27458	0
q40_2	0	27459	0
q40_3	0	3470	1
q40_3	0	3471	1
q40_3	0	3472	0
q40_3	0	3473	1
q40_3	0	15523	1
q40_3	0	16620	0
q40_3	0	33660	0
q40_3	0	33	1
q40_3	0	34	1
q40_3	0	35	1
q40_3	0	36	2
q40_3	0	37	1
q40_3	0	38	1
q40_3	0	39	2
q40_3	0	40	3
q40_3	0	41	1
q40_3	0	42	0
q40_3	0	43	1
q40_3	0	44	0
q40_3	0	45	1
q40_4	0	38	3
q40_4	0	39	3
q40_4	0	40	3
q40_4	0	41	3
q40_4	0	42	3
q40_4	0	43	3
q40_4	0	44	3
q40_4	0	45	3
q40_4	0	46	3
q40_4	0	47	2
q40_4	0	5387	0
q40_4	0	24893	0
q40_4	0	24894	0
q40_4	0	24895	0
q40_4	0	24896	0
q40_4	0	24897	0
q40_4	0	24898	0
q40_4	0	33660	0
q40_4	0	33	1
q40_4	0	34	1
q40_5	0	5148	1
q40_5	0	5149	1
q40_5	0	5150	1
q40_5	0	5151	1
q40_5	0	5152	1
q40_5	0	5239	1
q40_5	0	5139	1
q40_5	0	5140	1
q40_5	0	5141	1
q40_5	0	5142	1
q40_5	0	5143	0
q40_5	0	5144	1
q40_5	0	5145	1
q40_5	0	5146	1
q40_5	0	5147	1
q40_5	0	5153	1
q40_5	0	5154	1
q40_5	0	5155	1
q40_5	0	5156	1
q40_5	0	5157	1
q41_1	0	11098	0
q41_1	0	38	1
q41_1	0	39	1
q41_1	0	40	1
q41_1	0	41	3
q41_1	0	42	1
q41_1	0	43	1
q41_1	0	44	1
q41_1	0	45	1
q41_1	0	46	1
q41_1	0	47	1
q41_1	0	5728	0
q41_1	0	5729	0
q41_1	0	5730	0
q41_1	0	5731	0
q41_1	0	5732	0
q41_1	0	5733	0
q41_1	0	5734	0
q41_1	0	5735	0
q41_1	0	5736	0
q41_2	0	17590	1
q41_2	0	5013	0
q41_2	0	7418	0
q41_2	0	7419	0
q41_2	0	7420	0
q41_2	0	7421	0
q41_2	0	5797	0
q41_2	0	5798	0
q41_2	0	5799	0
q41_2	0	5800	0
q41_2	0	5801	0
q41_2	0	5802	0
q41_2	0	5803	0
q41_2	0	5804	0
q41_2	0	18069	1
q41_2	0	5793	0
q41_2	0	5794	0
q41_2	0	5795	0
q41_2	0	5796	0
q41_2	0	28685	0
q41_3	0	5387	0
q41_3	0	33660	0
q41_3	0	33	1
q41_3	0	34	1
q41_3	0	35	1
q41_3	0	36	1
q41_3	0	37	1
q41_3	0	38	3
q41_3	0	39	3
q41_3	0	40	3
q41_3	0	41	3
q41_3	0	42	3
q41_3	0	43	3
q41_3	0	44	3
q41_3	0	45	3
q41_3	0	46	3
q41_3	0	47	1
q41_3	0	8949	0
q41_3	0	8950	0
q41_3	0	8951	0
q41_4	0	16074	0
q41_4	0	16075	0
q41_4	0	16076	0
q41_4	0	16077	0
q41_4	0	16078	0
q41_4	0	16079	0
q41_4	0	16080	0
q41_4	0	16081	0
q41_4	0	16082	0
q41_4	0	16083	0
q41_4	0	16084	0
q41_4	0	16085	0
q41_4	0	16086	1
q41_4	0	16087	0
q41_4	0	16088	0
q41_4	0	16089	0
q41_4	0	16090	0
q41_4	0	16091	0
q41_4	0	16092	0
q41_4	0	16093	0
q41_5	0	21167	0
q41_5	0	11033	0
q41_5	0	33660	0
q41_5	0	33	2
q41_5	0	34	2
q41_5	0	35	1
q41_5	0	36	2
q41_5	0	37	1
q41_5	0	38	3
q41_5	0	39	3
q41_5	0	40	1
q41_5	0	41	3
q41_5	0	42	3
q41_5	0	43	2
q41_5	0	44	3
q41_5	0	45	2
q41_5	0	46	2
q41_5	0	47	2
q41_5	0	8949	0
q41_5	0	8950	0
q41_6	0	2996	0
q41_6	0	2997	0
q41_6	0	2998	0
q41_6	0	2999	0
q41_6	0	3000	0
q41_6	0	3001	0
q41_6	0	3002	0
q41_6	0	3003	0
q41_6	0	3004	0
q41_6	0	3005	0
q41_6	0	3006	0
q41_6	0	3007	0
q41_6	0	3008	0
q41_6	0	3009	0
q41_6	0	3010	0
q41_6	0	3011	0
q41_6	0	3012	0
q41_6	0	3013	0
q41_6	0	3014	0
q41_6	0	3015	0
q41_7	0	33660	0
q41_7	0	33	2
q41_7	0	34	1
q41_7	0	35	3
q41_7	0	36	2
q41_7	0	37	2
q41_7	0	38	2
q41_7	0	39	2
q41_7	0	40	2
q41_7	0	41	3
q41_7	0	42	2
q41_7	0	43	2
q41_7	0	44	2
q41_7	0	45	1
q41_7	0	46	2
q41_7	0	47	2
q41_7	0	28266	1
q41_7	0	28267	1
q41_7	0	8949	0
q41_7	0	8950	1
q42_1	0	17590	1
q42_1	0	5013	0
q42_1	0	7418	0
q42_1	0	7419	0
q42_1	0	7420	0
q42_1	0	7421	0
q42_1	0	42	3
q42_1	0	5797	0
q42_1	0	5798	0
q42_1	0	5799	0
q42_1	0	5800	0
q42_1	0	5801	0
q42_1	0	5802	0
q42_1	0	5803	0
q42_1	0	5804	0
q42_1	0	18069	0
q42_1	0	5793	0
q42_1	0	5794	0
q42_1	0	5795	0
q42_1	0	5796	0
q42_2	0	33660	0
q42_2	0	33	1
q42_2	0	34	1
q42_2	0	35	1
q42_2	0	36	1
q42_2	0	37	1
q42_2	0	38	1
q42_2	0	39	1
q42_2	0	40	1
q42_2	0	41	2
q42_2	0	42	3
q42_2	0	43	1
q42_2	0	44	1
q42_2	0	45	1
q42_2	0	46	1
q42_2	0	47	1
q42_2	0	8949	0
q42_2	0	8950	0
q42_2	0	8951	0
q42_2	0	8952	1
q42_3	0	22171	1
q42_3	0	22172	1
q42_3	0	22173	1
q42_3	0	22174	1
q42_3	0	22175	1
q42_3	0	22176	1
q42_3	0	22177	1
q42_3	0	22178	1
q42_3	0	22179	1
q42_3	0	22180	1
q42_3	0	22181	1
q42_3	0	22182	1
q42_3	0	22183	1
q42_3	0	22184	1
q42_3	0	22185	1
q42_3	0	22186	1
q42_3	0	22187	1
q42_3	0	22188	2
q42_3	0	22189	1
q42_3	0	22190	1
q42_4	0	38	2
q42_4	0	39	3
q42_4	0	40	2
q42_4	0	41	3
q42_4	0	42	3
q42_4	0	43	3
q42_4	0	44	2
q42_4	0	45	3
q42_4	0	46	2
q42_4	0	47	2
q42_4	0	5387	0
q42_4	0	24893	0
q42_4	0	24894	0
q42_4	0	24895	0
q42_4	0	24896	0
q42_4	0	24897	0
q42_4	0	24898	0
q42_4	0	2996	0
q42_4	0	2997	0
q42_4	0	2998	0
q42_5	0	12533	0
q42_5	0	12534	0
q42_5	0	22269	0
q42_5	0	42	3
q42_5	0	38	3
q42_5	0	28936	0
q42_5	0	28932	0
q42_5	0	47	2
q42_5	0	33660	0
q42_5	0	33	1
q42_5	0	34	2
q42_5	0	35	1
q42_5	0	36	1
q42_5	0	37	1
q42_5	0	39	3
q42_5	0	40	1
q42_5	0	41	3
q42_5	0	43	2
q42_5	0	44	2
q42_5	0	45	2
q43_1	0	11098	0
q43_1	0	6884	0
q43_1	0	6885	0
q43_1	0	6886	0
q43_1	0	6887	0
q43_1	0	6888	0
q43_1	0	6889	0
q43_1	0	6890	0
q43_1	0	16639	0
q43_1	0	16640	0
q43_1	0	16641	0
q43_1	0	16642	0
q43_1	0	16643	0
q43_1	0	8849	0
q43_1	0	24499	0
q43_1	0	24500	0
q43_1	0	24501	0
q43_1	0	24502	0
q43_1	0	6891	0
q43_1	0	6892	0
q43_2	0	4699	0
q43_2	0	22171	1
q43_2	0	22172	1
q43_2	0	22173	1
q43_2	0	22174	1
q43_2	0	22175	1
q43_2	0	22176	1
q43_2	0	22177	1
q43_2	0	22178	1
q43_2	0	22179	1
q43_2	0	22180	1
q43_2	0	22181	1
q43_2	0	22182	1
q43_2	0	22183	1
q43_2	0	22184	1
q43_2	0	22185	1
q43_2	0	22186	1
q43_2	0	22187	1
q43_2	0	22188	1
q43_2	0	22189	1
q43_3	0	38	3
q43_3	0	39	3
q43_3	0	40	3
q43_3	0	41	3
q43_3	0	42	3
q43_3	0	43	3
q43_3	0	44	3
q43_3	0	45	3
q43_3	0	46	3
q43_3	0	47	3
q43_3	0	5387	0
q43_3	0	24893	0
q43_3	0	24894	0
q43_3	0	24895	0
q43_3	0	24896	0
q43_3	0	24897	0
q43_3	0	24898	0
q43_3	0	33660	0
q43_3	0	33	2
q43_3	0	34	1
q43_4	0	6939	2
q43_4	0	10060	0
q43_4	0	10061	1
q43_4	0	21708	1
q43_4	0	21709	1
q43_4	0	21710	1
q43_4	0	21711	1
q43_4	0	21712	1
q43_4	0	21713	1
q43_4	0	21714	1
q43_4	0	21715	1
q43_4	0	19451	1
q43_4	0	19452	1
q43_4	0	6896	1
q43_4	0	6897	2
q43_4	0	6898	2
q43_4	0	6899	2
q43_4	0	6900	2
q43_4	0	6901	2
q43_4	0	6902	2
q43_5	0	47	3
q43_5	0	44	3
q43_5	0	45	3
q43_5	0	2972	0
q43_5	0	2973	0
q43_5	0	2974	0
q43_5	0	2975	0
q43_5	0	2976	0
q43_5	0	2977	0
q43_5	0	43	3
q43_5	0	5624	0
q43_5	0	5625	0
q43_5	0	5626	0
q43_5	0	5627	0
q43_5	0	5628	0
q43_5	0	11677	0
q43_5	0	34391	0
q43_5	0	34392	0
q43_5	0	8485	0
q43_5	0	8486	0
q44_1	0	44	3
q44_1	0	46	3
q44_1	0	45	3
q44_1	0	33660	0
q44_1	0	33	1
q44_1	0	34	1
q44_1	0	35	1
q44_1	0	36	2
q44_1	0	37	1
q44_1	0	38	2
q44_1	0	39	1
q44_1	0	40	1
q44_1	0	41	2
q44_1	0	42	1
q44_1	0	43	2
q44_1	0	47	3
q44_1	0	8949	0
q44_1	0	8950	0
q44_1	0	8951	0
q44_1	0	8952	0
q44_2	0	33015	1
q44_2	0	33016	1
q44_2	0	33017	0
q44_2	0	33018	1
q44_2	0	33019	1
q44_2	0	33020	1
q44_2	0	33021	1
q44_2	0	22171	2
q44_2	0	22172	1
q44_2	0	22173	1
q44_2	0	22174	1
q44_2	0	22175	1
q44_2	0	22176	1
q44_2	0	22177	1
q44_2	0	22178	1
q44_2	0	22179	1
q44_2	0	22180	1
q44_2	0	22181	1
q44_2	0	22182	1
q44_2	0	22183	1
q44_3	0	28721	1
q44_3	0	38	3
q44_3	0	39	2
q44_3	0	40	2
q44_3	0	41	3
q44_3	0	42	3
q44_3	0	43	3
q44_3	0	44	3
q44_3	0	45	2
q44_3	0	46	2
q44_3	0	47	1
q44_3	0	17242	0
q44_3	0	17243	0
q44_3	0	17244	0
q44_3	0	17245	0
q44_3	0	17246	0
q44_3	0	2972	0
q44_3	0	2973	0
q44_3	0	2974	0
q44_3	0	2975	0
q44_4	0	27114	0
q44_4	0	10142	0
q44_4	0	5387	0
q44_4	0	34013	2
q44_4	0	4645	0
q44_4	0	4646	0
q44_4	0	4647	0
q44_4	0	4648	0
q44_4	0	4649	0
q44_4	0	4650	0
q44_4	0	4651	0
q44_4	0	4652	0
q44_4	0	4653	0
q44_4	0	4654	0
q44_4	0	4655	0
q44_4	0	4656	0
q44_4	0	4657	0
q44_4	0	4658	0
q44_4	0	4659	0
q44_4	0	4660	0
q44_5	0	44	3
q44_5	0	4702	0
q44_5	0	45	3
q44_5	0	4699	0
q44_5	0	47	2
q44_5	0	42	2
q44_5	0	43	2
q44_5	0	38	1
q44_5	0	39	1
q44_5	0	18138	1
q44_5	0	21134	1
q44_5	0	20225	1
q44_5	0	6123	0
q44_5	0	24270	0
q44_5	0	9891	1
q44_5	0	9907	1
q44_5	0	11347	1
q44_5	0	12611	1
q44_5	0	9254	1
q44_5	0	9356	1
q45_1	0	2972	0
q45_1	0	2973	0
q45_1	0	2974	0
q45_1	0	2975	0
q45_1	0	2976	0
q45_1	0	2977	0
q45_1	0	45	3
q45_1	0	5624	0
q45_1	0	5625	0
q45_1	0	5626	0
q45_1	0	5627	0
q45_1	0	5628	0
q45_1	0	11677	0
q45_1	0	34391	0
q45_1	0	34392	0
q45_1	0	8485	0
q45_1	0	8486	0
q45_1	0	8487	0
q45_1	0	8488	0
q45_1	0	8489	0
q45_2	0	22171	1
q45_2	0	22172	1
q45_2	0	22173	1
q45_2	0	22174	1
q45_2	0	22175	1
q45_2	0	22176	1
q45_2	0	22177	1
q45_2	0	22178	1
q45_2	0	22179	1
q45_2	0	22180	1
q45_2	0	22181	1
q45_2	0	22182	1
q45_2	0	22183	1
q45_2	0	22184	2
q45_2	0	22185	1
q45_2	0	22186	1
q45_2	0	22187	1
q45_2	0	22188	1
q45_2	0	22189	1
q45_2	0	22190	1
q45_3	0	38	3
q45_3	0	39	3
q45_3	0	40	3
q45_3	0	41	3
q45_3	0	42	3
q45_3	0	43	3
q45_3	0	44	3
q45_3	0	45	3
q45_3	0	46	3
q45_3	0	47	1
q45_3	0	5387	0
q45_3	0	24893	0
q45_3	0	24894	0
q45_3	0	24895	0
q45_3	0	24896	0
q45_3	0	24897	0
q45_3	0	24898	0
q45_3	0	33660	0
q45_3	0	33	1
q45_3	0	34	1
q45_4	0	11033	1
q45_4	0	22679	1
q45_4	0	22680	1
q45_4	0	22681	1
q45_4	0	22682	0
q45_4	0	22618	0
q45_4	0	22619	1
q45_4	0	31154	1
q45_4	0	31155	1
q45_4	0	31156	1
q45_4	0	31157	0
q45_4	0	31158	1
q45_4	0	31159	1
q45_4	0	31160	1
q45_4	0	31161	1
q45_4	0	31162	0
q45_4	0	31163	0
q45_4	0	31164	1
q45_4	0	31165	1
q45_4	0	31166	1
q45_5	0	22171	1
q45_5	0	22172	1
q45_5	0	22173	1
q45_5	0	22174	1
q45_5	0	22175	1
q45_5	0	22176	1
q45_5	0	22177	1
q45_5	0	22178	1
q45_5	0	22179	1
q45_5	0	22180	1
q45_5	0	22181	1
q45_5	0	22182	1
q45_5	0	22183	1
q45_5	0	22184	1
q45_5	0	22185	1
q45_5	0	22186	1
q45_5	0	22187	1
q45_5	0	22188	1
q45_5	0	22189	1
q45_5	0	22190	1
q46_1	0	44	3
q46_1	0	46	3
q46_1	0	45	3
q46_1	0	33660	0
q46_1	0	33	2
q46_1	0	34	1
q46_1	0	35	1
q46_1	0	36	2
q46_1	0	37	1
q46_1	0	38	2
q46_1	0	39	2
q46_1	0	40	1
q46_1	0	41	2
q46_1	0	42	1
q46_1	0	43	2
q46_1	0	47	3
q46_1	0	8949	0
q46_1	0	8950	0
q46_1	0	8951	1
q46_1	0	8952	0
q46_2	0	9709	1
q46_2	0	9710	1
q46_2	0	9711	1
q46_2	0	9712	1
q46_2	0	9713	1
q46_2	0	7371	1
q46_2	0	11049	0
q46_2	0	11050	0
q46_2	0	11051	0
q46_2	0	11052	0
q46_2	0	11053	0
q46_2	0	11054	1
q46_2	0	11055	0
q46_2	0	11056	0
q46_2	0	11057	1
q46_2	0	11058	1
q46_2	0	11647	0
q46_2	0	16074	0
q46_2	0	16075	1
q46_2	0	16076	0
q46_3	0	27114	0
q46_3	0	10142	0
q46_3	0	5387	0
q46_3	0	34013	1
q46_3	0	4645	0
q46_3	0	4646	0
q46_3	0	4647	0
q46_3	0	4648	0
q46_3	0	4649	0
q46_3	0	4650	0
q46_3	0	4651	0
q46_3	0	4652	0
q46_3	0	4653	0
q46_3	0	4654	0
q46_3	0	4655	0
q46_3	0	4656	0
q46_3	0	4657	0
q46_3	0	4658	0
q46_3	0	4659	0
q46_3	0	4660	0
q46_4	0	27116	0
q46_4	0	21836	2
q46_4	0	21837	3
q46_4	0	21838	2
q46_4	0	21839	3
q46_4	0	5662	2
q46_4	0	5663	2
q46_4	0	5664	1
q46_4	0	5665	1
q46_4	0	5666	1
q46_4	0	5667	2
q46_4	0	5651	1
q46_4	0	5652	1
q46_4	0	5653	2
q46_4	0	5654	2
q46_4	0	5655	2
q46_4	0	24610	0
q46_4	0	24611	0
q46_4	0	24612	0
q46_4	0	24613	0
q46_5	0	26735	1
q46_5	0	26736	1
q46_5	0	26737	1
q46_5	0	26738	2
q46_5	0	26890	1
q46_5	0	33282	1
q46_5	0	2342	2
q46_5	0	2869	2
q46_5	0	2625	1
q46_5	0	2700	1
q46_5	0	2701	1
q46_5	0	2702	1
q46_5	0	2703	1
q46_5	0	2868	2
q46_5	0	17038	1
q46_5	0	2088	2
q46_5	0	31708	1
q46_5	0	13268	2
q46_5	0	9534	1
q46_5	0	9535	1
q47_1	0	15015	0
q47_1	0	15016	1
q47_1	0	15017	0
q47_1	0	15018	1
q47_1	0	15215	0
q47_1	0	15216	0
q47_1	0	15217	0
q47_1	0	15218	0
q47_1	0	15219	0
q47_1	0	15220	0
q47_1	0	15221	0
q47_1	0	15222	0
q47_1	0	15223	0
q47_1	0	19458	1
q47_1	0	15877	1
q47_1	0	3487	0
q47_1	0	15020	0
q47_1	0	15021	0
q47_1	0	15022	0
q47_1	0	15023	0
q47_2	0	26803	1
q47_2	0	7371	0
q47_2	0	11049	0
q47_2	0	11050	0
q47_2	0	11051	0
q47_2	0	11052	0
q47_2	0	11053	0
q47_2	0	11054	0
q47_2	0	11055	0
q47_2	0	11056	0
q47_2	0	11057	1
q47_2	0	11058	1
q47_2	0	11647	0
q47_2	0	2286	1
q47_2	0	16074	0
q47_2	0	16075	0
q47_2	0	16076	0
q47_2	0	16077	0
q47_2	0	16078	0
q47_2	0	16079	0
q47_3	0	22171	2
q47_3	0	22172	1
q47_3	0	22173	1
q47_3	0	22174	1
q47_3	0	22175	1
q47_3	0	22176	1
q47_3	0	22177	1
q47_3	0	22178	1
q47_3	0	22179	1
q47_3	0	22180	1
q47_3	0	22181	1
q47_3	0	22182	1
q47_3	0	22183	2
q47_3	0	22184	2
q47_3	0	22185	2
q47_3	0	22186	1
q47_3	0	22187	1
q47_3	0	22188	1
q47_3	0	22189	1
q47_3	0	22190	1
q47_4	0	27114	0
q47_4	0	10142	0
q47_4	0	34013	1
q47_4	0	4645	0
q47_4	0	4646	0
q47_4	0	4647	0
q47_4	0	4648	0
q47_4	0	4649	0
q47_4	0	4650	0
q47_4	0	4651	0
q47_4	0	4652	0
q47_4	0	4653	0
q47_4	0	4654	0
q47_4	0	4655	0
q47_4	0	4656	0
q47_4	0	4657	0
q47_4	0	4658	0
q47_4	0	4659	0
q47_4	0	4660	0
q47_4	0	4661	0
q47_5	0	21836	1
q47_5	0	21837	0
q47_5	0	21838	1
q47_5	0	21839	1
q47_5	0	575	1
q47_5	0	576	1
q47_5	0	577	1
q47_5	0	578	1
q47_5	0	579	1
q47_5	0	580	0
q47_5	0	581	1
q47_5	0	582	1
q47_5	0	583	1
q47_5	0	584	1
q47_5	0	585	1
q47_5	0	586	1
q47_5	0	587	1
q47_5	0	588	1
q47_5	0	589	1
q47_5	0	590	2
q48_1	0	21562	1
q48_1	0	34677	0
q48_1	0	34678	0
q48_1	0	48	3
q48_1	0	34679	0
q48_1	0	2869	1
q48_1	0	2635	2
q48_1	0	2636	2
q48_1	0	2637	2
q48_1	0	2638	2
q48_1	0	2639	3
q48_1	0	2640	2
q48_1	0	7787	0
q48_1	0	10272	0
q48_1	0	10273	1
q48_1	0	10274	0
q48_1	0	10275	0
q48_1	0	10276	1
q48_1	0	10277	1
q48_1	0	10278	0
q48_2	0	8409	0
q48_2	0	10050	1
q48_2	0	10051	0
q48_2	0	10052	0
q48_2	0	10053	0
q48_2	0	10054	0
q48_2	0	10057	1
q48_2	0	10058	0
q48_2	0	10059	0
q48_2	0	10060	0
q48_2	0	10061	0
q48_2	0	10062	0
q48_2	0	10063	0
q48_2	0	10064	0
q48_2	0	10067	0
q48_2	0	10070	1
q48_2	0	10073	0
q48_2	0	10074	0
q48_2	0	10065	0
q48_2	0	10066	0
q48_3	0	10272	0
q48_3	0	10273	1
q48_3	0	10274	0
q48_3	0	10275	1
q48_3	0	10276	1
q48_3	0	10277	1
q48_3	0	10278	0
q48_3	0	2635	2
q48_3	0	2636	3
q48_3	0	2637	2
q48_3	0	2638	2
q48_3	0	2639	3
q48_3	0	2640	3
q48_3	0	4470	1
q48_3	0	16682	1
q48_3	0	3824	2
q48_3	0	3825	2
q48_3	0	3826	1
q48_3	0	3827	1
q48_3	0	3828	1
q48_4	0	6568	0
q48_4	0	28183	1
q48_4	0	575	1
q48_4	0	576	2
q48_4	0	577	2
q48_4	0	578	1
q48_4	0	579	1
q48_4	0	580	1
q48_4	0	581	2
q48_4	0	582	2
q48_4	0	583	2
q48_4	0	584	1
q48_4	0	585	1
q48_4	0	586	2
q48_4	0	587	1
q48_4	0	588	2
q48_4	0	589	1
q48_4	0	590	1
q48_4	0	591	1
q48_4	0	14615	1
q48_5	0	10272	0
q48_5	0	10273	0
q48_5	0	10274	0
q48_5	0	10275	0
q48_5	0	10276	1
q48_5	0	10277	1
q48_5	0	10278	0
q48_5	0	3120	1
q48_5	0	3121	1
q48_5	0	3122	1
q48_5	0	3123	1
q48_5	0	2635	1
q48_5	0	2636	2
q48_5	0	2637	1
q48_5	0	2638	1
q48_5	0	2639	1
q48_5	0	2640	1
q48_5	0	13995	2
q48_5	0	3103	1
q48_5	0	3104	1
q49_1	0	2657	1
q49_1	0	1480	1
q49_1	0	1481	1
q49_1	0	1482	1
q49_1	0	1483	1
q49_1	0	1484	1
q49_1	0	1485	2
q49_1	0	1486	1
q49_1	0	1487	1
q49_1	0	1488	1
q49_1	0	1489	2
q49_1	0	10148	0
q49_1	0	23595	0
q49_1	0	23596	0
q49_1	0	23597	0
q49_1	0	23598	0
q49_1	0	1470	2
q49_1	0	1471	1
q49_1	0	1472	1
q49_1	0	1473	2
q49_2	0	48	3
q49_2	0	49	3
q49_2	0	50	3
q49_2	0	51	3
q49_2	0	52	3
q49_2	0	53	3
q49_2	0	54	3
q49_2	0	55	3
q49_2	0	56	3
q49_2	0	57	3
q49_2	0	58	3
q49_2	0	59	3
q49_2	0	60	3
q49_2	0	8409	0
q49_2	0	10050	0
q49_2	0	10051	0
q49_2	0	10052	0
q49_2	0	10053	0
q49_2	0	10054	0
q49_2	0	10057	0
q49_3	0	49	3
q49_3	0	10148	0
q49_3	0	27468	2
q49_3	0	27469	2
q49_3	0	27470	2
q49_3	0	27471	2
q49_3	0	27472	2
q49_3	0	27473	2
q49_3	0	27474	1
q49_3	0	27475	2
q49_3	0	1470	1
q49_3	0	1471	1
q49_3	0	1472	1
q49_3	0	1473	2
q49_3	0	1474	2
q49_3	0	27476	2
q49_3	0	27477	1
q49_3	0	27478	1
q49_3	0	27479	1
q49_3	0	27480	1
q49_4	0	21930	3
q49_4	0	1246	3
q49_4	0	22939	2
q49_4	0	22940	2
q49_4	0	25674	3
q49_4	0	28268	3
q49_4	0	26270	3
q49_4	0	1247	3
q49_4	0	31691	3
q49_4	0	22936	2
q49_4	0	22935	2
q49_4	0	872	2
q49_4	0	23608	2
q49_4	0	13973	2
q49_4	0	873	2
q49_4	0	14556	2
q49_4	0	14569	0
q49_4	0	14570	0
q49_4	0	14571	0
q49_4	0	14572	0
q49_5	0	10272	1
q49_5	0	10273	1
q49_5	0	10274	1
q49_5	0	10275	1
q49_5	0	10276	1
q49_5	0	10277	1
q49_5	0	10278	1
q49_5	0	2635	3
q49_5	0	2636	3
q49_5	0	2637	3
q49_5	0	2638	3
q49_5	0	2639	3
q49_5	0	2640	3
q49_5	0	48	3
q49_5	0	49	3
q49_5	0	50	3
q49_5	0	51	3
q49_5	0	52	2
q49_5	0	53	3
q49_5	0	54	3
q50_1	0	2635	2
q50_1	0	2636	2
q50_1	0	2637	2
q50_1	0	2638	2
q50_1	0	2639	2
q50_1	0	2640	2
q50_1	0	10272	0
q50_1	0	10273	1
q50_1	0	10274	0
q50_1	0	10275	1
q50_1	0	10276	0
q50_1	0	10277	0
q50_1	0	10278	0
q50_1	0	48	3
q50_1	0	49	2
q50_1	0	50	3
q50_1	0	51	2
q50_1	0	52	1
q50_1	0	53	2
q50_1	0	54	2
q50_2	0	21930	2
q50_2	0	22939	2
q50_2	0	22940	2
q50_2	0	1246	2
q50_2	0	28268	3
q50_2	0	26270	2
q50_2	0	1247	2
q50_2	0	25674	2
q50_2	0	31691	2
q50_2	0	22936	1
q50_2	0	872	1
q50_2	0	2869	1
q50_2	0	23608	1
q50_2	0	13973	1
q50_2	0	873	1
q50_2	0	2625	1
q50_2	0	2700	1
q50_2	0	2701	1
q50_2	0	2702	0
q50_2	0	2703	0
q50_3	0	4699	1
q50_3	0	10057	1
q50_3	0	14959	2
q50_3	0	14960	1
q50_3	0	14961	2
q50_3	0	14962	1
q50_3	0	14963	1
q50_3	0	14964	3
q50_3	0	14965	3
q50_3	0	14966	3
q50_3	0	14967	3
q50_3	0	14968	1
q50_3	0	10070	2
q50_3	0	19451	1
q50_3	0	19452	1
q50_3	0	5390	0
q50_3	0	15326	0
q50_3	0	32689	0
q50_3	0	32690	0
q50_3	0	10056	1
q50_4	0	50	3
q50_4	0	48	1
q50_4	0	49	2
q50_4	0	51	2
q50_4	0	52	2
q50_4	0	53	2
q50_4	0	54	1
q50_4	0	55	2
q50_4	0	56	2
q50_4	0	57	2
q50_4	0	58	2
q50_4	0	59	2
q50_4	0	60	1
q50_4	0	11098	0
q50_4	0	10272	0
q50_4	0	10273	1
q50_4	0	10274	0
q50_4	0	10275	0
q50_4	0	10276	0
q50_4	0	10277	0
q50_5	0	8398	1
q50_5	0	8399	1
q50_5	0	8400	0
q50_5	0	8401	0
q50_5	0	16669	1
q50_5	0	7873	1
q50_5	0	7874	1
q50_5	0	7875	1
q50_5	0	7876	1
q50_5	0	11371	1
q50_5	0	6714	0
q50_5	0	6715	0
q50_5	0	11436	1
q50_5	0	11437	1
q50_5	0	11438	1
q50_5	0	11439	1
q50_5	0	28778	1
q50_5	0	28933	1
q50_5	0	22951	1
q50_5	0	28907	2
q51_1	0	23853	1
q51_1	0	23854	1
q51_1	0	34358	1
q51_1	0	28927	3
q51_1	0	8243	1
q51_1	0	10272	1
q51_1	0	10273	2
q51_1	0	10274	1
q51_1	0	10275	0
q51_1	0	10276	1
q51_1	0	10277	1
q51_1	0	10278	0
q51_1	0	48	2
q51_1	0	49	1
q51_1	0	50	2
q51_1	0	51	3
q51_1	0	52	1
q51_1	0	53	1
q51_1	0	54	2
q51_1	0	55	1
q51_2	0	19451	1
q51_2	0	19452	1
q51_2	0	32121	2
q51_2	0	32122	2
q51_2	0	19432	1
q51_2	0	19433	1
q51_2	0	19434	1
q51_2	0	19435	1
q51_2	0	19436	1
q51_2	0	19437	1
q51_2	0	19438	2
q51_2	0	19439	1
q51_2	0	19440	1
q51_2	0	19441	1
q51_2	0	19442	1
q51_2	0	19443	1
q51_2	0	19444	1
q51_2	0	19445	1
q51_2	0	19446	1
q51_2	0	19447	1
q51_3	0	48	3
q51_3	0	49	3
q51_3	0	50	3
q51_3	0	51	3
q51_3	0	52	3
q51_3	0	53	3
q51_3	0	54	3
q51_3	0	55	3
q51_3	0	56	3
q51_3	0	57	3
q51_3	0	58	3
q51_3	0	59	3
q51_3	0	60	3
q51_3	0	10272	0
q51_3	0	10273	1
q51_3	0	10274	0
q51_3	0	10275	0
q51_3	0	10276	0
q51_3	0	10277	0
q51_3	0	10278	0
q51_4	0	24216	0
q51_4	0	16402	1
q51_4	0	16403	1
q51_4	0	16404	1
q51_4	0	16405	1
q51_4	0	16406	1
q51_4	0	16407	1
q51_4	0	16408	1
q51_4	0	16656	2
q51_4	0	16657	2
q51_4	0	16658	2
q51_4	0	16659	2
q51_4	0	16660	2
q51_4	0	23843	2
q51_4	0	3468	1
q51_4	0	17058	1
q51_4	0	17059	1
q51_4	0	17060	0
q51_4	0	17061	1
q51_4	0	17062	1
q51_5	0	2635	1
q51_5	0	2636	1
q51_5	0	2637	1
q51_5	0	2638	1
q51_5	0	2639	2
q51_5	0	2640	1
q51_5	0	10272	0
q51_5	0	10273	1
q51_5	0	10274	0
q51_5	0	10275	0
q51_5	0	10276	1
q51_5	0	10277	1
q51_5	0	10278	0
q51_5	0	48	1
q51_5	0	49	2
q51_5	0	50	2
q51_5	0	51	3
q51_5	0	52	2
q51_5	0	53	2
q51_5	0	54	1
q52_1	0	52	3
q52_1	0	28500	1
q52_1	0	28501	1
q52_1	0	28502	1
q52_1	0	28503	1
q52_1	0	28504	1
q52_1	0	28505	2
q52_1	0	5624	0
q52_1	0	5625	0
q52_1	0	5626	0
q52_1	0	5627	0
q52_1	0	5628	1
q52_1	0	5630	0
q52_1	0	5631	0
q52_1	0	5632	1
q52_1	0	5633	1
q52_1	0	22811	2
q52_1	0	5634	1
q52_1	0	28756	0
q52_1	0	2686	1
q52_2	0	48	3
q52_2	0	49	3
q52_2	0	50	3
q52_2	0	51	3
q52_2	0	52	3
q52_2	0	53	3
q52_2	0	54	3
q52_2	0	55	3
q52_2	0	56	3
q52_2	0	57	3
q52_2	0	58	3
q52_2	0	59	3
q52_2	0	60	3
q52_2	0	10272	1
q52_2	0	10273	1
q52_2	0	10274	1
q52_2	0	10275	0
q52_2	0	10276	1
q52_2	0	10277	1
q52_2	0	10278	0
q52_3	0	10272	2
q52_3	0	10273	1
q52_3	0	10274	2
q52_3	0	10275	1
q52_3	0	10276	2
q52_3	0	10277	2
q52_3	0	10278	1
q52_3	0	48	2
q52_3	0	49	3
q52_3	0	50	3
q52_3	0	51	3
q52_3	0	52	3
q52_3	0	53	3
q52_3	0	54	3
q52_3	0	55	3
q52_3	0	56	3
q52_3	0	57	3
q52_3	0	58	2
q52_3	0	59	3
q52_3	0	60	3
q52_4	0	28500	2
q52_4	0	28501	1
q52_4	0	28502	1
q52_4	0	28503	1
q52_4	0	28504	1
q52_4	0	28505	1
q52_4	0	52	3
q52_4	0	2972	0
q52_4	0	2973	0
q52_4	0	2974	0
q52_4	0	2975	0
q52_4	0	2976	0
q52_4	0	2977	1
q52_4	0	5624	0
q52_4	0	5625	0
q52_4	0	5626	0
q52_4	0	5627	0
q52_4	0	5628	0
q52_4	0	11677	0
q52_4	0	34391	1
q52_5	0	11098	0
q52_5	0	52	3
q52_5	0	10272	0
q52_5	0	10273	0
q52_5	0	10274	0
q52_5	0	10275	0
q52_5	0	10276	0
q52_5	0	10277	0
q52_5	0	10278	0
q52_5	0	48	1
q52_5	0	49	1
q52_5	0	50	1
q52_5	0	51	1
q52_5	0	53	1
q52_5	0	54	1
q52_5	0	55	1
q52_5	0	56	1
q52_5	0	57	1
q52_5	0	58	1
q52_5	0	59	1
q53_1	0	21540	1
q53_1	0	21541	1
q53_1	0	21542	0
q53_1	0	21543	1
q53_1	0	21544	1
q53_1	0	21545	1
q53_1	0	21546	1
q53_1	0	21547	1
q53_1	0	21548	0
q53_1	0	21549	1
q53_1	0	21550	1
q53_1	0	21551	1
q53_1	0	21552	1
q53_1	0	21553	0
q53_1	0	21554	1
q53_1	0	28517	1
q53_1	0	31233	1
q53_1	0	31234	1
q53_1	0	31235	1
q53_1	0	31236	1
q53_2	0	53	3
q53_2	0	1480	1
q53_2	0	1481	2
q53_2	0	1482	1
q53_2	0	1483	1
q53_2	0	1484	2
q53_2	0	1485	2
q53_2	0	1486	1
q53_2	0	1487	1
q53_2	0	1488	1
q53_2	0	1489	2
q53_2	0	1470	2
q53_2	0	1471	1
q53_2	0	1472	1
q53_2	0	1473	2
q53_2	0	1474	2
q53_2	0	1476	1
q53_2	0	1477	1
q53_2	0	1478	1
q53_2	0	1479	1
q53_3	0	16402	1
q53_3	0	16403	1
q53_3	0	16404	1
q53_3	0	16405	1
q53_3	0	16406	1
q53_3	0	16407	1
q53_3	0	16408	1
q53_3	0	26270	2
q53_3	0	21930	1
q53_3	0	1246	1
q53_3	0	28848	1
q53_3	0	28850	1
q53_3	0	28723	2
q53_3	0	28793	1
q53_3	0	22939	1
q53_3	0	22940	1
q53_3	0	25674	2
q53_3	0	14569	0
q53_3	0	14570	0
q53_3	0	14571	0
q53_4	0	21540	2
q53_4	0	21541	2
q53_4	0	21542	3
q53_4	0	21543	2
q53_4	0	21544	2
q53_4	0	21545	2
q53_4	0	21546	2
q53_4	0	21547	2
q53_4	0	21548	2
q53_4	0	21549	2
q53_4	0	21550	3
q53_4	0	21551	2
q53_4	0	21552	2
q53_4	0	21553	2
q53_4	0	21554	3
q53_4	0	28517	1
q53_4	0	31233	2
q53_4	0	31234	2
q53_4	0	31235	2
q53_4	0	31236	2
q53_5	0	15468	1
q53_5	0	11098	0
q53_5	0	53	3
q53_5	0	10272	0
q53_5	0	10273	1
q53_5	0	10274	1
q53_5	0	10275	1
q53_5	0	10276	1
q53_5	0	10277	1
q53_5	0	10278	0
q53_5	0	48	1
q53_5	0	49	2
q53_5	0	50	2
q53_5	0	51	1
q53_5	0	52	2
q53_5	0	54	2
q53_5	0	55	2
q53_5	0	56	1
q53_5	0	57	2
q53_5	0	58	1
q54_1	0	54	3
q54_1	0	18129	2
q54_1	0	18130	1
q54_1	0	18131	1
q54_1	0	18132	1
q54_1	0	18133	2
q54_1	0	13617	0
q54_1	0	13618	0
q54_1	0	13619	1
q54_1	0	13620	0
q54_1	0	13621	1
q54_1	0	13622	0
q54_1	0	13623	0
q54_1	0	13624	1
q54_1	0	13625	0
q54_1	0	13626	0
q54_1	0	13627	0
q54_1	0	13628	0
q54_1	0	13629	0
q54_1	0	13630	0
q54_2	0	54	2
q54_2	0	15881	0
q54_2	0	15882	0
q54_2	0	11072	0
q54_2	0	9728	0
q54_2	0	9729	0
q54_2	0	9730	0
q54_2	0	9731	0
q54_2	0	9732	0
q54_2	0	9733	0
q54_2	0	9734	0
q54_2	0	9936	0
q54_2	0	9937	0
q54_2	0	9938	0
q54_2	0	9939	0
q54_2	0	9940	0
q54_2	0	2966	0
q54_2	0	4469	0
q54_2	0	4601	0
q54_2	0	4602	0
q54_3	0	48	3
q54_3	0	49	3
q54_3	0	50	3
q54_3	0	51	3
q54_3	0	52	1
q54_3	0	53	3
q54_3	0	54	3
q54_3	0	55	3
q54_3	0	56	3
q54_3	0	57	3
q54_3	0	58	3
q54_3	0	59	3
q54_3	0	60	3
q54_3	0	10272	0
q54_3	0	10273	1
q54_3	0	10274	0
q54_3	0	10275	0
q54_3	0	10276	0
q54_3	0	10277	0
q54_3	0	10278	0
q54_4	0	17264	0
q54_4	0	17265	0
q54_4	0	17266	0
q54_4	0	17267	1
q54_4	0	17268	0
q54_4	0	54	3
q54_4	0	11652	0
q54_4	0	7834	0
q54_4	0	13555	0
q54_4	0	53	1
q54_4	0	8803	1
q54_4	0	26578	0
q54_4	0	27797	0
q54_4	0	12303	0
q54_4	0	29254	0
q54_4	0	2190	0
q54_4	0	25297	0
q54_4	0	13259	0
q54_4	0	17691	0
q54_4	0	30724	0
q54_5	0	15015	0
q54_5	0	15016	0
q54_5	0	15017	0
q54_5	0	15018	1
q54_5	0	15215	0
q54_5	0	15216	0
q54_5	0	15217	0
q54_5	0	15218	1
q54_5	0	15219	0
q54_5	0	15220	0
q54_5	0	15221	0
q54_5	0	15222	0
q54_5	0	15223	0
q54_5	0	19458	0
q54_5	0	3487	0
q54_5	0	15020	1
q54_5	0	15021	0
q54_5	0	15022	1
q54_5	0	15023	1
q54_5	0	15024	1
q55_1	0	11280	2
q55_1	0	11281	2
q55_1	0	11282	2
q55_1	0	11283	2
q55_1	0	11284	3
q55_1	0	11285	2
q55_1	0	15015	0
q55_1	0	15016	0
q55_1	0	15017	0
q55_1	0	15018	1
q55_1	0	11286	3
q55_1	0	11287	2
q55_1	0	11288	2
q55_1	0	11289	2
q55_1	0	11290	3
q55_1	0	11291	3
q55_1	0	22678	1
q55_1	0	15215	0
q55_1	0	15216	0
q55_1	0	15217	0
q55_2	0	55	3
q55_2	0	10272	0
q55_2	0	10273	0
q55_2	0	10274	0
q55_2	0	10275	0
q55_2	0	10276	1
q55_2	0	10277	1
q55_2	0	10278	0
q55_2	0	48	2
q55_2	0	49	1
q55_2	0	50	1
q55_2	0	51	1
q55_2	0	52	1
q55_2	0	53	1
q55_2	0	54	1
q55_2	0	56	1
q55_2	0	57	1
q55_2	0	58	1
q55_2	0	59	2
q55_2	0	60	1
q55_3	0	21930	2
q55_3	0	22939	2
q55_3	0	22940	2
q55_3	0	1246	2
q55_3	0	28268	2
q55_3	0	26270	2
q55_3	0	1247	2
q55_3	0	25674	2
q55_3	0	31691	2
q55_3	0	22936	2
q55_3	0	872	1
q55_3	0	23608	1
q55_3	0	28848	1
q55_3	0	28850	0
q55_3	0	13973	1
q55_3	0	873	1
q55_3	0	28723	1
q55_3	0	28793	1
q55_3	0	22935	1
q55_3	0	2299	1
q55_4	0	10272	1
q55_4	0	10273	0
q55_4	0	10274	1
q55_4	0	10275	1
q55_4	0	10276	1
q55_4	0	10277	1
q55_4	0	10278	1
q55_4	0	48	1
q55_4	0	49	0
q55_4	0	50	1
q55_4	0	51	1
q55_4	0	52	0
q55_4	0	53	0
q55_4	0	54	0
q55_4	0	55	3
q55_4	0	56	1
q55_4	0	57	0
q55_4	0	58	1
q55_4	0	59	1
q55_4	0	60	1
q55_5	0	11098	0
q55_5	0	55	3
q55_5	0	10272	0
q55_5	0	10273	0
q55_5	0	10274	0
q55_5	0	10275	0
q55_5	0	10276	0
q55_5	0	10277	0
q55_5	0	10278	0
q55_5	0	48	2
q55_5	0	49	1
q55_5	0	50	1
q55_5	0	51	1
q55_5	0	52	1
q55_5	0	53	1
q55_5	0	54	1
q55_5	0	56	1
q55_5	0	57	1
q55_5	0	58	1
q55_5	0	59	1
q56_1	0	10272	0
q56_1	0	10273	2
q56_1	0	10274	0
q56_1	0	10275	1
q56_1	0	10276	1
q56_1	0	10277	1
q56_1	0	10278	1
q56_1	0	7863	1
q56_1	0	7864	1
q56_1	0	7865	1
q56_1	0	7866	1
q56_1	0	7867	1
q56_1	0	7868	1
q56_1	0	7869	1
q56_1	0	7870	1
q56_1	0	7871	1
q56_1	0	7872	1
q56_1	0	2635	2
q56_1	0	2636	1
q56_1	0	2637	1
q56_2	0	48	2
q56_2	0	49	3
q56_2	0	50	3
q56_2	0	51	3
q56_2	0	52	3
q56_2	0	53	3
q56_2	0	54	3
q56_2	0	55	3
q56_2	0	56	3
q56_2	0	57	3
q56_2	0	58	3
q56_2	0	59	3
q56_2	0	60	3
q56_2	0	10272	0
q56_2	0	10273	1
q56_2	0	10274	0
q56_2	0	10275	0
q56_2	0	10276	0
q56_2	0	10277	0
q56_2	0	10278	0
q56_3	0	7863	1
q56_3	0	7864	1
q56_3	0	7865	1
q56_3	0	7866	1
q56_3	0	7867	1
q56_3	0	7868	0
q56_3	0	7869	0
q56_3	0	7870	0
q56_3	0	7871	1
q56_3	0	7872	0
q56_3	0	7873	1
q56_3	0	7874	1
q56_3	0	7875	1
q56_3	0	7876	1
q56_3	0	34938	0
q56_3	0	34939	1
q56_3	0	34940	1
q56_3	0	34941	1
q56_3	0	34942	1
q56_3	0	34943	0
q56_4	0	11098	0
q56_4	0	16639	0
q56_4	0	16640	0
q56_4	0	16641	0
q56_4	0	16642	0
q56_4	0	16643	0
q56_4	0	10272	0
q56_4	0	10273	1
q56_4	0	10274	1
q56_4	0	10275	0
q56_4	0	10276	0
q56_4	0	10277	0
q56_4	0	10278	0
q56_4	0	48	2
q56_4	0	49	2
q56_4	0	50	1
q56_4	0	51	1
q56_4	0	52	1
q56_4	0	53	2
q56_4	0	54	1
q56_5	0	22269	0
q56_5	0	28721	1
q56_5	0	25523	0
q56_5	0	2972	0
q56_5	0	2973	1
q56_5	0	2974	0
q56_5	0	2975	1
q56_5	0	2976	1
q56_5	0	2977	1
q56_5	0	5624	0
q56_5	0	5625	0
q56_5	0	5626	0
q56_5	0	5627	0
q56_5	0	5628	0
q56_5	0	11677	0
q56_5	0	34391	0
q56_5	0	34392	0
q56_5	0	18242	1
q56_5	0	18243	1
q56_5	0	18244	1
q57_1	0	1362	2
q57_1	0	1363	1
q57_1	0	1364	1
q57_1	0	1365	1
q57_1	0	1366	1
q57_1	0	8265	0
q57_1	0	8266	0
q57_1	0	8267	0
q57_1	0	8268	0
q57_1	0	8269	0
q57_1	0	11030	0
q57_1	0	27215	0
q57_1	0	27216	0
q57_1	0	27217	0
q57_1	0	27218	0
q57_1	0	27219	0
q57_1	0	27220	0
q57_1	0	11364	0
q57_1	0	1250	0
q57_1	0	1251	0
q57_2	0	48	2
q57_2	0	49	2
q57_2	0	50	1
q57_2	0	51	2
q57_2	0	52	1
q57_2	0	53	2
q57_2	0	54	2
q57_2	0	55	2
q57_2	0	56	2
q57_2	0	57	3
q57_2	0	58	2
q57_2	0	59	1
q57_2	0	60	1
q57_2	0	10272	0
q57_2	0	10273	1
q57_2	0	10274	1
q57_2	0	10275	0
q57_2	0	10276	0
q57_2	0	10277	0
q57_2	0	10278	0
q57_3	0	18242	1
q57_3	0	18243	0
q57_3	0	18244	1
q57_3	0	18245	1
q57_3	0	18246	1
q57_3	0	18247	1
q57_3	0	18248	1
q57_3	0	18249	1
q57_3	0	18250	0
q57_3	0	18251	0
q57_3	0	18252	1
q57_3	0	18253	0
q57_3	0	18254	1
q57_3	0	18255	1
q57_3	0	18256	1
q57_3	0	18257	1
q57_3	0	18258	1
q57_3	0	18259	0
q57_3	0	18260	0
q57_3	0	18261	1
q57_4	0	15015	0
q57_4	0	15016	0
q57_4	0	15017	0
q57_4	0	15018	1
q57_4	0	15215	0
q57_4	0	15216	0
q57_4	0	15217	0
q57_4	0	15218	1
q57_4	0	15219	0
q57_4	0	15220	0
q57_4	0	15221	0
q57_4	0	15222	0
q57_4	0	15223	0
q57_4	0	19458	0
q57_4	0	3487	0
q57_4	0	15020	0
q57_4	0	15021	0
q57_4	0	15022	1
q57_4	0	15023	1
q57_4	0	15024	1
q57_5	0	1362	3
q57_5	0	1363	3
q57_5	0	1364	3
q57_5	0	1365	3
q57_5	0	1366	3
q57_5	0	8265	0
q57_5	0	8266	0
q57_5	0	8267	1
q57_5	0	8268	0
q57_5	0	8269	1
q57_5	0	11030	1
q57_5	0	15326	0
q57_5	0	14991	0
q57_5	0	14992	0
q57_5	0	14993	0
q57_5	0	14994	0
q57_5	0	14995	0
q57_5	0	14996	0
q57_5	0	14997	0
q57_5	0	14998	0
q58_1	0	29153	1
q58_1	0	29154	1
q58_1	0	29155	1
q58_1	0	29156	1
q58_1	0	29157	1
q58_1	0	29158	1
q58_1	0	2686	1
q58_1	0	2687	1
q58_1	0	2688	1
q58_1	0	2689	1
q58_1	0	2690	1
q58_1	0	2696	1
q58_1	0	2697	1
q58_1	0	2698	1
q58_1	0	2699	1
q58_1	0	2700	1
q58_1	0	2701	1
q58_1	0	2702	0
q58_1	0	2703	1
q58_1	0	2691	1
q58_2	0	25416	3
q58_2	0	25417	2
q58_2	0	25418	3
q58_2	0	25419	1
q58_2	0	25420	1
q58_2	0	25421	1
q58_2	0	25422	1
q58_2	0	25423	1
q58_2	0	25424	1
q58_2	0	25425	1
q58_2	0	25426	1
q58_2	0	25427	1
q58_2	0	25428	1
q58_2	0	25429	1
q58_2	0	25430	1
q58_2	0	25431	1
q58_2	0	25432	1
q58_2	0	25433	1
q58_2	0	25434	1
q58_2	0	25435	1
q58_3	0	48	3
q58_3	0	49	3
q58_3	0	50	3
q58_3	0	51	3
q58_3	0	52	3
q58_3	0	53	3
q58_3	0	54	3
q58_3	0	55	3
q58_3	0	56	3
q58_3	0	57	3
q58_3	0	58	3
q58_3	0	59	3
q58_3	0	60	3
q58_3	0	10272	0
q58_3	0	10273	1
q58_3	0	10274	1
q58_3	0	10275	1
q58_3	0	10276	1
q58_3	0	10277	1
q58_3	0	10278	0
q58_4	0	21930	3
q58_4	0	1246	3
q58_4	0	22939	2
q58_4	0	22940	2
q58_4	0	25674	3
q58_4	0	28268	3
q58_4	0	26270	3
q58_4	0	1247	3
q58_4	0	31691	3
q58_4	0	22936	2
q58_4	0	22935	2
q58_4	0	872	2
q58_4	0	23608	2
q58_4	0	13973	2
q58_4	0	873	2
q58_4	0	14556	2
q58_4	0	14569	0
q58_4	0	14570	0
q58_4	0	14571	0
q58_4	0	14572	0
q58_5	0	10272	0
q58_5	0	10273	1
q58_5	0	10274	0
q58_5	0	10275	1
q58_5	0	10276	1
q58_5	0	10277	1
q58_5	0	10278	1
q58_5	0	2635	2
q58_5	0	2636	2
q58_5	0	2637	2
q58_5	0	2638	2
q58_5	0	2639	3
q58_5	0	2640	3
q58_5	0	48	3
q58_5	0	49	2
q58_5	0	50	2
q58_5	0	51	2
q58_5	0	52	1
q58_5	0	53	2
q58_5	0	54	2
q59_1	0	10272	1
q59_1	0	10273	1
q59_1	0	10274	1
q59_1	0	10275	1
q59_1	0	10276	1
q59_1	0	10277	1
q59_1	0	10278	1
q59_1	0	2635	3
q59_1	0	2636	3
q59_1	0	2637	3
q59_1	0	2638	3
q59_1	0	2639	3
q59_1	0	2640	3
q59_1	0	48	3
q59_1	0	49	3
q59_1	0	50	3
q59_1	0	51	3
q59_1	0	52	3
q59_1	0	53	3
q59_1	0	54	3
q59_2	0	21930	2
q59_2	0	22939	2
q59_2	0	22940	2
q59_2	0	1246	1
q59_2	0	28268	2
q59_2	0	26270	2
q59_2	0	1247	2
q59_2	0	25674	2
q59_2	0	31691	2
q59_2	0	22936	1
q59_2	0	872	1
q59_2	0	23608	1
q59_2	0	28848	1
q59_2	0	28850	0
q59_2	0	13973	1
q59_2	0	873	1
q59_2	0	28723	1
q59_2	0	28793	1
q59_2	0	22935	1
q59_2	0	2299	1
q59_3	0	15618	1
q59_3	0	15619	1
q59_3	0	15620	1
q59_3	0	15621	1
q59_3	0	15622	1
q59_3	0	15623	1
q59_3	0	17380	1
q59_3	0	17381	1
q59_3	0	17382	1
q59_3	0	17318	1
q59_3	0	17319	2
q59_3	0	17320	2
q59_3	0	17321	1
q59_3	0	17322	1
q59_3	0	17323	2
q59_3	0	17324	1
q59_3	0	17325	2
q59_3	0	17326	1
q59_3	0	17327	1
q59_3	0	17328	1
q59_4	0	11098	0
q59_4	0	10272	0
q59_4	0	10273	1
q59_4	0	10274	0
q59_4	0	10275	0
q59_4	0	10276	0
q59_4	0	10277	0
q59_4	0	10278	0
q59_4	0	48	2
q59_4	0	49	1
q59_4	0	50	1
q59_4	0	51	1
q59_4	0	52	1
q59_4	0	53	1
q59_4	0	54	1
q59_4	0	55	1
q59_4	0	56	1
q59_4	0	57	1
q59_4	0	58	1
q59_4	0	59	3
q59_5	0	25524	2
q59_5	0	25525	1
q59_5	0	25526	0
q59_5	0	25527	1
q59_5	0	25528	0
q59_5	0	25529	1
q59_5	0	25530	0
q59_5	0	25531	1
q59_5	0	25532	1
q59_5	0	25533	0
q59_5	0	25534	0
q59_5	0	25535	0
q59_5	0	25536	0
q59_5	0	25537	0
q59_5	0	25538	1
q59_5	0	25539	1
q59_5	0	25540	1
q59_5	0	10768	0
q59_5	0	10769	1
q59_5	0	25541	0
q60_1	0	48	3
q60_1	0	49	3
q60_1	0	50	3
q60_1	0	51	3
q60_1	0	52	3
q60_1	0	53	3
q60_1	0	54	3
q60_1	0	55	3
q60_1	0	56	3
q60_1	0	57	3
q60_1	0	58	3
q60_1	0	59	3
q60_1	0	60	3
q60_1	0	10272	1
q60_1	0	10273	1
q60_1	0	10274	1
q60_1	0	10275	0
q60_1	0	10276	1
q60_1	0	10277	1
q60_1	0	10278	0
q60_2	0	21930	3
q60_2	0	1246	3
q60_2	0	22939	2
q60_2	0	22940	2
q60_2	0	25674	3
q60_2	0	28268	3
q60_2	0	26270	3
q60_2	0	1247	3
q60_2	0	31691	3
q60_2	0	22936	2
q60_2	0	22935	2
q60_2	0	872	2
q60_2	0	23608	2
q60_2	0	13973	2
q60_2	0	873	2
q60_2	0	14556	1
q60_2	0	14569	0
q60_2	0	14570	0
q60_2	0	14571	0
q60_2	0	14572	0
q60_3	0	10272	1
q60_3	0	10273	1
q60_3	0	10274	1
q60_3	0	10275	1
q60_3	0	10276	1
q60_3	0	10277	2
q60_3	0	10278	1
q60_3	0	2635	3
q60_3	0	2636	3
q60_3	0	2637	3
q60_3	0	2638	3
q60_3	0	2639	3
q60_3	0	2640	3
q60_3	0	48	3
q60_3	0	49	3
q60_3	0	50	3
q60_3	0	51	3
q60_3	0	52	3
q60_3	0	53	3
q60_3	0	54	3
q60_4	0	11098	0
q60_4	0	10272	0
q60_4	0	10273	1
q60_4	0	10274	1
q60_4	0	10275	0
q60_4	0	10276	1
q60_4	0	10277	1
q60_4	0	10278	0
q60_4	0	48	2
q60_4	0	49	2
q60_4	0	50	1
q60_4	0	51	1
q60_4	0	52	1
q60_4	0	53	1
q60_4	0	54	2
q60_4	0	55	2
q60_4	0	56	1
q60_4	0	57	1
q60_4	0	58	1
q60_4	0	59	2
q60_5	0	26270	3
q60_5	0	15015	0
q60_5	0	15016	0
q60_5	0	15017	0
q60_5	0	15018	1
q60_5	0	10790	0
q60_5	0	10791	0
q60_5	0	10792	0
q60_5	0	28268	2
q60_5	0	15215	0
q60_5	0	15216	0
q60_5	0	15217	0
q60_5	0	15218	1
q60_5	0	15219	0
q60_5	0	15220	0
q60_5	0	15221	0
q60_5	0	15222	0
q60_5	0	15223	0
q60_5	0	6554	0
q60_5	0	6555	0
q61_1	0	31089	3
q61_1	0	31090	3
q61_1	0	31091	3
q61_1	0	31092	3
q61_1	0	31093	3
q61_1	0	28690	3
q61_1	0	28721	0
q61_1	0	7400	1
q61_1	0	7401	1
q61_1	0	7402	1
q61_1	0	7403	1
q61_1	0	31110	3
q61_1	0	31111	3
q61_1	0	31112	3
q61_1	0	31113	2
q61_1	0	67	1
q61_1	0	68	1
q61_1	0	69	1
q61_1	0	28917	3
q61_1	0	31700	2
q61_2	0	61	3
q61_2	0	62	1
q61_2	0	63	1
q61_2	0	64	1
q61_2	0	65	1
q61_2	0	28681	1
q61_2	0	70	1
q61_2	0	79	1
q61_2	0	80	1
q61_2	0	81	1
q61_2	0	28682	1
q61_2	0	28684	1
q61_2	0	67	1
q61_2	0	68	1
q61_2	0	69	1
q61_2	0	71	1
q61_2	0	72	1
q61_2	0	73	1
q61_2	0	74	1
q61_2	0	75	1
q61_3	0	28681	2
q61_3	0	28682	1
q61_3	0	28684	2
q61_3	0	2956	1
q61_3	0	2957	1
q61_3	0	2958	1
q61_3	0	4985	1
q61_3	0	4986	0
q61_3	0	4987	1
q61_3	0	4988	1
q61_3	0	4989	1
q61_3	0	4990	1
q61_3	0	4991	1
q61_3	0	4992	1
q61_3	0	4993	1
q61_3	0	4994	1
q61_3	0	4995	0
q61_3	0	4996	1
q61_3	0	4997	1
q61_3	0	4998	1
q61_4	0	31089	1
q61_4	0	31090	1
q61_4	0	31091	1
q61_4	0	31092	1
q61_4	0	31093	1
q61_4	0	31110	1
q61_4	0	31111	1
q61_4	0	31112	1
q61_4	0	31113	1
q61_4	0	28917	2
q61_4	0	31700	1
q61_4	0	31701	1
q61_4	0	28690	2
q61_4	0	28689	1
q61_4	0	28681	1
q61_4	0	10071	2
q61_4	0	28682	1
q61_4	0	28684	2
q61_4	0	31706	2
q61_4	0	2956	1
q61_5	0	31089	3
q61_5	0	31090	3
q61_5	0	31091	3
q61_5	0	31092	3
q61_5	0	31093	3
q61_5	0	31110	3
q61_5	0	31111	3
q61_5	0	31112	3
q61_5	0	31113	3
q61_5	0	28917	3
q61_5	0	31700	3
q61_5	0	31701	3
q61_5	0	28690	3
q61_5	0	28689	2
q61_5	0	7501	0
q61_5	0	7502	1
q61_5	0	7503	0
q61_5	0	7504	0
q61_5	0	7505	0
q61_5	0	7506	0
q62_1	0	31089	3
q62_1	0	31090	3
q62_1	0	31091	3
q62_1	0	31092	3
q62_1	0	31093	3
q62_1	0	28690	3
q62_1	0	7400	1
q62_1	0	7401	1
q62_1	0	7402	1
q62_1	0	7403	1
q62_1	0	31110	3
q62_1	0	31111	3
q62_1	0	31112	3
q62_1	0	31113	3
q62_1	0	67	1
q62_1	0	68	1
q62_1	0	69	1
q62_1	0	28917	3
q62_1	0	31700	2
q62_1	0	31701	2
q62_2	0	61	2
q62_2	0	62	3
q62_2	0	63	1
q62_2	0	64	1
q62_2	0	65	1
q62_2	0	28681	1
q62_2	0	70	1
q62_2	0	79	1
q62_2	0	80	1
q62_2	0	81	1
q62_2	0	28682	1
q62_2	0	28684	1
q62_2	0	67	1
q62_2	0	68	1
q62_2	0	69	1
q62_2	0	71	1
q62_2	0	72	1
q62_2	0	73	1
q62_2	0	74	1
q62_2	0	75	1
q62_3	0	10071	3
q62_3	0	65	3
q62_3	0	21559	2
q62_3	0	13990	3
q62_3	0	66	3
q62_3	0	83	1
q62_3	0	25670	1
q62_3	0	84	1
q62_3	0	25672	1
q62_3	0	25674	1
q62_3	0	13992	3
q62_3	0	14055	3
q62_3	0	25671	1
q62_3	0	25673	1
q62_3	0	12553	1
q62_3	0	25965	1
q62_3	0	32666	1
q62_3	0	25987	1
q62_3	0	7505	1
q62_3	0	7506	1
q62_4	0	62	3
q62_4	0	19188	1
q62_4	0	21526	2
q62_4	0	31706	1
q62_4	0	17591	3
q62_4	0	28916	1
q62_4	0	31140	3
q62_4	0	26161	2
q62_4	0	9924	1
q62_4	0	30994	1
q62_4	0	30995	2
q62_4	0	30996	0
q62_4	0	30997	1
q62_4	0	30998	1
q62_4	0	30999	1
q62_4	0	31000	1
q62_4	0	31001	1
q62_4	0	31002	1
q62_4	0	31003	1
q62_4	0	31004	1
q62_5	0	61	3
q62_5	0	62	3
q62_5	0	63	3
q62_5	0	64	3
q62_5	0	65	3
q62_5	0	28681	3
q62_5	0	28682	2
q62_5	0	28684	2
q62_5	0	21555	2
q62_5	0	21556	3
q62_5	0	21557	3
q62_5	0	21558	2
q62_5	0	21559	3
q62_5	0	21560	3
q62_5	0	70	3
q62_5	0	79	3
q62_5	0	80	3
q62_5	0	81	3
q62_5	0	28690	3
q62_5	0	67	3
q63_1	0	31089	3
q63_1	0	31090	3
q63_1	0	31091	3
q63_1	0	31092	3
q63_1	0	31093	3
q63_1	0	31110	3
q63_1	0	31111	3
q63_1	0	31112	3
q63_1	0	31113	3
q63_1	0	28917	3
q63_1	0	31700	2
q63_1	0	31701	2
q63_1	0	28690	3
q63_1	0	23630	2
q63_1	0	23631	2
q63_1	0	84	3
q63_1	0	28689	2
q63_1	0	1313	3
q63_1	0	1314	3
q63_1	0	1315	2
q63_2	0	61	2
q63_2	0	62	1
q63_2	0	63	3
q63_2	0	64	1
q63_2	0	65	1
q63_2	0	28681	1
q63_2	0	70	1
q63_2	0	79	1
q63_2	0	80	1
q63_2	0	81	1
q63_2	0	28682	1
q63_2	0	28684	1
q63_2	0	67	1
q63_2	0	68	1
q63_2	0	69	1
q63_2	0	71	1
q63_2	0	72	1
q63_2	0	73	2
q63_2	0	74	1
q63_2	0	75	1
q63_3	0	10071	3
q63_3	0	13990	3
q63_3	0	65	3
q63_3	0	66	3
q63_3	0	21559	2
q63_3	0	14055	3
q63_3	0	13992	3
q63_3	0	12553	1
q63_3	0	25965	2
q63_3	0	32666	1
q63_3	0	31700	2
q63_3	0	10064	3
q63_3	0	25987	2
q63_3	0	11649	1
q63_3	0	11650	1
q63_3	0	7505	1
q63_3	0	7506	1
q63_3	0	28123	2
q63_3	0	11003	2
q63_3	0	32833	2
q63_4	0	31089	2
q63_4	0	31090	3
q63_4	0	31091	2
q63_4	0	31092	3
q63_4	0	31093	2
q63_4	0	31110	2
q63_4	0	31111	2
q63_4	0	31112	2
q63_4	0	31113	2
q63_4	0	28917	3
q63_4	0	31700	2
q63_4	0	31701	2
q63_4	0	28690	3
q63_4	0	28689	2
q63_4	0	34908	0
q63_4	0	34909	0
q63_4	0	34910	0
q63_4	0	34911	1
q63_4	0	34912	0
q63_4	0	34913	0
q63_5	0	31089	1
q63_5	0	31090	1
q63_5	0	31091	1
q63_5	0	31092	1
q63_5	0	31093	1
q63_5	0	28690	3
q63_5	0	67	2
q63_5	0	68	2
q63_5	0	69	1
q63_5	0	31701	2
q63_5	0	28925	1
q63_5	0	84	3
q63_5	0	7400	1
q63_5	0	7401	1
q63_5	0	7402	1
q63_5	0	7403	1
q63_5	0	31110	1
q63_5	0	31111	1
q63_5	0	31112	1
q63_5	0	31113	1
q64_1	0	31089	3
q64_1	0	31090	3
q64_1	0	31091	3
q64_1	0	31092	3
q64_1	0	31093	3
q64_1	0	31110	3
q64_1	0	31111	3
q64_1	0	31112	3
q64_1	0	31113	3
q64_1	0	28917	3
q64_1	0	31700	3
q64_1	0	31701	3
q64_1	0	28690	3
q64_1	0	23630	2
q64_1	0	23631	2
q64_1	0	84	3
q64_1	0	28689	2
q64_1	0	1313	2
q64_1	0	1314	3
q64_1	0	1315	3
q64_2	0	61	2
q64_2	0	62	1
q64_2	0	63	1
q64_2	0	64	3
q64_2	0	65	1
q64_2	0	70	1
q64_2	0	79	1
q64_2	0	80	1
q64_2	0	81	1
q64_2	0	28681	1
q64_2	0	67	1
q64_2	0	68	1
q64_2	0	69	1
q64_2	0	71	1
q64_2	0	72	1
q64_2	0	73	1
q64_2	0	74	1
q64_2	0	75	1
q64_2	0	76	1
q64_2	0	77	2
q64_3	0	10071	3
q64_3	0	13990	3
q64_3	0	65	3
q64_3	0	66	3
q64_3	0	21559	2
q64_3	0	14055	3
q64_3	0	13992	3
q64_3	0	12553	1
q64_3	0	25965	2
q64_3	0	32666	1
q64_3	0	31700	2
q64_3	0	10064	3
q64_3	0	25987	2
q64_3	0	11649	1
q64_3	0	11650	1
q64_3	0	7505	2
q64_3	0	7506	1
q64_3	0	28123	2
q64_3	0	11003	2
q64_3	0	32833	2
q64_4	0	22953	1
q64_4	0	22954	2
q64_4	0	22955	2
q64_4	0	22956	2
q64_4	0	22957	1
q64_4	0	18917	0
q64_4	0	12358	1
q64_4	0	26683	0
q64_4	0	26684	0
q64_4	0	26685	0
q64_4	0	26686	0
q64_4	0	26687	0
q64_4	0	28681	3
q64_4	0	3454	0
q64_4	0	20414	0
q64_4	0	20415	0
q64_4	0	20416	0
q64_4	0	20417	0
q64_4	0	20418	0
q64_4	0	20419	0
q64_5	0	31089	2
q64_5	0	31090	2
q64_5	0	31091	1
q64_5	0	31092	1
q64_5	0	31093	2
q64_5	0	31110	2
q64_5	0	31111	1
q64_5	0	31112	2
q64_5	0	31113	2
q64_5	0	28917	3
q64_5	0	31700	1
q64_5	0	31701	1
q64_5	0	28690	2
q64_5	0	23630	1
q64_5	0	23631	1
q64_5	0	84	2
q64_5	0	28689	1
q64_5	0	23332	0
q64_5	0	23333	0
q64_5	0	23334	0
q65_1	0	18917	0
q65_1	0	22953	1
q65_1	0	22954	1
q65_1	0	22955	1
q65_1	0	22956	1
q65_1	0	22957	1
q65_1	0	8225	0
q65_1	0	8226	0
q65_1	0	8227	0
q65_1	0	8228	0
q65_1	0	28812	0
q65_1	0	28866	0
q65_1	0	12358	0
q65_1	0	28681	2
q65_1	0	28804	0
q65_1	0	28682	2
q65_1	0	28684	2
q65_1	0	21331	1
q65_1	0	2956	1
q65_1	0	2957	2
q65_2	0	31089	1
q65_2	0	31090	1
q65_2	0	31091	1
q65_2	0	31092	1
q65_2	0	31093	1
q65_2	0	28690	3
q65_2	0	67	2
q65_2	0	68	2
q65_2	0	69	1
q65_2	0	31701	2
q65_2	0	7400	1
q65_2	0	7401	1
q65_2	0	7402	1
q65_2	0	7403	1
q65_2	0	31110	1
q65_2	0	31111	1
q65_2	0	31112	1
q65_2	0	31113	1
q65_2	0	28689	2
q65_2	0	28917	2
q65_3	0	83	1
q65_3	0	25670	1
q65_3	0	84	1
q65_3	0	25672	1
q65_3	0	25674	1
q65_3	0	21559	2
q65_3	0	25671	1
q65_3	0	25673	2
q65_3	0	65	3
q65_3	0	10071	3
q65_3	0	66	3
q65_3	0	25965	1
q65_3	0	13990	3
q65_3	0	25987	1
q65_3	0	14055	3
q65_3	0	7505	1
q65_3	0	7506	1
q65_3	0	28123	1
q65_3	0	31700	3
q65_3	0	13992	3
q65_4	0	19188	2
q65_4	0	21177	1
q65_4	0	21178	0
q65_4	0	21179	0
q65_4	0	21180	1
q65_4	0	21181	0
q65_4	0	23595	1
q65_4	0	23596	1
q65_4	0	23597	1
q65_4	0	23598	1
q65_4	0	24503	0
q65_4	0	24504	0
q65_4	0	24505	0
q65_4	0	24506	0
q65_4	0	31140	2
q65_4	0	26091	2
q65_4	0	4994	2
q65_4	0	5013	2
q65_4	0	17591	2
q65_4	0	25562	2
q65_5	0	61	2
q65_5	0	62	1
q65_5	0	63	1
q65_5	0	64	1
q65_5	0	65	3
q65_5	0	28681	3
q65_5	0	70	2
q65_5	0	79	1
q65_5	0	80	1
q65_5	0	81	1
q65_5	0	28682	1
q65_5	0	28684	2
q65_5	0	67	1
q65_5	0	68	1
q65_5	0	69	2
q65_5	0	71	2
q65_5	0	72	2
q65_5	0	73	1
q65_5	0	74	1
q65_5	0	75	2
q66_1	0	31089	3
q66_1	0	31090	3
q66_1	0	31091	3
q66_1	0	31092	3
q66_1	0	31093	3
q66_1	0	28690	3
q66_1	0	7400	1
q66_1	0	7401	2
q66_1	0	7402	1
q66_1	0	7403	1
q66_1	0	31110	3
q66_1	0	31111	3
q66_1	0	31112	3
q66_1	0	31113	3
q66_1	0	67	1
q66_1	0	68	1
q66_1	0	69	1
q66_1	0	28917	3
q66_1	0	31700	2
q66_1	0	31701	2
q66_2	0	10071	3
q66_2	0	65	3
q66_2	0	21559	2
q66_2	0	13990	3
q66_2	0	66	3
q66_2	0	83	1
q66_2	0	25670	1
q66_2	0	84	1
q66_2	0	25672	1
q66_2	0	25674	1
q66_2	0	13992	3
q66_2	0	14055	3
q66_2	0	25671	1
q66_2	0	25673	1
q66_2	0	12553	1
q66_2	0	25965	1
q66_2	0	32666	1
q66_2	0	25987	1
q66_2	0	7505	1
q66_2	0	7506	1
q66_3	0	61	3
q66_3	0	62	3
q66_3	0	63	3
q66_3	0	64	3
q66_3	0	65	3
q66_3	0	70	3
q66_3	0	79	2
q66_3	0	80	2
q66_3	0	81	2
q66_3	0	28681	2
q66_3	0	67	2
q66_3	0	68	3
q66_3	0	69	2
q66_3	0	71	3
q66_3	0	72	3
q66_3	0	73	3
q66_3	0	74	3
q66_3	0	75	3
q66_3	0	76	3
q66_3	0	77	3
q66_4	0	18917	0
q66_4	0	22953	1
q66_4	0	22954	1
q66_4	0	22955	1
q66_4	0	22956	1
q66_4	0	22957	0
q66_4	0	12358	0
q66_4	0	11385	0
q66_4	0	19188	1
q66_4	0	5237	1
q66_4	0	5238	0
q66_4	0	16651	0
q66_4	0	16652	0
q66_4	0	16653	0
q66_4	0	16654	0
q66_4	0	16655	0
q66_4	0	21168	0
q66_4	0	21169	0
q66_4	0	21170	0
q66_4	0	21171	0
q66_5	0	25382	3
q66_5	0	28167	3
q66_5	0	10658	3
q66_5	0	66	3
q66_5	0	25126	3
q66_5	0	33655	2
q66_5	0	5634	3
q66_5	0	34369	2
q66_5	0	22257	3
q66_5	0	31251	2
q66_5	0	31252	2
q66_5	0	31253	3
q66_5	0	31254	2
q66_5	0	31255	3
q66_5	0	31256	3
q66_5	0	11842	3
q66_5	0	11843	3
q66_5	0	11844	3
q66_5	0	11845	3
q66_5	0	11846	3
q67_1	0	7400	3
q67_1	0	7401	3
q67_1	0	7402	3
q67_1	0	7403	3
q67_1	0	67	3
q67_1	0	68	3
q67_1	0	69	3
q67_1	0	83	1
q67_1	0	84	1
q67_1	0	31089	1
q67_1	0	31090	2
q67_1	0	31091	1
q67_1	0	31092	1
q67_1	0	31093	1
q67_1	0	28690	2
q67_1	0	13998	1
q67_1	0	13999	1
q67_1	0	14000	1
q67_1	0	7409	1
q67_1	0	7410	1
q67_2	0	67	3
q67_2	0	68	3
q67_2	0	69	3
q67_2	0	61	1
q67_2	0	62	2
q67_2	0	63	2
q67_2	0	64	2
q67_2	0	65	2
q67_2	0	28681	2
q67_2	0	70	1
q67_2	0	79	2
q67_2	0	80	2
q67_2	0	81	1
q67_2	0	28682	1
q67_2	0	28684	2
q67_2	0	71	1
q67_2	0	72	2
q67_2	0	73	2
q67_2	0	74	2
q67_2	0	75	2
q67_3	0	67	3
q67_3	0	68	3
q67_3	0	69	3
q67_3	0	61	2
q67_3	0	62	1
q67_3	0	63	1
q67_3	0	64	2
q67_3	0	65	2
q67_3	0	7400	1
q67_3	0	7401	1
q67_3	0	7402	1
q67_3	0	7403	1
q67_3	0	28681	2
q67_3	0	28682	1
q67_3	0	28684	2
q67_3	0	21555	2
q67_3	0	21556	1
q67_3	0	21557	1
q67_3	0	21558	1
q67_3	0	21559	1
q67_4	0	20753	0
q67_4	0	20754	0
q67_4	0	20755	0
q67_4	0	20756	0
q67_4	0	20757	0
q67_4	0	20758	0
q67_4	0	20759	0
q67_4	0	20760	0
q67_4	0	20761	0
q67_4	0	20762	0
q67_4	0	83	1
q67_4	0	25670	1
q67_4	0	84	0
q67_4	0	25672	0
q67_4	0	25674	1
q67_4	0	2972	0
q67_4	0	2973	0
q67_4	0	2974	1
q67_4	0	2975	1
q67_4	0	2976	0
q67_5	0	9913	0
q67_5	0	7400	2
q67_5	0	7401	3
q67_5	0	7402	2
q67_5	0	7403	2
q67_5	0	67	3
q67_5	0	68	2
q67_5	0	69	3
q67_5	0	84	1
q67_5	0	23243	1
q67_5	0	23406	2
q67_5	0	23407	2
q67_5	0	23408	1
q67_5	0	23409	2
q67_5	0	23410	2
q67_5	0	23411	1
q67_5	0	23412	1
q67_5	0	23413	1
q67_5	0	23414	1
q67_5	0	23415	1
q68_1	0	7400	3
q68_1	0	7401	3
q68_1	0	7402	3
q68_1	0	7403	3
q68_1	0	67	3
q68_1	0	68	3
q68_1	0	69	3
q68_1	0	31089	0
q68_1	0	31090	1
q68_1	0	31091	1
q68_1	0	31092	1
q68_1	0	31093	1
q68_1	0	28690	1
q68_1	0	13998	1
q68_1	0	13999	1
q68_1	0	14000	2
q68_1	0	7409	1
q68_1	0	7410	1
q68_1	0	7411	1
q68_1	0	7412	1
q68_2	0	67	3
q68_2	0	68	3
q68_2	0	69	3
q68_2	0	61	1
q68_2	0	62	1
q68_2	0	63	1
q68_2	0	64	1
q68_2	0	65	1
q68_2	0	28681	2
q68_2	0	70	1
q68_2	0	79	1
q68_2	0	80	1
q68_2	0	81	1
q68_2	0	28682	1
q68_2	0	28684	2
q68_2	0	71	1
q68_2	0	72	1
q68_2	0	73	1
q68_2	0	74	1
q68_2	0	75	1
q68_3	0	83	1
q68_3	0	25670	1
q68_3	0	84	1
q68_3	0	25671	1
q68_3	0	7279	1
q68_3	0	7280	1
q68_3	0	7281	1
q68_3	0	7282	1
q68_3	0	7283	1
q68_3	0	7284	1
q68_3	0	7285	1
q68_3	0	7286	0
q68_3	0	7287	1
q68_3	0	7288	1
q68_3	0	7289	1
q68_3	0	7290	1
q68_3	0	7291	1
q68_3	0	7292	1
q68_3	0	7293	1
q68_3	0	7294	1
q68_4	0	7400	1
q68_4	0	7401	2
q68_4	0	7402	1
q68_4	0	7403	1
q68_4	0	67	3
q68_4	0	68	3
q68_4	0	69	3
q68_4	0	20753	0
q68_4	0	20754	0
q68_4	0	20755	0
q68_4	0	20756	1
q68_4	0	20757	0
q68_4	0	20758	0
q68_4	0	20759	0
q68_4	0	20760	0
q68_4	0	20761	0
q68_4	0	20762	1
q68_4	0	28681	1
q68_4	0	28682	1
q68_4	0	28684	1
q68_5	0	68	3
q68_5	0	28681	2
q68_5	0	24885	0
q68_5	0	28682	1
q68_5	0	28684	2
q68_5	0	2956	1
q68_5	0	2957	1
q68_5	0	2958	1
q68_5	0	4985	1
q68_5	0	4986	1
q68_5	0	4987	1
q68_5	0	4988	2
q68_5	0	4989	1
q68_5	0	4990	1
q68_5	0	4991	2
q68_5	0	4992	2
q68_5	0	4993	1
q68_5	0	4994	1
q68_5	0	4995	1
q68_5	0	4996	1
q69_1	0	7400	3
q69_1	0	7401	3
q69_1	0	7402	3
q69_1	0	7403	3
q69_1	0	67	3
q69_1	0	68	3
q69_1	0	69	3
q69_1	0	31089	0
q69_1	0	31090	1
q69_1	0	31091	1
q69_1	0	31092	1
q69_1	0	31093	0
q69_1	0	28690	1
q69_1	0	13998	0
q69_1	0	13999	1
q69_1	0	14000	1
q69_1	0	7409	1
q69_1	0	7410	1
q69_1	0	7411	1
q69_1	0	7412	1
q69_2	0	67	3
q69_2	0	68	3
q69_2	0	69	3
q69_2	0	61	1
q69_2	0	62	1
q69_2	0	63	1
q69_2	0	64	1
q69_2	0	65	1
q69_2	0	28681	1
q69_2	0	70	1
q69_2	0	79	1
q69_2	0	80	0
q69_2	0	81	1
q69_2	0	28682	1
q69_2	0	28684	1
q69_2	0	71	1
q69_2	0	72	1
q69_2	0	73	1
q69_2	0	74	1
q69_2	0	75	1
q69_3	0	20753	0
q69_3	0	20754	0
q69_3	0	20755	0
q69_3	0	20756	1
q69_3	0	20757	0
q69_3	0	20758	0
q69_3	0	20759	0
q69_3	0	20760	0
q69_3	0	20761	1
q69_3	0	20762	0
q69_3	0	28681	1
q69_3	0	28682	1
q69_3	0	28684	1
q69_3	0	2956	1
q69_3	0	2957	1
q69_3	0	2958	1
q69_3	0	4985	1
q69_3	0	4986	0
q69_3	0	4987	1
q69_3	0	4988	1
q69_4	0	20978	1
q69_4	0	20979	1
q69_4	0	20980	1
q69_4	0	20981	1
q69_4	0	20982	2
q69_4	0	34890	0
q69_4	0	28499	1
q69_4	0	31184	1
q69_4	0	31185	0
q69_4	0	31186	1
q69_4	0	16066	2
q69_4	0	21289	1
q69_4	0	21290	1
q69_4	0	21291	1
q69_4	0	10039	0
q69_4	0	69	3
q69_4	0	7326	1
q69_4	0	7327	1
q69_4	0	7328	1
q69_4	0	7329	1
q69_5	0	2972	0
q69_5	0	2973	0
q69_5	0	2974	0
q69_5	0	2975	0
q69_5	0	2976	0
q69_5	0	2977	0
q69_5	0	28681	2
q69_5	0	28682	2
q69_5	0	28684	2
q69_5	0	2956	1
q69_5	0	2957	1
q69_5	0	2958	2
q69_5	0	4985	1
q69_5	0	4986	1
q69_5	0	4987	1
q69_5	0	4988	1
q69_5	0	4989	1
q69_5	0	4990	1
q69_5	0	4991	1
q69_5	0	4992	1
q69_6	0	7279	3
q69_6	0	7280	2
q69_6	0	7281	2
q69_6	0	7282	2
q69_6	0	7283	2
q69_6	0	7284	2
q69_6	0	7285	1
q69_6	0	7286	2
q69_6	0	7287	2
q69_6	0	7288	2
q69_6	0	7289	2
q69_6	0	7290	1
q69_6	0	7291	1
q69_6	0	7292	2
q69_6	0	7293	2
q69_6	0	7294	3
q69_6	0	7295	2
q69_6	0	7296	2
q69_6	0	7297	1
q69_6	0	7298	2
q69_7	0	14569	2
q69_7	0	14570	3
q69_7	0	14571	1
q69_7	0	14572	1
q69_7	0	14573	1
q69_7	0	14574	1
q69_7	0	15879	2
q69_7	0	15880	1
q69_7	0	16268	2
q69_7	0	16269	2
q69_7	0	16270	2
q69_7	0	14575	2
q69_7	0	14557	1
q69_7	0	14558	1
q69_7	0	14559	1
q69_7	0	14560	1
q69_7	0	14561	1
q69_7	0	14562	2
q69_7	0	14563	1
q69_7	0	14564	1
q70_1	0	83	2
q70_1	0	84	2
q70_1	0	70	3
q70_1	0	25670	1
q70_1	0	25672	1
q70_1	0	25674	1
q70_1	0	28681	2
q70_1	0	25671	1
q70_1	0	25673	1
q70_1	0	28682	2
q70_1	0	28684	2
q70_1	0	2956	2
q70_1	0	2957	2
q70_1	0	2958	2
q70_1	0	4985	2
q70_1	0	4986	2
q70_1	0	4987	2
q70_1	0	4988	2
q70_1	0	4989	2
q70_1	0	4990	1
q70_2	0	7400	1
q70_2	0	7401	1
q70_2	0	7402	1
q70_2	0	7403	1
q70_2	0	31089	0
q70_2	0	31090	1
q70_2	0	31091	1
q70_2	0	31092	1
q70_2	0	31093	1
q70_2	0	11215	1
q70_2	0	11216	1
q70_2	0	11217	1
q70_2	0	11218	1
q70_2	0	11219	1
q70_2	0	32801	1
q70_2	0	32802	1
q70_2	0	32803	1
q70_2	0	32804	1
q70_2	0	67	1
q70_2	0	68	1
q70_3	0	61	3
q70_3	0	62	3
q70_3	0	63	3
q70_3	0	64	3
q70_3	0	65	3
q70_3	0	70	3
q70_3	0	79	3
q70_3	0	80	3
q70_3	0	81	3
q70_3	0	28681	2
q70_3	0	67	3
q70_3	0	68	3
q70_3	0	69	3
q70_3	0	71	3
q70_3	0	72	3
q70_3	0	73	3
q70_3	0	74	3
q70_3	0	75	3
q70_3	0	76	3
q70_3	0	77	3
q70_4	0	31149	1
q70_4	0	31150	1
q70_4	0	31151	0
q70_4	0	31152	1
q70_4	0	31153	1
q70_4	0	70	3
q70_4	0	31140	1
q70_4	0	13533	0
q70_4	0	23330	0
q70_4	0	19188	3
q70_4	0	5010	3
q70_4	0	16676	0
q70_4	0	26091	1
q70_4	0	4994	2
q70_4	0	8712	0
q70_4	0	5013	1
q70_4	0	17591	1
q70_4	0	25562	1
q70_4	0	4993	2
q70_4	0	21526	2
q70_5	0	25674	1
q70_5	0	83	1
q70_5	0	25670	1
q70_5	0	84	1
q70_5	0	25672	1
q70_5	0	25671	0
q70_5	0	25673	1
q70_5	0	8163	1
q70_5	0	9858	1
q70_5	0	3736	1
q70_5	0	8881	1
q70_5	0	8296	1
q70_5	0	31022	0
q70_5	0	31081	1
q70_5	0	12776	0
q70_5	0	5007	1
q70_5	0	27062	1
q70_5	0	34395	1
q70_5	0	21526	1
q70_5	0	17718	0
q71_1	0	83	1
q71_1	0	84	1
q71_1	0	7400	1
q71_1	0	7401	1
q71_1	0	7402	1
q71_1	0	7403	1
q71_1	0	31089	1
q71_1	0	31090	1
q71_1	0	31091	1
q71_1	0	31092	1
q71_1	0	31093	1
q71_1	0	71	3
q71_1	0	67	1
q71_1	0	68	1
q71_1	0	69	1
q71_1	0	28690	1
q71_1	0	25674	1
q71_1	0	13998	1
q71_1	0	13999	1
q71_1	0	14000	1
q71_2	0	28745	1
q71_2	0	61	1
q71_2	0	62	2
q71_2	0	63	1
q71_2	0	64	1
q71_2	0	65	1
q71_2	0	28681	1
q71_2	0	70	1
q71_2	0	79	1
q71_2	0	80	1
q71_2	0	81	1
q71_2	0	28682	1
q71_2	0	28684	1
q71_2	0	67	1
q71_2	0	68	1
q71_2	0	69	1
q71_2	0	71	3
q71_2	0	72	1
q71_2	0	73	0
q71_2	0	74	1
q71_3	0	14569	1
q71_3	0	14570	2
q71_3	0	14571	1
q71_3	0	14572	1
q71_3	0	14573	2
q71_3	0	14574	1
q71_3	0	4972	0
q71_3	0	4973	1
q71_3	0	16059	0
q71_3	0	71	3
q71_3	0	28740	1
q71_3	0	4975	1
q71_3	0	28736	1
q71_3	0	28737	1
q71_3	0	28738	1
q71_3	0	28743	1
q71_3	0	28744	1
q71_3	0	28741	1
q71_3	0	28739	1
q71_3	0	28742	1
q71_4	0	26652	1
q71_4	0	26653	1
q71_4	0	26654	1
q71_4	0	26655	1
q71_4	0	26656	1
q71_4	0	15326	0
q71_4	0	22679	0
q71_4	0	22680	0
q71_4	0	22681	0
q71_4	0	22682	1
q71_4	0	3082	1
q71_4	0	3083	1
q71_4	0	3084	1
q71_4	0	3085	1
q71_4	0	17123	0
q71_4	0	17124	0
q71_4	0	17125	0
q71_4	0	22618	0
q71_4	0	22619	0
q71_4	0	31154	2
q71_5	0	25523	0
q71_5	0	2972	0
q71_5	0	2973	0
q71_5	0	2974	1
q71_5	0	2975	0
q71_5	0	2976	1
q71_5	0	2977	0
q71_5	0	4857	1
q71_5	0	4858	1
q71_5	0	4924	1
q71_5	0	4925	1
q71_5	0	4926	1
q71_5	0	4927	1
q71_5	0	4928	1
q71_5	0	5624	0
q71_5	0	5625	0
q71_5	0	5626	0
q71_5	0	5627	0
q71_5	0	5628	1
q71_5	0	11677	0
q72_1	0	72	3
q72_1	0	11841	1
q72_1	0	11840	2
q72_1	0	11848	2
q72_1	0	11859	1
q72_1	0	14001	2
q72_1	0	11842	1
q72_1	0	11843	2
q72_1	0	11844	2
q72_1	0	11845	2
q72_1	0	11846	1
q72_1	0	11847	1
q72_1	0	11849	2
q72_1	0	11850	1
q72_1	0	11851	1
q72_1	0	11852	1
q72_1	0	28681	2
q72_1	0	10070	1
q72_1	0	28682	1
q72_1	0	28684	2
q72_2	0	28810	1
q72_2	0	21139	1
q72_2	0	83	1
q72_2	0	25670	1
q72_2	0	84	1
q72_2	0	31706	1
q72_2	0	8907	1
q72_2	0	8908	1
q72_2	0	8909	1
q72_2	0	8910	1
q72_2	0	21142	0
q72_2	0	21143	0
q72_2	0	21144	0
q72_2	0	21145	0
q72_2	0	21146	0
q72_2	0	21147	1
q72_2	0	21148	0
q72_2	0	21149	0
q72_2	0	21150	1
q72_2	0	21151	1
q72_3	0	12242	2
q72_3	0	25055	1
q72_3	0	25056	1
q72_3	0	25057	1
q72_3	0	25058	1
q72_3	0	25059	1
q72_3	0	72	3
q72_3	0	11598	2
q72_3	0	28805	1
q72_3	0	7501	0
q72_3	0	7502	0
q72_3	0	7503	0
q72_3	0	7504	0
q72_3	0	7505	0
q72_3	0	7506	0
q72_3	0	7507	0
q72_3	0	7508	0
q72_3	0	7509	0
q72_3	0	7510	0
q72_3	0	7525	0
q72_4	0	8163	1
q72_4	0	11859	1
q72_4	0	11841	2
q72_4	0	21237	1
q72_4	0	11852	2
q72_4	0	9917	1
q72_4	0	13604	0
q72_4	0	10239	1
q72_4	0	28803	1
q72_4	0	28806	1
q72_4	0	28808	1
q72_4	0	28809	1
q72_4	0	28810	0
q72_4	0	5644	1
q72_4	0	10369	1
q72_4	0	28804	0
q72_4	0	21437	0
q72_4	0	21438	0
q72_4	0	21439	0
q72_4	0	21440	0
q72_5	0	83	2
q72_5	0	84	3
q72_5	0	61	2
q72_5	0	62	2
q72_5	0	63	2
q72_5	0	64	3
q72_5	0	65	2
q72_5	0	28681	3
q72_5	0	70	2
q72_5	0	79	3
q72_5	0	80	3
q72_5	0	81	2
q72_5	0	28682	2
q72_5	0	28684	2
q72_5	0	67	2
q72_5	0	68	3
q72_5	0	69	2
q72_5	0	71	2
q72_5	0	72	3
q72_5	0	73	2
q73_1	0	16661	0
q73_1	0	16662	0
q73_1	0	16663	0
q73_1	0	16664	1
q73_1	0	16665	1
q73_1	0	16666	1
q73_1	0	28681	2
q73_1	0	28682	2
q73_1	0	28684	2
q73_1	0	2956	1
q73_1	0	2957	1
q73_1	0	2958	2
q73_1	0	4985	2
q73_1	0	4986	2
q73_1	0	4987	1
q73_1	0	4988	2
q73_1	0	4989	1
q73_1	0	4990	1
q73_1	0	4991	1
q73_1	0	4992	1
q73_2	0	73	3
q73_2	0	74	3
q73_2	0	75	3
q73_2	0	61	2
q73_2	0	62	2
q73_2	0	63	2
q73_2	0	64	2
q73_2	0	65	2
q73_2	0	70	2
q73_2	0	79	2
q73_2	0	80	2
q73_2	0	81	2
q73_2	0	28681	2
q73_2	0	67	2
q73_2	0	68	2
q73_2	0	69	2
q73_2	0	71	2
q73_2	0	72	1
q73_2	0	76	2
q73_2	0	77	2
q73_3	0	16711	1
q73_3	0	21160	0
q73_3	0	21161	0
q73_3	0	21162	1
q73_3	0	21163	0
q73_3	0	21164	0
q73_3	0	21165	0
q73_3	0	28698	1
q73_3	0	2972	0
q73_3	0	2973	0
q73_3	0	2974	0
q73_3	0	2975	0
q73_3	0	2976	0
q73_3	0	2977	1
q73_3	0	17863	0
q73_3	0	73	3
q73_3	0	5624	0
q73_3	0	5625	0
q73_3	0	5626	0
q73_3	0	5627	0
q73_4	0	20753	0
q73_4	0	20754	1
q73_4	0	20755	1
q73_4	0	20756	1
q73_4	0	20757	1
q73_4	0	20758	1
q73_4	0	20759	1
q73_4	0	20760	1
q73_4	0	20761	1
q73_4	0	20762	1
q73_4	0	28681	1
q73_4	0	28682	1
q73_4	0	28684	2
q73_4	0	2956	1
q73_4	0	2957	1
q73_4	0	2958	1
q73_4	0	4985	1
q73_4	0	4986	0
q73_4	0	4987	1
q73_4	0	4988	1
q73_5	0	31701	3
q73_5	0	28681	1
q73_5	0	73	3
q73_5	0	28682	1
q73_5	0	28684	2
q73_5	0	13608	0
q73_5	0	13609	0
q73_5	0	13610	0
q73_5	0	13611	0
q73_5	0	13612	0
q73_5	0	13613	0
q73_5	0	13614	0
q73_5	0	13615	0
q73_5	0	13616	0
q73_5	0	2956	1
q73_5	0	2957	1
q73_5	0	2958	1
q73_5	0	4985	1
q73_5	0	4986	1
q73_5	0	4987	1
q74_1	0	31701	2
q74_1	0	16711	1
q74_1	0	74	3
q74_1	0	28681	1
q74_1	0	73	3
q74_1	0	17863	0
q74_1	0	28682	2
q74_1	0	28684	2
q74_1	0	2956	1
q74_1	0	2957	1
q74_1	0	2958	1
q74_1	0	4985	1
q74_1	0	4986	1
q74_1	0	4987	1
q74_1	0	4988	1
q74_1	0	4989	1
q74_1	0	4990	1
q74_1	0	4991	1
q74_1	0	4992	1
q74_1	0	4993	1
q74_2	0	5354	2
q74_2	0	5355	2
q74_2	0	5356	2
q74_2	0	5357	2
q74_2	0	5369	2
q74_2	0	5370	2
q74_2	0	5371	2
q74_2	0	5372	2
q74_2	0	5373	2
q74_2	0	5374	2
q74_2	0	5375	2
q74_2	0	5358	2
q74_2	0	5359	1
q74_2	0	5360	2
q74_2	0	5361	2
q74_2	0	5362	1
q74_2	0	5363	2
q74_2	0	5364	2
q74_2	0	5365	1
q74_2	0	5366	2
q74_3	0	73	3
q74_3	0	74	3
q74_3	0	75	3
q74_3	0	61	2
q74_3	0	62	2
q74_3	0	63	2
q74_3	0	64	2
q74_3	0	65	3
q74_3	0	70	2
q74_3	0	79	2
q74_3	0	80	2
q74_3	0	81	2
q74_3	0	28681	2
q74_3	0	67	1
q74_3	0	68	2
q74_3	0	69	1
q74_3	0	71	2
q74_3	0	72	1
q74_3	0	76	2
q74_3	0	77	1
q74_4	0	20753	1
q74_4	0	20754	1
q74_4	0	20755	0
q74_4	0	20756	0
q74_4	0	20757	1
q74_4	0	20758	0
q74_4	0	20759	1
q74_4	0	20760	1
q74_4	0	20761	1
q74_4	0	20762	1
q74_4	0	28681	1
q74_4	0	28682	1
q74_4	0	28684	2
q74_4	0	2956	1
q74_4	0	2957	1
q74_4	0	2958	1
q74_4	0	4985	1
q74_4	0	4986	1
q74_4	0	4987	1
q74_4	0	4988	1
q74_5	0	16670	1
q74_5	0	16671	1
q74_5	0	16672	1
q74_5	0	16673	1
q74_5	0	16674	1
q74_5	0	25523	0
q74_5	0	22548	0
q74_5	0	22549	1
q74_5	0	22550	0
q74_5	0	22551	1
q74_5	0	28750	0
q74_5	0	25524	1
q74_5	0	25525	1
q74_5	0	25526	0
q74_5	0	25527	0
q74_5	0	25528	0
q74_5	0	25529	0
q74_5	0	25530	0
q74_5	0	25531	0
q74_5	0	25532	0
q75_1	0	31701	3
q75_1	0	22953	1
q75_1	0	22954	1
q75_1	0	22955	1
q75_1	0	22956	1
q75_1	0	22957	1
q75_1	0	18917	0
q75_1	0	12358	0
q75_1	0	26683	0
q75_1	0	26684	0
q75_1	0	26685	0
q75_1	0	26686	0
q75_1	0	26687	0
q75_1	0	28681	3
q75_1	0	3454	0
q75_1	0	20414	0
q75_1	0	20415	0
q75_1	0	20416	0
q75_1	0	20417	0
q75_1	0	20418	0
q75_2	0	73	3
q75_2	0	74	3
q75_2	0	75	3
q75_2	0	31126	1
q75_2	0	31127	1
q75_2	0	31128	1
q75_2	0	31129	1
q75_2	0	31130	1
q75_2	0	31131	1
q75_2	0	14125	0
q75_2	0	14126	0
q75_2	0	14127	0
q75_2	0	14128	0
q75_2	0	6631	0
q75_2	0	6632	0
q75_2	0	6633	0
q75_2	0	28921	1
q75_2	0	9855	0
q75_2	0	9856	0
q75_2	0	9857	0
q75_3	0	20978	3
q75_3	0	20979	2
q75_3	0	20980	3
q75_3	0	20981	3
q75_3	0	20982	3
q75_3	0	34890	0
q75_3	0	16066	3
q75_3	0	21289	3
q75_3	0	21290	3
q75_3	0	21291	3
q75_3	0	25523	0
q75_3	0	25524	1
q75_3	0	25525	0
q75_3	0	25526	0
q75_3	0	25527	0
q75_3	0	25528	0
q75_3	0	25529	0
q75_3	0	25530	0
q75_3	0	25531	0
q75_3	0	25532	0
q75_4	0	16711	1
q75_4	0	73	3
q75_4	0	75	3
q75_4	0	28681	2
q75_4	0	17863	0
q75_4	0	28682	1
q75_4	0	28684	2
q75_4	0	13608	0
q75_4	0	13609	0
q75_4	0	13610	0
q75_4	0	13611	0
q75_4	0	13612	0
q75_4	0	13613	0
q75_4	0	13614	0
q75_4	0	13615	0
q75_4	0	13616	0
q75_4	0	2956	1
q75_4	0	2957	1
q75_4	0	2958	1
q75_4	0	4985	1
q75_5	0	20753	0
q75_5	0	20754	0
q75_5	0	20755	0
q75_5	0	20756	0
q75_5	0	20757	0
q75_5	0	20758	0
q75_5	0	20759	0
q75_5	0	20760	0
q75_5	0	20761	0
q75_5	0	20762	0
q75_5	0	28681	1
q75_5	0	28682	1
q75_5	0	28684	1
q75_5	0	2956	1
q75_5	0	2957	1
q75_5	0	2958	1
q75_5	0	4985	0
q75_5	0	4986	0
q75_5	0	4987	1
q75_5	0	4988	1
q76_1	0	76	3
q76_1	0	77	3
q76_1	0	78	3
q76_1	0	17367	1
q76_1	0	17364	1
q76_1	0	28856	1
q76_1	0	83	1
q76_1	0	17365	2
q76_1	0	17366	1
q76_1	0	84	1
q76_1	0	17368	1
q76_1	0	17369	1
q76_1	0	17370	1
q76_1	0	17371	1
q76_1	0	17372	1
q76_1	0	17373	1
q76_1	0	17374	1
q76_1	0	17375	1
q76_1	0	17376	1
q76_1	0	17377	1
q76_2	0	76	3
q76_2	0	77	3
q76_2	0	78	3
q76_2	0	17367	1
q76_2	0	61	1
q76_2	0	62	2
q76_2	0	63	2
q76_2	0	64	2
q76_2	0	65	2
q76_2	0	17364	1
q76_2	0	28856	1
q76_2	0	28681	2
q76_2	0	70	2
q76_2	0	79	2
q76_2	0	80	1
q76_2	0	81	1
q76_2	0	17365	2
q76_2	0	17366	1
q76_2	0	28682	1
q76_2	0	28684	1
q76_3	0	17590	1
q76_3	0	20978	1
q76_3	0	20979	1
q76_3	0	20980	1
q76_3	0	20981	1
q76_3	0	20982	2
q76_3	0	5013	1
q76_3	0	5797	0
q76_3	0	5798	0
q76_3	0	5799	0
q76_3	0	5800	0
q76_3	0	5801	0
q76_3	0	5802	0
q76_3	0	5803	0
q76_3	0	5804	0
q76_3	0	16066	2
q76_3	0	21289	1
q76_3	0	21290	1
q76_3	0	21291	1
q76_3	0	18069	0
q76_4	0	15017	1
q76_4	0	15018	1
q76_4	0	15521	1
q76_4	0	15766	1
q76_4	0	15767	1
q76_4	0	15768	1
q76_4	0	15769	1
q76_4	0	15770	0
q76_4	0	14569	1
q76_4	0	14570	1
q76_4	0	14571	0
q76_4	0	14572	1
q76_4	0	14573	0
q76_4	0	14574	1
q76_4	0	14449	2
q76_4	0	14450	2
q76_4	0	14451	2
q76_4	0	14452	2
q76_4	0	14453	2
q76_4	0	14454	2
q76_5	0	76	3
q76_5	0	77	3
q76_5	0	78	3
q76_5	0	17367	0
q76_5	0	31701	1
q76_5	0	17364	1
q76_5	0	28856	1
q76_5	0	17365	1
q76_5	0	17366	1
q76_5	0	17368	1
q76_5	0	17369	1
q76_5	0	17370	1
q76_5	0	17371	1
q76_5	0	17372	1
q76_5	0	17373	1
q76_5	0	17374	1
q76_5	0	17375	1
q76_5	0	17376	1
q76_5	0	17377	1
q76_5	0	17378	1
q77_1	0	76	3
q77_1	0	77	3
q77_1	0	78	3
q77_1	0	17367	1
q77_1	0	17364	1
q77_1	0	28856	1
q77_1	0	83	1
q77_1	0	17365	2
q77_1	0	17366	1
q77_1	0	84	2
q77_1	0	17368	1
q77_1	0	17369	1
q77_1	0	17370	1
q77_1	0	17371	1
q77_1	0	17372	1
q77_1	0	17373	1
q77_1	0	17374	1
q77_1	0	17375	1
q77_1	0	17376	1
q77_1	0	17377	1
q77_2	0	84	3
q77_2	0	61	2
q77_2	0	62	2
q77_2	0	63	3
q77_2	0	64	3
q77_2	0	65	3
q77_2	0	28681	3
q77_2	0	70	2
q77_2	0	79	3
q77_2	0	80	2
q77_2	0	81	2
q77_2	0	28682	1
q77_2	0	28684	2
q77_2	0	67	2
q77_2	0	68	2
q77_2	0	69	2
q77_2	0	71	1
q77_2	0	72	1
q77_2	0	73	3
q77_2	0	74	2
q77_3	0	17367	1
q77_3	0	17364	1
q77_3	0	76	3
q77_3	0	77	3
q77_3	0	78	2
q77_3	0	28856	1
q77_3	0	17365	2
q77_3	0	17366	1
q77_3	0	17368	1
q77_3	0	17369	1
q77_3	0	17370	1
q77_3	0	17371	1
q77_3	0	17372	1
q77_3	0	17373	0
q77_3	0	17374	1
q77_3	0	17375	1
q77_3	0	17376	1
q77_3	0	17377	1
q77_3	0	17378	1
q77_3	0	17379	1
q77_4	0	76	3
q77_4	0	77	3
q77_4	0	78	3
q77_4	0	17367	1
q77_4	0	17364	1
q77_4	0	28856	0
q77_4	0	17365	2
q77_4	0	17366	0
q77_4	0	17368	1
q77_4	0	17369	0
q77_4	0	17370	1
q77_4	0	17371	0
q77_4	0	17372	1
q77_4	0	17373	0
q77_4	0	17374	1
q77_4	0	17375	1
q77_4	0	17376	1
q77_4	0	17377	1
q77_4	0	17378	1
q77_4	0	17379	1
q77_5	0	17367	2
q77_5	0	17364	1
q77_5	0	76	3
q77_5	0	77	3
q77_5	0	78	3
q77_5	0	28856	2
q77_5	0	17365	2
q77_5	0	17366	2
q77_5	0	17368	1
q77_5	0	17369	1
q77_5	0	17370	1
q77_5	0	17371	1
q77_5	0	17372	1
q77_5	0	17373	1
q77_5	0	17374	1
q77_5	0	17375	1
q77_5	0	17376	1
q77_5	0	17377	2
q77_5	0	17378	1
q77_5	0	17379	1
q78_1	0	17367	1
q78_1	0	17364	1
q78_1	0	76	1
q78_1	0	77	1
q78_1	0	78	3
q78_1	0	28856	1
q78_1	0	17365	1
q78_1	0	17366	1
q78_1	0	17368	1
q78_1	0	17369	1
q78_1	0	17370	1
q78_1	0	17371	1
q78_1	0	17372	1
q78_1	0	17373	1
q78_1	0	17374	1
q78_1	0	17375	1
q78_1	0	17376	1
q78_1	0	17377	1
q78_1	0	17378	1
q78_1	0	17379	1
q78_2	0	76	3
q78_2	0	77	3
q78_2	0	78	3
q78_2	0	17367	1
q78_2	0	61	2
q78_2	0	62	1
q78_2	0	63	2
q78_2	0	64	1
q78_2	0	65	2
q78_2	0	17364	1
q78_2	0	28856	1
q78_2	0	28681	1
q78_2	0	70	1
q78_2	0	79	1
q78_2	0	80	1
q78_2	0	81	1
q78_2	0	17365	2
q78_2	0	17366	1
q78_2	0	28682	1
q78_2	0	28684	2
q78_3	0	17367	1
q78_3	0	17364	1
q78_3	0	76	3
q78_3	0	77	3
q78_3	0	78	3
q78_3	0	28856	1
q78_3	0	17365	2
q78_3	0	17366	1
q78_3	0	17368	1
q78_3	0	17369	1
q78_3	0	17370	1
q78_3	0	17371	1
q78_3	0	17372	1
q78_3	0	17373	1
q78_3	0	17374	1
q78_3	0	17375	1
q78_3	0	17376	1
q78_3	0	17377	1
q78_3	0	17378	1
q78_3	0	17379	1
q78_4	0	31701	1
q78_4	0	28681	1
q78_4	0	28682	0
q78_4	0	28684	1
q78_4	0	2956	1
q78_4	0	2957	1
q78_4	0	2958	1
q78_4	0	4985	0
q78_4	0	4986	0
q78_4	0	4987	0
q78_4	0	4988	1
q78_4	0	4989	1
q78_4	0	4990	1
q78_4	0	4991	1
q78_4	0	4992	0
q78_4	0	4993	1
q78_4	0	4994	0
q78_4	0	4995	0
q78_4	0	4996	0
q78_4	0	4997	1
q78_5	0	76	1
q78_5	0	77	1
q78_5	0	78	3
q78_5	0	17367	1
q78_5	0	17364	1
q78_5	0	28856	1
q78_5	0	17365	1
q78_5	0	17366	1
q78_5	0	17368	1
q78_5	0	17369	1
q78_5	0	17370	1
q78_5	0	17371	1
q78_5	0	17372	0
q78_5	0	17373	0
q78_5	0	17374	1
q78_5	0	17375	1
q78_5	0	17376	1
q78_5	0	17377	1
q78_5	0	17378	1
q78_5	0	17379	1
q79_1	0	8883	3
q79_1	0	21555	3
q79_1	0	21556	3
q79_1	0	21557	3
q79_1	0	21558	3
q79_1	0	21559	3
q79_1	0	21560	3
q79_1	0	79	3
q79_1	0	80	3
q79_1	0	81	3
q79_1	0	83	2
q79_1	0	84	3
q79_1	0	25670	2
q79_1	0	14016	3
q79_1	0	25672	1
q79_1	0	25674	1
q79_1	0	2972	0
q79_1	0	2973	0
q79_1	0	2974	0
q79_1	0	2975	0
q79_2	0	61	2
q79_2	0	62	2
q79_2	0	63	2
q79_2	0	64	2
q79_2	0	65	2
q79_2	0	28681	2
q79_2	0	70	2
q79_2	0	79	3
q79_2	0	80	3
q79_2	0	81	2
q79_2	0	28682	1
q79_2	0	28684	1
q79_2	0	67	2
q79_2	0	68	2
q79_2	0	69	2
q79_2	0	71	2
q79_2	0	72	2
q79_2	0	73	2
q79_2	0	74	2
q79_2	0	75	2
q79_3	0	31119	1
q79_3	0	79	3
q79_3	0	80	3
q79_3	0	8883	1
q79_3	0	21555	0
q79_3	0	21556	1
q79_3	0	21557	2
q79_3	0	21558	2
q79_3	0	21559	1
q79_3	0	21560	3
q79_3	0	81	3
q79_3	0	14016	1
q79_3	0	30994	2
q79_3	0	26099	1
q79_3	0	31166	0
q79_3	0	31011	1
q79_3	0	7712	1
q79_3	0	19726	1
q79_3	0	31010	2
q79_3	0	32704	1
q79_4	0	83	1
q79_4	0	25670	1
q79_4	0	84	1
q79_4	0	25672	0
q79_4	0	25674	1
q79_4	0	25671	0
q79_4	0	25673	0
q79_4	0	32665	1
q79_4	0	31023	2
q79_4	0	21171	1
q79_4	0	31035	2
q79_4	0	21555	1
q79_4	0	7440	2
q79_4	0	7441	3
q79_4	0	19037	1
q79_4	0	19038	1
q79_4	0	32663	1
q79_4	0	32664	1
q79_4	0	31029	2
q79_4	0	8297	1
q79_5	0	18917	0
q79_5	0	22953	2
q79_5	0	22954	2
q79_5	0	22955	2
q79_5	0	22956	2
q79_5	0	22957	1
q79_5	0	12358	1
q79_5	0	79	3
q79_5	0	28681	3
q79_5	0	28682	2
q79_5	0	28684	3
q79_5	0	21331	1
q79_5	0	2956	1
q79_5	0	2957	2
q79_5	0	2958	2
q79_5	0	4985	2
q79_5	0	4986	2
q79_5	0	4987	2
q79_5	0	4988	2
q79_5	0	4989	1
q80_1	0	14055	2
q80_1	0	80	3
q80_1	0	8883	2
q80_1	0	21555	1
q80_1	0	21556	3
q80_1	0	21557	2
q80_1	0	21558	1
q80_1	0	21559	1
q80_1	0	21560	1
q80_1	0	79	3
q80_1	0	81	1
q80_1	0	83	1
q80_1	0	25670	1
q80_1	0	14016	3
q80_1	0	84	1
q80_1	0	25672	1
q80_1	0	25674	1
q80_1	0	25671	1
q80_1	0	25673	2
q80_1	0	2686	0
q80_2	0	61	1
q80_2	0	62	1
q80_2	0	63	2
q80_2	0	64	1
q80_2	0	65	1
q80_2	0	28681	2
q80_2	0	70	1
q80_2	0	79	3
q80_2	0	80	3
q80_2	0	81	3
q80_2	0	28682	1
q80_2	0	28684	2
q80_2	0	67	1
q80_2	0	68	1
q80_2	0	69	2
q80_2	0	71	1
q80_2	0	72	1
q80_2	0	73	1
q80_2	0	74	1
q80_2	0	75	1
q80_3	0	83	3
q80_3	0	84	2
q80_3	0	14055	3
q80_3	0	26004	0
q80_3	0	26005	0
q80_3	0	26006	0
q80_3	0	26007	0
q80_3	0	26008	0
q80_3	0	26009	0
q80_3	0	80	3
q80_3	0	25670	1
q80_3	0	25672	1
q80_3	0	25674	1
q80_3	0	28681	2
q80_3	0	11303	0
q80_3	0	11304	0
q80_3	0	11305	0
q80_3	0	11306	0
q80_3	0	25671	1
q80_3	0	25673	3
q80_4	0	21555	1
q80_4	0	21556	1
q80_4	0	21557	1
q80_4	0	21558	1
q80_4	0	21559	1
q80_4	0	21560	1
q80_4	0	79	3
q80_4	0	80	3
q80_4	0	81	3
q80_4	0	8883	1
q80_4	0	14016	1
q80_4	0	21171	1
q80_4	0	31035	1
q80_4	0	19037	1
q80_4	0	19038	1
q80_4	0	31029	1
q80_4	0	4390	1
q80_4	0	17820	1
q80_4	0	9871	1
q80_4	0	9855	0
q80_5	0	83	2
q80_5	0	84	1
q80_5	0	11098	0
q80_5	0	25670	1
q80_5	0	25672	1
q80_5	0	25674	1
q80_5	0	28681	2
q80_5	0	25671	1
q80_5	0	25673	2
q80_5	0	28682	2
q80_5	0	28684	2
q80_5	0	2956	1
q80_5	0	2957	3
q80_5	0	2958	1
q80_5	0	4985	2
q80_5	0	4986	2
q80_5	0	4987	2
q80_5	0	4988	3
q80_5	0	4989	1
q80_5	0	4990	2
q81_1	0	80	3
q81_1	0	81	3
q81_1	0	79	3
q81_1	0	8225	0
q81_1	0	8226	0
q81_1	0	8227	0
q81_1	0	8228	0
q81_1	0	8883	1
q81_1	0	21555	1
q81_1	0	21556	1
q81_1	0	21557	2
q81_1	0	21558	2
q81_1	0	21559	2
q81_1	0	21560	3
q81_1	0	83	1
q81_1	0	25670	1
q81_1	0	28812	0
q81_1	0	28866	0
q81_1	0	14016	1
q81_1	0	84	1
q81_2	0	79	3
q81_2	0	80	3
q81_2	0	81	3
q81_2	0	61	2
q81_2	0	62	2
q81_2	0	63	2
q81_2	0	64	2
q81_2	0	65	2
q81_2	0	21555	2
q81_2	0	21556	3
q81_2	0	21557	3
q81_2	0	21558	3
q81_2	0	21559	3
q81_2	0	21560	3
q81_2	0	70	2
q81_2	0	28681	2
q81_2	0	67	2
q81_2	0	68	2
q81_2	0	69	1
q81_2	0	71	2
q81_3	0	28683	2
q81_3	0	26658	1
q81_3	0	26659	1
q81_3	0	26660	1
q81_3	0	26661	1
q81_3	0	26662	1
q81_3	0	26663	1
q81_3	0	83	1
q81_3	0	25670	2
q81_3	0	10071	1
q81_3	0	10072	2
q81_3	0	84	2
q81_3	0	25672	2
q81_3	0	25674	2
q81_3	0	81	3
q81_3	0	31016	3
q81_3	0	25671	2
q81_3	0	25673	2
q81_3	0	23608	1
q81_3	0	23609	1
q81_4	0	8883	0
q81_4	0	21555	1
q81_4	0	21556	1
q81_4	0	21557	1
q81_4	0	21558	1
q81_4	0	21559	1
q81_4	0	21560	1
q81_4	0	79	3
q81_4	0	80	3
q81_4	0	81	3
q81_4	0	14016	1
q81_4	0	14991	0
q81_4	0	14992	0
q81_4	0	14993	0
q81_4	0	14994	0
q81_4	0	14995	0
q81_4	0	14996	0
q81_4	0	14997	0
q81_4	0	14998	0
q81_4	0	14999	0
q81_5	0	80	3
q81_5	0	81	3
q81_5	0	28681	1
q81_5	0	28682	2
q81_5	0	28684	2
q81_5	0	2956	1
q81_5	0	2957	2
q81_5	0	2958	1
q81_5	0	4985	1
q81_5	0	4986	1
q81_5	0	4987	1
q81_5	0	4988	1
q81_5	0	4989	1
q81_5	0	4990	1
q81_5	0	4991	1
q81_5	0	4992	2
q81_5	0	4993	2
q81_5	0	4994	2
q81_5	0	4995	1
q81_5	0	4996	1
q82_1	0	28686	2
q82_1	0	82	3
q82_1	0	14009	2
q82_1	0	14010	1
q82_1	0	14011	1
q82_1	0	14159	1
q82_1	0	28636	0
q82_1	0	28637	0
q82_1	0	28638	0
q82_1	0	28639	0
q82_1	0	28640	1
q82_1	0	28641	0
q82_1	0	28642	0
q82_1	0	28643	1
q82_1	0	28644	0
q82_1	0	28645	0
q82_1	0	28646	0
q82_1	0	28647	0
q82_1	0	28648	0
q82_1	0	28649	0
q82_2	0	82	3
q82_2	0	31143	3
q82_2	0	31144	3
q82_2	0	31145	3
q82_2	0	31146	3
q82_2	0	28688	3
q82_2	0	11140	1
q82_2	0	11141	1
q82_2	0	11142	1
q82_2	0	3535	2
q82_2	0	15326	0
q82_2	0	11137	1
q82_2	0	11138	1
q82_2	0	11139	1
q82_2	0	17123	0
q82_2	0	17124	1
q82_2	0	17125	1
q82_2	0	14959	0
q82_2	0	14960	0
q82_2	0	14961	0
q82_3	0	7400	1
q82_3	0	7401	3
q82_3	0	7402	3
q82_3	0	7403	2
q82_3	0	67	3
q82_3	0	68	3
q82_3	0	69	3
q82_3	0	31089	1
q82_3	0	31090	1
q82_3	0	31091	1
q82_3	0	31092	1
q82_3	0	31093	1
q82_3	0	28690	1
q82_3	0	13998	1
q82_3	0	13999	1
q82_3	0	14000	1
q82_3	0	7409	0
q82_3	0	7410	1
q82_3	0	7411	1
q82_3	0	7412	1
q82_4	0	8879	3
q82_4	0	8880	3
q82_4	0	8881	3
q82_4	0	8882	3
q82_4	0	82	3
q82_4	0	83	2
q82_4	0	25670	2
q82_4	0	8877	3
q82_4	0	84	2
q82_4	0	25672	2
q82_4	0	25674	1
q82_4	0	25671	2
q82_4	0	25673	2
q82_4	0	27891	0
q82_4	0	2872	1
q82_4	0	1713	1
q82_4	0	31000	1
q82_4	0	31002	1
q82_4	0	7437	2
q82_4	0	26855	0
q82_5	0	8299	1
q82_5	0	9855	0
q82_5	0	9856	0
q82_5	0	9857	0
q82_5	0	9858	0
q82_5	0	14174	0
q82_5	0	14175	0
q82_5	0	14176	0
q82_5	0	14177	0
q82_5	0	14178	0
q82_5	0	5668	0
q82_5	0	11687	1
q82_5	0	11688	2
q82_5	0	11689	0
q82_5	0	11879	1
q82_5	0	25979	0
q82_5	0	25980	0
q82_5	0	25981	0
q82_5	0	25982	0
q82_5	0	25983	0
q83_1	0	83	3
q83_1	0	84	3
q83_1	0	31703	3
q83_1	0	25670	1
q83_1	0	25672	1
q83_1	0	25674	1
q83_1	0	28681	3
q83_1	0	25671	1
q83_1	0	25673	2
q83_1	0	28682	2
q83_1	0	28684	2
q83_1	0	2956	1
q83_1	0	2957	2
q83_1	0	2958	2
q83_1	0	4985	2
q83_1	0	4986	3
q83_1	0	4987	3
q83_1	0	4988	3
q83_1	0	4989	2
q83_1	0	4990	1
q83_2	0	26704	1
q83_2	0	10409	1
q83_2	0	10410	1
q83_2	0	10411	1
q83_2	0	10412	1
q83_2	0	10413	1
q83_2	0	10414	1
q83_2	0	10415	1
q83_2	0	10416	1
q83_2	0	10417	1
q83_2	0	10418	1
q83_2	0	10419	1
q83_2	0	10420	1
q83_2	0	10421	1
q83_2	0	10422	1
q83_2	0	10423	1
q83_2	0	10424	1
q83_2	0	10425	1
q83_2	0	10426	1
q83_2	0	10427	1
q83_3	0	83	3
q83_3	0	61	3
q83_3	0	62	2
q83_3	0	63	2
q83_3	0	64	2
q83_3	0	65	3
q83_3	0	28681	3
q83_3	0	70	2
q83_3	0	79	2
q83_3	0	80	2
q83_3	0	81	2
q83_3	0	28682	2
q83_3	0	28684	2
q83_3	0	67	2
q83_3	0	68	2
q83_3	0	69	2
q83_3	0	71	2
q83_3	0	72	3
q83_3	0	73	2
q83_3	0	74	3
q83_4	0	10664	1
q83_4	0	10665	1
q83_4	0	10666	2
q83_4	0	10667	1
q83_4	0	10668	1
q83_4	0	14055	1
q83_4	0	83	3
q83_4	0	25670	1
q83_4	0	80	1
q83_4	0	84	1
q83_4	0	25672	1
q83_4	0	25674	1
q83_4	0	11303	0
q83_4	0	11304	0
q83_4	0	11305	0
q83_4	0	11306	0
q83_4	0	11858	0
q83_4	0	25671	1
q83_4	0	25673	2
q83_4	0	5120	0
q83_5	0	19341	1
q83_5	0	9855	0
q83_5	0	9856	0
q83_5	0	9857	0
q83_5	0	9858	0
q83_5	0	14174	1
q83_5	0	14175	0
q83_5	0	14176	0
q83_5	0	14177	0
q83_5	0	14178	0
q83_5	0	5668	1
q83_5	0	11687	0
q83_5	0	11688	0
q83_5	0	11689	0
q83_5	0	11879	0
q83_5	0	25979	0
q83_5	0	25980	0
q83_5	0	25981	0
q83_5	0	25982	0
q83_5	0	25983	0
q84_1	0	25671	2
q84_1	0	31114	3
q84_1	0	31115	3
q84_1	0	31116	3
q84_1	0	31117	3
q84_1	0	31118	3
q84_1	0	331	1
q84_1	0	28918	3
q84_1	0	83	1
q84_1	0	25670	2
q84_1	0	2913	0
q84_1	0	2914	0
q84_1	0	2915	0
q84_1	0	2916	0
q84_1	0	2917	0
q84_1	0	84	2
q84_1	0	25672	2
q84_1	0	25674	2
q84_1	0	19427	0
q84_1	0	19428	0
q84_2	0	84	3
q84_2	0	83	3
q84_2	0	25670	2
q84_2	0	25671	2
q84_2	0	25672	1
q84_2	0	25674	1
q84_2	0	25673	2
q84_2	0	61	3
q84_2	0	62	3
q84_2	0	63	3
q84_2	0	64	3
q84_2	0	65	3
q84_2	0	28681	3
q84_2	0	28682	2
q84_2	0	28684	2
q84_2	0	21555	2
q84_2	0	21556	2
q84_2	0	21557	2
q84_2	0	21558	3
q84_2	0	21559	2
q84_3	0	61	3
q84_3	0	62	1
q84_3	0	63	2
q84_3	0	64	1
q84_3	0	65	1
q84_3	0	28681	2
q84_3	0	70	2
q84_3	0	79	2
q84_3	0	80	1
q84_3	0	81	1
q84_3	0	28682	1
q84_3	0	28684	2
q84_3	0	67	1
q84_3	0	68	1
q84_3	0	69	1
q84_3	0	71	1
q84_3	0	72	1
q84_3	0	73	1
q84_3	0	74	1
q84_3	0	75	1
q84_4	0	31119	3
q84_4	0	84	3
q84_4	0	19461	0
q84_4	0	19462	0
q84_4	0	19463	0
q84_4	0	19464	0
q84_4	0	133	1
q84_4	0	22725	1
q84_4	0	29664	1
q84_4	0	31176	1
q84_4	0	31106	1
q84_4	0	5024	0
q84_4	0	5025	0
q84_4	0	5026	0
q84_4	0	5027	0
q84_4	0	5028	0
q84_4	0	31144	1
q84_4	0	31114	1
q84_4	0	31143	1
q84_4	0	31706	1
q84_5	0	22953	2
q84_5	0	22954	3
q84_5	0	22955	3
q84_5	0	22956	3
q84_5	0	22957	2
q84_5	0	18917	0
q84_5	0	30928	1
q84_5	0	30929	1
q84_5	0	30930	1
q84_5	0	30931	1
q84_5	0	30932	1
q84_5	0	30933	1
q84_5	0	6716	0
q84_5	0	83	2
q84_5	0	25670	2
q84_5	0	12358	1
q84_5	0	26683	0
q84_5	0	26684	0
q84_5	0	26685	0
q84_5	0	26686	0
q85_1	0	83	3
q85_1	0	84	2
q85_1	0	14055	3
q85_1	0	80	3
q85_1	0	25670	1
q85_1	0	25672	1
q85_1	0	25674	1
q85_1	0	28681	3
q85_1	0	11303	0
q85_1	0	11304	0
q85_1	0	11305	0
q85_1	0	11306	0
q85_1	0	25671	1
q85_1	0	25673	3
q85_1	0	28682	1
q85_1	0	28684	2
q85_1	0	85	3
q85_1	0	2956	1
q85_1	0	2957	1
q85_1	0	2958	1
q85_2	0	31452	1
q85_2	0	31453	2
q85_2	0	31454	2
q85_2	0	31455	1
q85_2	0	31456	1
q85_2	0	31457	2
q85_2	0	31458	2
q85_2	0	31459	2
q85_2	0	31460	1
q85_2	0	31461	2
q85_2	0	31462	2
q85_2	0	31463	2
q85_2	0	14438	0
q85_2	0	14439	0
q85_2	0	14440	0
q85_2	0	85	3
q85_2	0	31465	1
q85_2	0	31466	1
q85_2	0	31467	1
q85_2	0	31468	1
q85_3	0	18945	1
q85_3	0	18946	1
q85_3	0	18947	1
q85_3	0	18948	1
q85_3	0	18949	1
q85_3	0	18950	1
q85_3	0	18951	1
q85_3	0	18952	1
q85_3	0	18953	1
q85_3	0	18954	1
q85_3	0	18955	1
q85_3	0	18956	1
q85_3	0	18963	1
q85_3	0	18964	1
q85_3	0	18965	1
q85_3	0	18966	1
q85_3	0	18967	1
q85_3	0	18968	1
q85_3	0	18969	1
q85_3	0	18970	1
q85_4	0	83	1
q85_4	0	25670	1
q85_4	0	2913	0
q85_4	0	2914	0
q85_4	0	2915	0
q85_4	0	2916	0
q85_4	0	2917	0
q85_4	0	84	1
q85_4	0	25672	1
q85_4	0	25674	1
q85_4	0	19427	0
q85_4	0	19428	0
q85_4	0	19429	0
q85_4	0	19430	0
q85_4	0	19431	0
q85_4	0	32934	0
q85_4	0	32935	0
q85_4	0	32936	0
q85_4	0	32937	0
q85_4	0	32938	0
q85_5	0	85	3
q85_5	0	61	1
q85_5	0	62	1
q85_5	0	63	1
q85_5	0	64	1
q85_5	0	65	1
q85_5	0	28681	1
q85_5	0	70	1
q85_5	0	79	1
q85_5	0	80	1
q85_5	0	81	1
q85_5	0	31464	1
q85_5	0	32240	1
q85_5	0	28682	1
q85_5	0	28684	1
q85_5	0	67	1
q85_5	0	68	1
q85_5	0	69	1
q85_5	0	71	1
q85_5	0	72	1
q86_1	0	15233	1
q86_1	0	15234	1
q86_1	0	15235	1
q86_1	0	15236	1
q86_1	0	18061	0
q86_1	0	20538	0
q86_1	0	13973	0
q86_1	0	32841	0
q86_1	0	6613	1
q86_1	0	20614	0
q86_1	0	11873	0
q86_1	0	18071	0
q86_1	0	1522	1
q86_1	0	14341	0
q86_1	0	21693	0
q86_1	0	11129	0
q86_1	0	29984	0
q86_1	0	31333	0
q86_1	0	34383	0
q86_1	0	34384	0
q86_2	0	21395	1
q86_2	0	5390	0
q86_2	0	15326	0
q86_2	0	32689	0
q86_2	0	32690	0
q86_2	0	8409	0
q86_2	0	10050	0
q86_2	0	10051	0
q86_2	0	10052	0
q86_2	0	10053	0
q86_2	0	10054	0
q86_2	0	5713	0
q86_2	0	17123	0
q86_2	0	17124	0
q86_2	0	17125	0
q86_2	0	22626	0
q86_2	0	22627	0
q86_2	0	22628	0
q86_2	0	22629	0
q86_2	0	22630	0
q86_3	0	8409	1
q86_3	0	10050	1
q86_3	0	10051	1
q86_3	0	10052	1
q86_3	0	10053	1
q86_3	0	10054	1
q86_3	0	10057	0
q86_3	0	10058	1
q86_3	0	10059	1
q86_3	0	10060	1
q86_3	0	10061	1
q86_3	0	10062	1
q86_3	0	10063	1
q86_3	0	10064	1
q86_3	0	10067	1
q86_3	0	10070	1
q86_3	0	10073	0
q86_3	0	10074	1
q86_3	0	10065	1
q86_3	0	10066	0
q86_4	0	12356	1
q86_4	0	12360	1
q86_4	0	12361	1
q86_4	0	12362	1
q86_4	0	12363	2
q86_4	0	12364	1
q86_4	0	13387	0
q86_4	0	22686	0
q86_4	0	22687	0
q86_4	0	22688	1
q86_4	0	18684	1
q86_4	0	18685	2
q86_4	0	18686	0
q86_4	0	12357	1
q86_4	0	23224	1
q86_4	0	86	3
q86_4	0	34534	0
q86_4	0	34535	0
q86_4	0	12429	2
q86_4	0	1264	2
q86_5	0	15326	2
q86_5	0	15327	3
q86_5	0	15328	3
q86_5	0	15329	3
q86_5	0	15334	3
q86_5	0	15330	3
q86_5	0	15331	2
q86_5	0	15332	3
q86_5	0	15333	3
q86_5	0	86	3
q86_5	0	11412	2
q86_5	0	20242	3
q86_5	0	11520	2
q86_5	0	17123	2
q86_5	0	17124	1
q86_5	0	17125	1
q86_5	0	17314	3
q86_5	0	14959	0
q86_5	0	14960	0
q86_5	0	14961	0
q87_1	0	87	3
q87_1	0	88	3
q87_1	0	89	2
q87_1	0	90	3
q87_1	0	91	3
q87_1	0	23496	0
q87_1	0	23497	0
q87_1	0	23498	0
q87_1	0	23499	0
q87_1	0	23500	0
q87_1	0	23501	0
q87_1	0	23502	0
q87_1	0	1254	0
q87_1	0	1255	0
q87_1	0	1256	0
q87_1	0	16588	0
q87_1	0	16589	0
q87_1	0	16590	0
q87_1	0	16591	0
q87_1	0	16592	0
q87_2	0	28721	1
q87_2	0	87	3
q87_2	0	88	3
q87_2	0	89	2
q87_2	0	90	2
q87_2	0	91	2
q87_2	0	12472	0
q87_2	0	2972	0
q87_2	0	2973	0
q87_2	0	2974	0
q87_2	0	2975	0
q87_2	0	2976	0
q87_2	0	2977	0
q87_2	0	17242	0
q87_2	0	17243	0
q87_2	0	17244	0
q87_2	0	17245	0
q87_2	0	17246	0
q87_2	0	20534	0
q87_2	0	23615	0
q87_3	0	16639	0
q87_3	0	16640	0
q87_3	0	16641	0
q87_3	0	16642	0
q87_3	0	16643	0
q87_3	0	11098	0
q87_3	0	87	3
q87_3	0	88	1
q87_3	0	89	1
q87_3	0	90	1
q87_3	0	91	1
q87_3	0	8849	0
q87_3	0	23498	1
q87_3	0	34434	1
q87_3	0	10142	0
q87_3	0	23496	1
q87_3	0	23497	1
q87_3	0	23499	1
q87_3	0	23500	1
q87_3	0	23501	1
q87_4	0	87	3
q87_4	0	88	3
q87_4	0	89	3
q87_4	0	90	3
q87_4	0	91	3
q87_4	0	5635	0
q87_4	0	28265	0
q87_4	0	12472	1
q87_4	0	9763	0
q87_4	0	26766	0
q87_4	0	4619	0
q87_4	0	4620	0
q87_4	0	4621	0
q87_4	0	4622	0
q87_4	0	23562	0
q87_4	0	23563	0
q87_4	0	23564	0
q87_4	0	23565	0
q87_4	0	23566	0
q87_4	0	23567	0
q87_5	0	15618	0
q87_5	0	15619	0
q87_5	0	15620	1
q87_5	0	15621	1
q87_5	0	15622	0
q87_5	0	15623	0
q87_5	0	20852	1
q87_5	0	20915	1
q87_5	0	87	3
q87_5	0	88	3
q87_5	0	89	2
q87_5	0	90	2
q87_5	0	91	3
q87_5	0	17380	0
q87_5	0	17381	0
q87_5	0	17382	0
q87_5	0	9200	1
q87_5	0	10142	1
q87_5	0	23496	0
q87_5	0	23497	0
q88_1	0	87	3
q88_1	0	88	3
q88_1	0	89	3
q88_1	0	90	3
q88_1	0	91	3
q88_1	0	23496	1
q88_1	0	23497	0
q88_1	0	23498	0
q88_1	0	23499	0
q88_1	0	23500	0
q88_1	0	23501	0
q88_1	0	23502	0
q88_1	0	1254	1
q88_1	0	1255	0
q88_1	0	1256	0
q88_1	0	10142	1
q88_1	0	34105	0
q88_1	0	34403	1
q88_1	0	34404	0
q88_1	0	34405	1
q88_2	0	87	3
q88_2	0	88	3
q88_2	0	89	3
q88_2	0	90	3
q88_2	0	91	3
q88_2	0	5635	0
q88_2	0	28265	0
q88_2	0	12472	1
q88_2	0	9763	0
q88_2	0	26766	0
q88_2	0	4619	0
q88_2	0	4620	0
q88_2	0	4621	0
q88_2	0	4622	0
q88_2	0	23562	0
q88_2	0	23563	0
q88_2	0	23564	0
q88_2	0	23565	0
q88_2	0	23566	0
q88_2	0	23567	0
q88_3	0	87	3
q88_3	0	88	3
q88_3	0	89	2
q88_3	0	90	3
q88_3	0	91	3
q88_3	0	23496	1
q88_3	0	23497	0
q88_3	0	23498	0
q88_3	0	23499	0
q88_3	0	23500	0
q88_3	0	23501	0
q88_3	0	23502	0
q88_3	0	1254	0
q88_3	0	1255	0
q88_3	0	1256	0
q88_3	0	16588	0
q88_3	0	16589	0
q88_3	0	16590	0
q88_3	0	16591	0
q88_3	0	16592	0
q88_4	0	17318	1
q88_4	0	17319	1
q88_4	0	17320	1
q88_4	0	17321	1
q88_4	0	17322	1
q88_4	0	17323	1
q88_4	0	17324	1
q88_4	0	17325	1
q88_4	0	17326	1
q88_4	0	17327	1
q88_4	0	17328	1
q88_4	0	17329	1
q88_4	0	17330	2
q88_4	0	17331	1
q88_4	0	26797	1
q88_4	0	26798	1
q88_4	0	26799	1
q88_4	0	26800	1
q88_4	0	26801	1
q88_4	0	26802	1
q88_5	0	87	3
q88_5	0	88	3
q88_5	0	89	2
q88_5	0	90	2
q88_5	0	91	3
q88_5	0	15326	0
q88_5	0	25523	1
q88_5	0	17123	1
q88_5	0	17124	1
q88_5	0	17125	1
q88_5	0	14959	1
q88_5	0	14960	1
q88_5	0	14961	1
q88_5	0	14962	1
q88_5	0	14963	0
q88_5	0	14964	1
q88_5	0	14965	1
q88_5	0	14966	1
q88_5	0	14967	1
q88_5	0	14968	1
q89_1	0	87	3
q89_1	0	88	3
q89_1	0	89	3
q89_1	0	90	3
q89_1	0	91	3
q89_1	0	15326	0
q89_1	0	10050	1
q89_1	0	10051	0
q89_1	0	17123	0
q89_1	0	17124	1
q89_1	0	17125	1
q89_1	0	14959	0
q89_1	0	14960	0
q89_1	0	14961	0
q89_1	0	14962	0
q89_1	0	14963	0
q89_1	0	14964	0
q89_1	0	14965	0
q89_1	0	14966	0
q89_1	0	14967	0
q89_2	0	87	3
q89_2	0	88	3
q89_2	0	89	3
q89_2	0	90	3
q89_2	0	91	3
q89_2	0	12472	3
q89_2	0	15930	0
q89_2	0	15891	0
q89_2	0	15892	0
q89_2	0	15893	0
q89_2	0	15926	0
q89_2	0	15927	0
q89_2	0	15928	0
q89_2	0	15929	1
q89_2	0	15931	0
q89_2	0	15932	0
q89_2	0	15933	1
q89_2	0	15934	0
q89_2	0	15886	0
q89_2	0	15888	0
q89_3	0	28617	0
q89_3	0	28618	0
q89_3	0	28619	0
q89_3	0	28620	0
q89_3	0	28621	1
q89_3	0	28622	0
q89_3	0	28623	0
q89_3	0	28624	0
q89_3	0	28625	0
q89_3	0	28626	0
q89_3	0	28627	0
q89_3	0	28628	0
q89_3	0	28629	0
q89_3	0	28630	0
q89_3	0	28631	1
q89_3	0	28632	0
q89_3	0	28633	1
q89_3	0	28634	0
q89_3	0	28635	1
q89_3	0	87	1
q89_4	0	87	2
q89_4	0	88	3
q89_4	0	89	3
q89_4	0	90	3
q89_4	0	91	3
q89_4	0	17056	0
q89_4	0	22679	0
q89_4	0	22680	1
q89_4	0	22681	0
q89_4	0	22682	0
q89_4	0	22618	0
q89_4	0	22619	0
q89_4	0	31154	1
q89_4	0	31155	0
q89_4	0	31156	0
q89_4	0	31157	0
q89_4	0	31158	1
q89_4	0	31159	0
q89_4	0	31160	1
q89_4	0	31161	0
q89_5	0	6558	3
q89_5	0	24871	0
q89_5	0	24872	0
q89_5	0	24873	0
q89_5	0	24874	0
q89_5	0	24875	0
q89_5	0	24876	0
q89_5	0	12517	1
q89_5	0	32173	1
q89_5	0	13459	1
q89_5	0	28731	1
q89_5	0	15525	2
q89_5	0	14890	0
q89_5	0	14908	0
q89_5	0	14909	0
q89_5	0	14910	1
q89_5	0	14911	0
q89_5	0	14912	1
q89_5	0	4492	2
q89_5	0	4494	2
q90_1	0	87	1
q90_1	0	88	2
q90_1	0	89	3
q90_1	0	90	3
q90_1	0	91	3
q90_1	0	23496	0
q90_1	0	23497	0
q90_1	0	23498	0
q90_1	0	23499	0
q90_1	0	23500	0
q90_1	0	23501	0
q90_1	0	23502	0
q90_1	0	16065	1
q90_1	0	14686	1
q90_1	0	14687	1
q90_1	0	14688	1
q90_1	0	14689	1
q90_1	0	14690	0
q90_1	0	14691	1
q90_1	0	14692	1
q90_2	0	1747	0
q90_2	0	1748	0
q90_2	0	1749	0
q90_2	0	1750	0
q90_2	0	1751	1
q90_2	0	1254	1
q90_2	0	1255	1
q90_2	0	1256	1
q90_2	0	2798	2
q90_2	0	16689	1
q90_2	0	2657	1
q90_2	0	91	3
q90_2	0	15175	1
q90_2	0	2869	1
q90_2	0	28708	2
q90_2	0	2404	1
q90_2	0	2625	0
q90_2	0	2700	1
q90_2	0	2701	1
q90_2	0	2702	0
q90_3	0	15015	0
q90_3	0	15016	0
q90_3	0	15017	0
q90_3	0	15018	0
q90_3	0	15215	0
q90_3	0	15216	0
q90_3	0	15217	0
q90_3	0	15218	0
q90_3	0	15219	0
q90_3	0	15220	0
q90_3	0	15221	0
q90_3	0	15222	0
q90_3	0	15223	0
q90_3	0	19458	0
q90_3	0	3487	0
q90_3	0	15020	0
q90_3	0	15021	0
q90_3	0	15022	0
q90_3	0	15023	0
q90_3	0	15024	0
q90_4	0	29535	1
q90_4	0	21842	1
q90_4	0	8553	1
q90_4	0	4713	2
q90_4	0	19028	3
q90_4	0	19029	3
q90_4	0	4714	2
q90_4	0	10695	2
q90_4	0	18289	2
q90_4	0	2933	2
q90_4	0	13541	1
q90_4	0	21145	2
q90_4	0	7880	2
q90_4	0	4258	2
q90_4	0	6810	1
q90_4	0	747	1
q90_4	0	30770	2
q90_4	0	12015	2
q90_4	0	3958	1
q90_4	0	6934	1
q90_5	0	87	2
q90_5	0	88	2
q90_5	0	89	3
q90_5	0	90	3
q90_5	0	91	3
q90_5	0	34892	0
q90_5	0	34893	0
q90_5	0	34894	0
q90_5	0	34895	0
q90_5	0	34896	0
q90_5	0	28892	0
q90_5	0	24929	0
q90_5	0	23628	0
q90_5	0	10142	1
q90_5	0	23496	0
q90_5	0	23497	0
q90_5	0	23498	0
q90_5	0	23499	0
q90_5	0	23500	0
q90_5	0	23501	0
q91_1	0	87	3
q91_1	0	88	3
q91_1	0	89	3
q91_1	0	90	3
q91_1	0	91	3
q91_1	0	23496	1
q91_1	0	23497	0
q91_1	0	23498	0
q91_1	0	23499	0
q91_1	0	23500	0
q91_1	0	23501	0
q91_1	0	23502	0
q91_1	0	1254	0
q91_1	0	1255	1
q91_1	0	1256	0
q91_1	0	10142	1
q91_1	0	34105	0
q91_1	0	34403	0
q91_1	0	34404	0
q91_1	0	34405	1
q91_2	0	87	2
q91_2	0	88	3
q91_2	0	89	3
q91_2	0	90	3
q91_2	0	91	3
q91_2	0	32842	0
q91_2	0	32843	1
q91_2	0	32844	0
q91_2	0	32845	0
q91_2	0	32846	0
q91_2	0	32847	0
q91_2	0	32848	0
q91_2	0	32849	0
q91_2	0	32850	0
q91_2	0	32851	0
q91_2	0	32852	0
q91_2	0	32853	0
q91_2	0	32854	0
q91_2	0	32855	0
q91_2	0	32856	0
q91_3	0	14539	0
q91_3	0	14540	0
q91_3	0	14541	0
q91_3	0	14542	0
q91_3	0	14543	0
q91_3	0	14544	0
q91_3	0	15486	0
q91_3	0	15487	0
q91_3	0	28743	1
q91_3	0	26900	0
q91_3	0	23370	2
q91_3	0	90	3
q91_3	0	421	0
q91_3	0	91	3
q91_3	0	15624	1
q91_3	0	423	0
q91_3	0	424	0
q91_3	0	425	0
q91_3	0	426	0
q91_3	0	427	1
q91_4	0	87	1
q91_4	0	88	2
q91_4	0	89	3
q91_4	0	90	3
q91_4	0	91	3
q91_4	0	23496	0
q91_4	0	23497	0
q91_4	0	23498	0
q91_4	0	23499	0
q91_4	0	23500	0
q91_4	0	23501	0
q91_4	0	23502	0
q91_4	0	16065	1
q91_4	0	14686	0
q91_4	0	14687	0
q91_4	0	14688	0
q91_4	0	14689	0
q91_4	0	14690	0
q91_4	0	14691	0
q91_4	0	14692	0
q91_5	0	9913	1
q91_5	0	8225	1
q91_5	0	8226	1
q91_5	0	8227	2
q91_5	0	8228	1
q91_5	0	28812	3
q91_5	0	28866	2
q91_5	0	10133	2
q91_5	0	10134	2
q91_5	0	10135	2
q91_5	0	25523	1
q91_5	0	28804	2
q91_5	0	15320	2
q91_5	0	24778	1
q91_5	0	34714	2
q91_5	0	34715	2
q91_5	0	34716	2
q91_5	0	34717	2
q91_5	0	34718	1
q91_5	0	34719	2
q92_1	0	92	3
q92_1	0	14512	3
q92_1	0	14513	2
q92_1	0	14514	3
q92_1	0	14515	2
q92_1	0	14516	3
q92_1	0	14517	3
q92_1	0	14518	2
q92_1	0	14519	2
q92_1	0	14474	1
q92_1	0	14475	1
q92_1	0	14476	1
q92_1	0	14477	1
q92_1	0	14478	1
q92_1	0	14479	2
q92_1	0	14480	2
q92_1	0	14481	2
q92_1	0	14482	2
q92_1	0	14483	2
q92_1	0	14484	2
q92_2	0	11140	1
q92_2	0	11141	1
q92_2	0	11142	1
q92_2	0	14512	3
q92_2	0	14513	3
q92_2	0	14514	3
q92_2	0	14515	3
q92_2	0	14516	2
q92_2	0	14517	3
q92_2	0	14518	3
q92_2	0	14519	3
q92_2	0	14479	2
q92_2	0	14480	2
q92_2	0	14481	2
q92_2	0	14482	2
q92_2	0	14483	3
q92_2	0	14484	3
q92_2	0	14485	2
q92_2	0	14486	3
q92_2	0	14487	1
q92_3	0	14512	3
q92_3	0	14513	3
q92_3	0	14514	3
q92_3	0	8848	0
q92_3	0	14515	1
q92_3	0	14516	1
q92_3	0	14517	1
q92_3	0	14518	1
q92_3	0	14519	1
q92_3	0	11532	1
q92_3	0	11533	1
q92_3	0	11534	1
q92_3	0	11535	1
q92_3	0	11536	1
q92_3	0	14479	1
q92_3	0	14480	1
q92_3	0	14481	1
q92_3	0	14482	1
q92_3	0	14483	1
q92_3	0	14484	1
q92_4	0	26920	0
q92_4	0	32236	0
q92_4	0	26900	1
q92_4	0	27112	0
q92_4	0	3426	0
q92_4	0	6481	0
q92_4	0	23605	1
q92_4	0	23843	0
q92_4	0	8505	0
q92_4	0	9812	1
q92_4	0	18805	0
q92_4	0	9792	1
q92_4	0	9793	1
q92_4	0	9794	1
q92_4	0	9795	1
q92_4	0	9796	1
q92_4	0	9797	1
q92_4	0	9798	1
q92_4	0	9799	1
q92_4	0	9800	1
q92_5	0	92	3
q92_5	0	93	1
q92_5	0	94	1
q92_5	0	95	1
q92_5	0	96	1
q92_5	0	97	1
q92_5	0	98	2
q92_5	0	99	1
q92_5	0	100	1
q92_5	0	101	2
q92_5	0	102	1
q92_5	0	103	2
q92_5	0	104	1
q92_5	0	105	2
q92_5	0	106	2
q92_5	0	107	2
q92_5	0	108	2
q92_5	0	109	2
q92_5	0	110	2
q92_5	0	111	2
q93_1	0	2609	0
q93_1	0	14512	2
q93_1	0	14513	1
q93_1	0	14514	1
q93_1	0	14515	2
q93_1	0	14516	1
q93_1	0	14517	1
q93_1	0	14518	1
q93_1	0	14519	1
q93_1	0	10659	0
q93_1	0	18406	1
q93_1	0	26012	0
q93_1	0	31171	0
q93_1	0	31172	1
q93_1	0	31173	0
q93_1	0	28169	0
q93_1	0	14479	1
q93_1	0	14480	1
q93_1	0	14481	1
q93_1	0	14482	1
q93_2	0	92	1
q93_2	0	93	3
q93_2	0	94	1
q93_2	0	95	1
q93_2	0	96	1
q93_2	0	97	1
q93_2	0	98	1
q93_2	0	99	2
q93_2	0	100	1
q93_2	0	101	1
q93_2	0	102	1
q93_2	0	103	1
q93_2	0	104	1
q93_2	0	105	1
q93_2	0	106	1
q93_2	0	107	1
q93_2	0	108	1
q93_2	0	109	1
q93_2	0	110	1
q93_2	0	111	1
q93_3	0	15466	1
q93_3	0	11140	0
q93_3	0	11141	0
q93_3	0	11142	0
q93_3	0	20753	0
q93_3	0	20754	0
q93_3	0	20755	0
q93_3	0	20756	1
q93_3	0	20757	1
q93_3	0	20758	0
q93_3	0	20759	0
q93_3	0	20760	0
q93_3	0	20761	0
q93_3	0	20762	0
q93_3	0	3021	0
q93_3	0	3022	0
q93_3	0	3023	0
q93_3	0	3024	0
q93_3	0	3025	0
q93_3	0	11137	0
q93_4	0	7480	1
q93_4	0	20783	1
q93_4	0	29351	0
q93_4	0	29352	0
q93_4	0	29353	0
q93_4	0	29354	1
q93_4	0	29355	0
q93_4	0	31167	1
q93_4	0	17872	3
q93_4	0	17873	2
q93_4	0	17874	1
q93_4	0	17875	2
q93_4	0	17876	1
q93_4	0	17877	1
q93_4	0	17878	1
q93_4	0	17879	1
q93_4	0	17880	1
q93_4	0	30961	2
q93_4	0	30962	2
q93_4	0	30963	2
q93_5	0	14512	2
q93_5	0	14513	2
q93_5	0	14514	1
q93_5	0	14515	2
q93_5	0	14516	2
q93_5	0	14517	2
q93_5	0	14518	2
q93_5	0	14519	2
q93_5	0	14474	1
q93_5	0	14475	1
q93_5	0	14476	1
q93_5	0	14477	0
q93_5	0	14478	1
q93_5	0	14479	2
q93_5	0	14480	2
q93_5	0	14481	2
q93_5	0	14482	2
q93_5	0	14483	2
q93_5	0	14484	2
q93_5	0	14485	1
q94_1	0	17872	1
q94_1	0	17873	1
q94_1	0	17874	1
q94_1	0	17875	1
q94_1	0	17876	1
q94_1	0	17877	1
q94_1	0	17878	1
q94_1	0	17879	1
q94_1	0	17880	1
q94_1	0	17870	1
q94_1	0	17871	2
q94_1	0	15466	1
q94_1	0	17864	1
q94_1	0	17865	1
q94_1	0	17866	1
q94_1	0	17867	1
q94_1	0	17868	1
q94_1	0	14120	2
q94_1	0	14121	1
q94_1	0	17869	1
q94_2	0	94	3
q94_2	0	20750	0
q94_2	0	20751	1
q94_2	0	16603	2
q94_2	0	16604	2
q94_2	0	23370	2
q94_2	0	17872	2
q94_2	0	17873	2
q94_2	0	17874	1
q94_2	0	17875	2
q94_2	0	17876	2
q94_2	0	17877	2
q94_2	0	17878	2
q94_2	0	17879	2
q94_2	0	17880	2
q94_2	0	21168	1
q94_2	0	21169	0
q94_2	0	21170	0
q94_2	0	21171	1
q94_2	0	19035	1
q94_3	0	92	2
q94_3	0	93	3
q94_3	0	94	3
q94_3	0	95	3
q94_3	0	96	1
q94_3	0	97	1
q94_3	0	98	1
q94_3	0	99	1
q94_3	0	100	1
q94_3	0	101	1
q94_3	0	102	1
q94_3	0	103	1
q94_3	0	104	1
q94_3	0	105	1
q94_3	0	106	1
q94_3	0	107	1
q94_3	0	108	1
q94_3	0	109	1
q94_3	0	110	1
q94_3	0	111	1
q94_4	0	94	3
q94_4	0	16603	2
q94_4	0	17864	1
q94_4	0	17865	1
q94_4	0	17866	1
q94_4	0	17867	1
q94_4	0	17868	1
q94_4	0	16604	2
q94_4	0	23370	1
q94_4	0	14120	2
q94_4	0	14121	2
q94_4	0	17869	1
q94_4	0	17872	1
q94_4	0	17873	1
q94_4	0	17874	1
q94_4	0	17875	1
q94_4	0	17876	1
q94_4	0	17877	1
q94_4	0	17878	1
q94_4	0	17879	1
q94_5	0	92	2
q94_5	0	93	2
q94_5	0	94	3
q94_5	0	95	2
q94_5	0	96	2
q94_5	0	97	2
q94_5	0	98	2
q94_5	0	99	2
q94_5	0	100	2
q94_5	0	101	2
q94_5	0	102	2
q94_5	0	103	2
q94_5	0	104	1
q94_5	0	105	1
q94_5	0	106	1
q94_5	0	107	1
q94_5	0	108	2
q94_5	0	109	1
q94_5	0	110	1
q94_5	0	111	2
q95_1	0	17872	1
q95_1	0	17873	1
q95_1	0	17874	1
q95_1	0	17875	1
q95_1	0	17876	1
q95_1	0	17877	1
q95_1	0	17878	1
q95_1	0	17879	1
q95_1	0	17880	1
q95_1	0	17870	1
q95_1	0	17871	2
q95_1	0	15466	1
q95_1	0	21168	1
q95_1	0	21169	0
q95_1	0	21170	1
q95_1	0	21171	1
q95_1	0	19035	1
q95_1	0	19036	1
q95_1	0	19037	1
q95_1	0	19038	1
q95_2	0	96	3
q95_2	0	95	3
q95_2	0	27507	1
q95_2	0	27508	0
q95_2	0	27509	0
q95_2	0	27510	0
q95_2	0	97	2
q95_2	0	21367	1
q95_2	0	15638	0
q95_2	0	13152	1
q95_2	0	2543	0
q95_2	0	34231	1
q95_2	0	21366	0
q95_2	0	6561	0
q95_2	0	31770	0
q95_2	0	430	2
q95_2	0	18404	0
q95_2	0	32976	0
q95_2	0	34991	0
q95_2	0	21369	0
q95_3	0	3021	1
q95_3	0	3022	0
q95_3	0	3023	0
q95_3	0	3024	1
q95_3	0	3025	1
q95_3	0	3026	1
q95_3	0	3027	0
q95_3	0	3028	0
q95_3	0	1410	1
q95_3	0	25106	1
q95_3	0	25107	1
q95_3	0	25108	1
q95_3	0	25109	0
q95_3	0	25110	1
q95_3	0	25111	0
q95_3	0	25112	1
q95_3	0	28825	1
q95_3	0	21687	0
q95_3	0	2595	1
q95_3	0	2593	1
q95_4	0	17872	2
q95_4	0	17873	2
q95_4	0	17874	2
q95_4	0	17875	2
q95_4	0	17876	2
q95_4	0	17877	2
q95_4	0	17878	2
q95_4	0	17879	2
q95_4	0	17880	2
q95_4	0	17870	2
q95_4	0	17871	2
q95_4	0	92	2
q95_4	0	93	3
q95_4	0	94	3
q95_4	0	95	3
q95_4	0	96	2
q95_4	0	97	3
q95_4	0	98	2
q95_4	0	99	3
q95_4	0	100	2
q95_5	0	3453	3
q95_5	0	3456	3
q95_5	0	3457	3
q95_5	0	3458	3
q95_5	0	3459	3
q95_5	0	3460	3
q95_5	0	3461	3
q95_5	0	3462	3
q95_5	0	1386	3
q95_5	0	1387	3
q95_5	0	1388	2
q95_5	0	1389	3
q95_5	0	1390	3
q95_5	0	1391	2
q95_5	0	1392	1
q95_5	0	1393	3
q95_5	0	1394	3
q95_5	0	1395	3
q95_5	0	1396	3
q95_5	0	1397	3
q96_1	0	17864	1
q96_1	0	17865	1
q96_1	0	17866	1
q96_1	0	17867	1
q96_1	0	17868	1
q96_1	0	23368	0
q96_1	0	14120	1
q96_1	0	14121	1
q96_1	0	17869	0
q96_1	0	17872	0
q96_1	0	17873	1
q96_1	0	17874	1
q96_1	0	17875	0
q96_1	0	17876	1
q96_1	0	17877	1
q96_1	0	17878	1
q96_1	0	17879	1
q96_1	0	17880	1
q96_1	0	17870	1
q96_1	0	17871	1
q96_2	0	96	3
q96_2	0	27507	1
q96_2	0	27508	0
q96_2	0	27509	0
q96_2	0	27510	0
q96_2	0	97	2
q96_2	0	95	2
q96_2	0	15015	0
q96_2	0	15016	0
q96_2	0	15017	0
q96_2	0	15018	0
q96_2	0	10790	0
q96_2	0	10791	0
q96_2	0	10792	0
q96_2	0	15215	0
q96_2	0	15216	0
q96_2	0	15217	0
q96_2	0	15218	0
q96_2	0	15219	0
q96_2	0	15220	1
q96_3	0	15466	1
q96_3	0	20753	0
q96_3	0	20754	0
q96_3	0	20755	0
q96_3	0	20756	0
q96_3	0	20757	0
q96_3	0	20758	0
q96_3	0	20759	0
q96_3	0	20760	0
q96_3	0	20761	0
q96_3	0	20762	0
q96_3	0	23572	0
q96_3	0	30554	1
q96_3	0	18586	0
q96_3	0	733	0
q96_3	0	18660	0
q96_3	0	18661	0
q96_3	0	18540	0
q96_3	0	15220	1
q96_3	0	24181	0
q96_4	0	92	1
q96_4	0	93	2
q96_4	0	94	2
q96_4	0	95	2
q96_4	0	96	3
q96_4	0	97	2
q96_4	0	98	2
q96_4	0	99	2
q96_4	0	100	2
q96_4	0	101	2
q96_4	0	102	2
q96_4	0	103	2
q96_4	0	104	2
q96_4	0	105	1
q96_4	0	106	1
q96_4	0	107	1
q96_4	0	108	1
q96_4	0	109	1
q96_4	0	110	1
q96_4	0	111	1
q96_5	0	17872	1
q96_5	0	17873	1
q96_5	0	17874	1
q96_5	0	17875	1
q96_5	0	17876	1
q96_5	0	17877	1
q96_5	0	17878	1
q96_5	0	17879	1
q96_5	0	17880	1
q96_5	0	17870	1
q96_5	0	17871	1
q96_5	0	4699	0
q96_5	0	95	3
q96_5	0	21168	1
q96_5	0	21169	0
q96_5	0	21170	1
q96_5	0	21171	1
q96_5	0	19035	1
q96_5	0	19036	1
q96_5	0	19037	1
q97_1	0	21160	1
q97_1	0	21161	1
q97_1	0	21162	1
q97_1	0	21163	1
q97_1	0	21164	1
q97_1	0	21165	0
q97_1	0	28698	2
q97_1	0	17872	2
q97_1	0	17873	2
q97_1	0	17874	2
q97_1	0	17875	2
q97_1	0	17876	2
q97_1	0	17877	2
q97_1	0	17878	2
q97_1	0	17879	1
q97_1	0	17880	1
q97_1	0	30961	1
q97_1	0	30962	1
q97_1	0	30963	1
q97_1	0	30964	1
q97_2	0	27507	1
q97_2	0	27508	0
q97_2	0	27509	1
q97_2	0	27510	0
q97_2	0	3453	0
q97_2	0	3456	0
q97_2	0	3457	1
q97_2	0	3458	0
q97_2	0	3459	0
q97_2	0	3460	0
q97_2	0	3461	1
q97_2	0	3462	0
q97_2	0	23582	0
q97_2	0	97	3
q97_2	0	96	2
q97_2	0	95	3
q97_2	0	22962	1
q97_2	0	28891	0
q97_2	0	1386	0
q97_2	0	1387	0
q97_3	0	15466	1
q97_3	0	20753	0
q97_3	0	20754	0
q97_3	0	20755	0
q97_3	0	20756	0
q97_3	0	20757	0
q97_3	0	20758	0
q97_3	0	20759	0
q97_3	0	20760	0
q97_3	0	20761	0
q97_3	0	20762	0
q97_3	0	23572	0
q97_3	0	30554	0
q97_3	0	18586	0
q97_3	0	733	0
q97_3	0	18660	0
q97_3	0	18661	0
q97_3	0	18540	1
q97_3	0	15220	1
q97_3	0	24181	0
q97_4	0	92	2
q97_4	0	93	1
q97_4	0	94	1
q97_4	0	95	1
q97_4	0	96	1
q97_4	0	97	3
q97_4	0	98	1
q97_4	0	99	2
q97_4	0	100	1
q97_4	0	101	2
q97_4	0	102	2
q97_4	0	103	1
q97_4	0	104	1
q97_4	0	105	1
q97_4	0	106	2
q97_4	0	107	2
q97_4	0	108	2
q97_4	0	109	2
q97_4	0	110	3
q97_4	0	111	2
q97_5	0	3453	2
q97_5	0	3456	2
q97_5	0	3457	1
q97_5	0	3458	1
q97_5	0	3459	1
q97_5	0	3460	2
q97_5	0	3461	2
q97_5	0	3462	1
q97_5	0	1386	1
q97_5	0	1387	1
q97_5	0	1388	1
q97_5	0	1389	1
q97_5	0	1390	1
q97_5	0	1391	1
q97_5	0	1392	0
q97_5	0	1393	1
q97_5	0	1394	1
q97_5	0	1395	1
q97_5	0	1396	1
q97_5	0	1397	1
q98_1	0	92	1
q98_1	0	93	2
q98_1	0	94	2
q98_1	0	95	2
q98_1	0	96	2
q98_1	0	97	2
q98_1	0	98	3
q98_1	0	99	2
q98_1	0	100	2
q98_1	0	101	2
q98_1	0	102	2
q98_1	0	103	2
q98_1	0	104	1
q98_1	0	105	1
q98_1	0	106	1
q98_1	0	107	1
q98_1	0	108	1
q98_1	0	109	1
q98_1	0	110	1
q98_1	0	111	1
q98_2	0	98	3
q98_2	0	15694	2
q98_2	0	14569	0
q98_2	0	14570	1
q98_2	0	14571	0
q98_2	0	14572	0
q98_2	0	14573	0
q98_2	0	14574	0
q98_2	0	18070	0
q98_2	0	14526	0
q98_2	0	14527	0
q98_2	0	14528	0
q98_2	0	14529	0
q98_2	0	14530	0
q98_2	0	14531	0
q98_2	0	10374	0
q98_2	0	14575	0
q98_2	0	26919	0
q98_2	0	15772	0
q98_2	0	15774	0
q98_3	0	20753	0
q98_3	0	20754	0
q98_3	0	20755	0
q98_3	0	20756	0
q98_3	0	20757	0
q98_3	0	20758	0
q98_3	0	20759	0
q98_3	0	20760	0
q98_3	0	20761	0
q98_3	0	20762	0
q98_3	0	30554	1
q98_3	0	18586	0
q98_3	0	733	0
q98_3	0	18660	0
q98_3	0	18661	1
q98_3	0	18540	0
q98_3	0	24181	0
q98_3	0	6647	0
q98_3	0	6648	0
q98_3	0	27042	0
q98_4	0	15466	1
q98_4	0	9812	1
q98_4	0	17242	0
q98_4	0	17243	0
q98_4	0	17244	0
q98_4	0	17245	0
q98_4	0	17246	0
q98_4	0	20534	0
q98_4	0	23615	0
q98_4	0	23616	0
q98_4	0	23617	0
q98_4	0	23618	0
q98_4	0	11382	0
q98_4	0	28721	0
q98_4	0	5390	0
q98_4	0	9792	1
q98_4	0	9793	1
q98_4	0	9794	1
q98_4	0	9795	1
q98_4	0	9796	1
q98_5	0	98	3
q98_5	0	15694	2
q98_5	0	30892	1
q98_5	0	26097	0
q98_5	0	16399	0
q98_5	0	50	1
q98_5	0	26473	0
q98_5	0	8106	0
q98_5	0	140	0
q98_5	0	12647	0
q98_5	0	27087	0
q98_5	0	14900	0
q98_5	0	22405	1
q98_5	0	33444	0
q98_5	0	8620	1
q98_5	0	19838	0
q98_5	0	33802	0
q98_5	0	4241	0
q98_5	0	7102	1
q98_5	0	31881	0
q99_1	0	99	3
q99_1	0	17870	1
q99_1	0	17871	3
q99_1	0	15775	0
q99_1	0	15776	1
q99_1	0	15777	1
q99_1	0	15778	1
q99_1	0	15779	0
q99_1	0	93	2
q99_1	0	17864	1
q99_1	0	17865	1
q99_1	0	17866	1
q99_1	0	17867	1
q99_1	0	17868	1
q99_1	0	25937	0
q99_1	0	14120	1
q99_1	0	14121	1
q99_1	0	17869	1
q99_1	0	17872	1
q99_1	0	17873	0
q99_2	0	19480	0
q99_2	0	19481	1
q99_2	0	19482	0
q99_2	0	19483	0
q99_2	0	19484	1
q99_2	0	19485	1
q99_2	0	19486	0
q99_2	0	19487	0
q99_2	0	19488	0
q99_2	0	19489	0
q99_2	0	19490	0
q99_2	0	19491	0
q99_2	0	19492	0
q99_2	0	19493	0
q99_2	0	19494	0
q99_2	0	19495	0
q99_2	0	19496	0
q99_2	0	19497	0
q99_2	0	19498	0
q99_2	0	19499	0
q99_3	0	92	3
q99_3	0	93	3
q99_3	0	94	3
q99_3	0	95	3
q99_3	0	96	3
q99_3	0	97	3
q99_3	0	98	3
q99_3	0	99	3
q99_3	0	100	3
q99_3	0	101	3
q99_3	0	102	3
q99_3	0	103	3
q99_3	0	104	3
q99_3	0	105	3
q99_3	0	106	3
q99_3	0	107	3
q99_3	0	108	3
q99_3	0	109	3
q99_3	0	110	3
q99_3	0	111	3
q99_4	0	6716	0
q99_4	0	17872	0
q99_4	0	17873	0
q99_4	0	17874	1
q99_4	0	17875	1
q99_4	0	17876	0
q99_4	0	17877	0
q99_4	0	17878	0
q99_4	0	17879	1
q99_4	0	17880	0
q99_4	0	30961	1
q99_4	0	30962	1
q99_4	0	30963	1
q99_4	0	30964	1
q99_4	0	30965	2
q99_4	0	30966	2
q99_4	0	30967	1
q99_4	0	30968	2
q99_4	0	30969	1
q99_4	0	30970	1
q99_5	0	17869	1
q99_5	0	17864	1
q99_5	0	17865	1
q99_5	0	17866	1
q99_5	0	17867	1
q99_5	0	17868	1
q99_5	0	20753	0
q99_5	0	20754	0
q99_5	0	20755	0
q99_5	0	20756	0
q99_5	0	20757	0
q99_5	0	20758	0
q99_5	0	20759	0
q99_5	0	20760	0
q99_5	0	20761	0
q99_5	0	20762	0
q99_5	0	99	1
q99_5	0	14120	2
q99_5	0	14121	1
q99_5	0	17872	1
q100_1	0	32775	2
q100_1	0	3436	1
q100_1	0	3437	3
q100_1	0	3438	2
q100_1	0	17864	1
q100_1	0	17865	1
q100_1	0	17866	1
q100_1	0	17867	1
q100_1	0	17868	1
q100_1	0	3439	1
q100_1	0	3440	2
q100_1	0	3441	1
q100_1	0	3442	1
q100_1	0	3443	2
q100_1	0	3444	1
q100_1	0	3445	2
q100_1	0	3446	1
q100_1	0	3447	1
q100_1	0	3448	1
q100_1	0	3449	1
q100_2	0	3453	1
q100_2	0	3456	1
q100_2	0	3457	1
q100_2	0	3458	1
q100_2	0	3459	1
q100_2	0	3460	1
q100_2	0	3461	1
q100_2	0	3462	1
q100_2	0	92	2
q100_2	0	93	3
q100_2	0	94	3
q100_2	0	95	3
q100_2	0	96	2
q100_2	0	97	3
q100_2	0	98	2
q100_2	0	99	2
q100_2	0	100	3
q100_2	0	101	3
q100_2	0	102	3
q100_2	0	103	3
q100_3	0	3436	1
q100_3	0	3437	2
q100_3	0	3438	1
q100_3	0	17864	1
q100_3	0	17865	1
q100_3	0	17866	1
q100_3	0	17867	1
q100_3	0	17868	1
q100_3	0	3439	1
q100_3	0	3440	1
q100_3	0	3441	1
q100_3	0	3442	1
q100_3	0	3443	1
q100_3	0	3444	1
q100_3	0	3445	2
q100_3	0	3446	1
q100_3	0	3447	1
q100_3	0	3448	1
q100_3	0	3449	1
q100_3	0	3450	1
q100_4	0	15335	1
q100_4	0	1592	0
q100_4	0	1593	0
q100_4	0	1594	0
q100_4	0	1595	0
q100_4	0	1596	0
q100_4	0	1597	0
q100_4	0	1598	0
q100_4	0	1599	1
q100_4	0	1600	0
q100_4	0	1601	0
q100_4	0	1602	0
q100_4	0	1603	1
q100_4	0	1604	1
q100_4	0	1605	1
q100_4	0	1606	1
q100_4	0	1607	1
q100_4	0	1608	1
q100_4	0	1609	1
q100_4	0	1610	1
q100_5	0	17872	1
q100_5	0	17873	1
q100_5	0	17874	1
q100_5	0	17875	1
q100_5	0	17876	2
q100_5	0	17877	1
q100_5	0	17878	1
q100_5	0	17879	1
q100_5	0	17880	1
q100_5	0	17870	1
q100_5	0	17871	2
q100_5	0	3453	1
q100_5	0	3456	1
q100_5	0	3457	1
q100_5	0	3458	1
q100_5	0	3459	1
q100_5	0	3460	2
q100_5	0	3461	2
q100_5	0	3462	1
q100_5	0	29590	3
q101_1	0	11758	1
q101_1	0	11759	1
q101_1	0	11760	1
q101_1	0	11761	1
q101_1	0	31174	1
q101_1	0	31175	1
q101_1	0	31176	1
q101_1	0	31177	1
q101_1	0	101	3
q101_1	0	17864	2
q101_1	0	17865	2
q101_1	0	17866	2
q101_1	0	17867	2
q101_1	0	17868	2
q101_1	0	19999	0
q101_1	0	20000	0
q101_1	0	20001	1
q101_1	0	20002	0
q101_1	0	20003	0
q101_1	0	14120	2
q101_2	0	92	3
q101_2	0	93	3
q101_2	0	94	3
q101_2	0	95	3
q101_2	0	96	3
q101_2	0	97	3
q101_2	0	98	3
q101_2	0	99	3
q101_2	0	100	3
q101_2	0	101	3
q101_2	0	102	3
q101_2	0	103	3
q101_2	0	104	3
q101_2	0	105	3
q101_2	0	106	3
q101_2	0	107	3
q101_2	0	108	3
q101_2	0	109	3
q101_2	0	110	3
q101_2	0	111	3
q101_3	0	11098	0
q101_3	0	17864	0
q101_3	0	17865	1
q101_3	0	17866	0
q101_3	0	17867	0
q101_3	0	17868	0
q101_3	0	14120	2
q101_3	0	14121	1
q101_3	0	17869	0
q101_3	0	17872	0
q101_3	0	17873	0
q101_3	0	17874	1
q101_3	0	17875	1
q101_3	0	17876	1
q101_3	0	17877	1
q101_3	0	17878	0
q101_3	0	17879	0
q101_3	0	17880	0
q101_3	0	17870	0
q101_3	0	17871	1
q101_4	0	17872	1
q101_4	0	17873	1
q101_4	0	17874	1
q101_4	0	17875	1
q101_4	0	17876	1
q101_4	0	17877	1
q101_4	0	17878	1
q101_4	0	17879	1
q101_4	0	17880	1
q101_4	0	30961	1
q101_4	0	30962	1
q101_4	0	30963	1
q101_4	0	30964	1
q101_4	0	30965	2
q101_4	0	30966	2
q101_4	0	30967	1
q101_4	0	30968	1
q101_4	0	30969	1
q101_4	0	30970	1
q101_4	0	30971	1
q101_5	0	2871	0
q101_5	0	31168	2
q101_5	0	31169	2
q101_5	0	31170	2
q101_5	0	8225	0
q101_5	0	8226	0
q101_5	0	8227	0
q101_5	0	8228	0
q101_5	0	17864	2
q101_5	0	17865	2
q101_5	0	17866	1
q101_5	0	17867	1
q101_5	0	17868	2
q101_5	0	101	3
q101_5	0	28812	0
q101_5	0	28866	0
q101_5	0	14120	2
q101_5	0	14121	1
q101_5	0	17869	1
q101_5	0	17872	2
q102_1	0	7790	1
q102_1	0	7791	1
q102_1	0	17864	1
q102_1	0	17865	2
q102_1	0	17866	1
q102_1	0	17867	1
q102_1	0	17868	1
q102_1	0	32136	0
q102_1	0	14120	2
q102_1	0	14121	1
q102_1	0	17869	1
q102_1	0	17872	1
q102_1	0	17873	1
q102_1	0	17874	1
q102_1	0	17875	1
q102_1	0	17876	1
q102_1	0	17877	1
q102_1	0	17878	1
q102_1	0	17879	1
q102_1	0	17880	1
q102_2	0	92	1
q102_2	0	93	1
q102_2	0	94	1
q102_2	0	95	2
q102_2	0	96	2
q102_2	0	97	2
q102_2	0	98	2
q102_2	0	99	2
q102_2	0	100	2
q102_2	0	101	2
q102_2	0	102	3
q102_2	0	103	2
q102_2	0	104	2
q102_2	0	105	1
q102_2	0	106	1
q102_2	0	107	1
q102_2	0	108	1
q102_2	0	109	1
q102_2	0	110	1
q102_2	0	111	1
q102_3	0	25078	1
q102_3	0	25079	1
q102_3	0	25080	0
q102_3	0	25081	1
q102_3	0	4670	0
q102_3	0	4671	0
q102_3	0	4672	0
q102_3	0	4673	0
q102_3	0	4674	0
q102_3	0	4675	0
q102_3	0	4676	0
q102_3	0	4677	0
q102_3	0	4678	0
q102_3	0	4679	1
q102_3	0	4680	0
q102_3	0	4681	0
q102_3	0	4682	1
q102_3	0	4683	0
q102_3	0	4684	0
q102_3	0	4685	1
q102_4	0	102	3
q102_4	0	27115	0
q102_4	0	17864	1
q102_4	0	17865	1
q102_4	0	17866	1
q102_4	0	17867	1
q102_4	0	17868	1
q102_4	0	14120	1
q102_4	0	14121	1
q102_4	0	17869	1
q102_4	0	17872	0
q102_4	0	17873	0
q102_4	0	17874	1
q102_4	0	17875	1
q102_4	0	17876	1
q102_4	0	17877	1
q102_4	0	17878	1
q102_4	0	17879	0
q102_4	0	17880	1
q102_4	0	14022	0
q102_5	0	17872	1
q102_5	0	17873	1
q102_5	0	17874	1
q102_5	0	17875	1
q102_5	0	17876	1
q102_5	0	17877	1
q102_5	0	17878	1
q102_5	0	17879	2
q102_5	0	17880	1
q102_5	0	17870	2
q102_5	0	17871	2
q102_5	0	7790	1
q102_5	0	7791	1
q102_5	0	32136	0
q102_5	0	7789	1
q102_5	0	21168	1
q102_5	0	21169	0
q102_5	0	21170	0
q102_5	0	21171	1
q102_5	0	19035	1
q103_1	0	17864	1
q103_1	0	17865	1
q103_1	0	17866	1
q103_1	0	17867	1
q103_1	0	17868	1
q103_1	0	14120	1
q103_1	0	14121	1
q103_1	0	17869	1
q103_1	0	17872	1
q103_1	0	17873	0
q103_1	0	17874	1
q103_1	0	17875	1
q103_1	0	17876	1
q103_1	0	17877	1
q103_1	0	17878	1
q103_1	0	17879	1
q103_1	0	17880	1
q103_1	0	17870	1
q103_1	0	17871	1
q103_1	0	5662	0
q103_2	0	92	2
q103_2	0	93	2
q103_2	0	94	1
q103_2	0	95	2
q103_2	0	96	2
q103_2	0	97	2
q103_2	0	98	2
q103_2	0	99	2
q103_2	0	100	2
q103_2	0	101	2
q103_2	0	102	2
q103_2	0	103	3
q103_2	0	104	2
q103_2	0	105	1
q103_2	0	106	2
q103_2	0	107	1
q103_2	0	108	2
q103_2	0	109	1
q103_2	0	110	2
q103_2	0	111	2
q103_3	0	15027	2
q103_3	0	26080	2
q103_3	0	31539	1
q103_3	0	25078	1
q103_3	0	25079	1
q103_3	0	25080	0
q103_3	0	25081	1
q103_3	0	4670	0
q103_3	0	4671	0
q103_3	0	4672	0
q103_3	0	4673	0
q103_3	0	4674	0
q103_3	0	4675	0
q103_3	0	4676	0
q103_3	0	4677	0
q103_3	0	4678	0
q103_3	0	4679	1
q103_3	0	4680	0
q103_3	0	4681	0
q103_3	0	4682	0
q103_4	0	11098	0
q103_4	0	26010	0
q103_4	0	17864	1
q103_4	0	17865	1
q103_4	0	17866	2
q103_4	0	17867	1
q103_4	0	17868	1
q103_4	0	103	3
q103_4	0	14120	1
q103_4	0	14121	1
q103_4	0	17869	1
q103_4	0	17872	1
q103_4	0	17873	0
q103_4	0	17874	1
q103_4	0	17875	1
q103_4	0	17876	1
q103_4	0	17877	1
q103_4	0	17878	1
q103_4	0	17879	1
q103_4	0	17880	1
q103_5	0	103	3
q103_5	0	17864	1
q103_5	0	17865	1
q103_5	0	17866	1
q103_5	0	17867	1
q103_5	0	17868	1
q103_5	0	14120	1
q103_5	0	14121	1
q103_5	0	17869	1
q103_5	0	17872	1
q103_5	0	17873	1
q103_5	0	17874	1
q103_5	0	17875	1
q103_5	0	17876	1
q103_5	0	17877	1
q103_5	0	17878	1
q103_5	0	17879	1
q103_5	0	17880	1
q103_5	0	17870	1
q103_5	0	17871	1
q104_1	0	17872	1
q104_1	0	17873	1
q104_1	0	17874	1
q104_1	0	17875	1
q104_1	0	17876	1
q104_1	0	17877	1
q104_1	0	17878	1
q104_1	0	17879	1
q104_1	0	17880	1
q104_1	0	17870	1
q104_1	0	17871	2
q104_1	0	17864	1
q104_1	0	17865	1
q104_1	0	17866	1
q104_1	0	17867	1
q104_1	0	17868	1
q104_1	0	14120	1
q104_1	0	14121	1
q104_1	0	17869	1
q104_1	0	104	3
q104_2	0	92	3
q104_2	0	93	3
q104_2	0	94	3
q104_2	0	95	3
q104_2	0	96	3
q104_2	0	97	3
q104_2	0	98	3
q104_2	0	99	3
q104_2	0	100	3
q104_2	0	101	3
q104_2	0	102	3
q104_2	0	103	3
q104_2	0	104	3
q104_2	0	105	3
q104_2	0	106	3
q104_2	0	107	3
q104_2	0	108	3
q104_2	0	109	3
q104_2	0	110	3
q104_2	0	111	3
q104_3	0	17864	1
q104_3	0	17865	1
q104_3	0	17866	1
q104_3	0	17867	1
q104_3	0	17868	2
q104_3	0	2913	0
q104_3	0	2914	0
q104_3	0	2915	0
q104_3	0	2916	0
q104_3	0	2917	0
q104_3	0	14120	1
q104_3	0	14121	1
q104_3	0	17869	1
q104_3	0	17872	1
q104_3	0	17873	1
q104_3	0	17874	1
q104_3	0	17875	1
q104_3	0	17876	1
q104_3	0	17877	1
q104_3	0	17878	1
q104_4	0	17872	0
q104_4	0	17873	1
q104_4	0	17874	1
q104_4	0	17875	1
q104_4	0	17876	0
q104_4	0	17877	1
q104_4	0	17878	1
q104_4	0	17879	1
q104_4	0	17880	0
q104_4	0	30961	1
q104_4	0	30962	1
q104_4	0	30963	1
q104_4	0	30964	1
q104_4	0	30965	2
q104_4	0	30966	2
q104_4	0	30967	1
q104_4	0	30968	2
q104_4	0	30969	1
q104_4	0	30970	1
q104_4	0	30971	1
q104_5	0	22120	0
q104_5	0	22121	0
q104_5	0	22122	0
q104_5	0	22123	0
q104_5	0	104	3
q104_5	0	17864	0
q104_5	0	17865	1
q104_5	0	17866	1
q104_5	0	17867	0
q104_5	0	17868	1
q104_5	0	14120	1
q104_5	0	14121	1
q104_5	0	17869	1
q104_5	0	17872	1
q104_5	0	17873	1
q104_5	0	17874	1
q104_5	0	17875	1
q104_5	0	17876	1
q104_5	0	17877	1
q104_5	0	17878	1
q105_1	0	11489	1
q105_1	0	11490	1
q105_1	0	11491	1
q105_1	0	11492	1
q105_1	0	11493	1
q105_1	0	11494	1
q105_1	0	11511	1
q105_1	0	11512	1
q105_1	0	11513	1
q105_1	0	11514	1
q105_1	0	11515	1
q105_1	0	11446	3
q105_1	0	11447	3
q105_1	0	11448	1
q105_1	0	11449	1
q105_1	0	11450	1
q105_1	0	11451	1
q105_1	0	11452	1
q105_1	0	11453	1
q105_1	0	11454	1
q105_2	0	92	1
q105_2	0	93	1
q105_2	0	94	2
q105_2	0	95	2
q105_2	0	96	1
q105_2	0	97	1
q105_2	0	98	2
q105_2	0	99	2
q105_2	0	100	2
q105_2	0	101	2
q105_2	0	102	2
q105_2	0	103	2
q105_2	0	104	2
q105_2	0	105	3
q105_2	0	106	1
q105_2	0	107	1
q105_2	0	108	1
q105_2	0	109	1
q105_2	0	110	1
q105_2	0	111	1
q105_3	0	25078	0
q105_3	0	25079	0
q105_3	0	25080	0
q105_3	0	25081	0
q105_3	0	14517	2
q105_3	0	4670	0
q105_3	0	4671	0
q105_3	0	4672	0
q105_3	0	4673	0
q105_3	0	4674	0
q105_3	0	4675	0
q105_3	0	4676	0
q105_3	0	4677	0
q105_3	0	4678	0
q105_3	0	4679	0
q105_3	0	4680	0
q105_3	0	4681	0
q105_3	0	4682	0
q105_3	0	4683	0
q105_3	0	4684	0
q105_4	0	105	3
q105_4	0	113	2
q105_4	0	14502	2
q105_4	0	5447	2
q105_4	0	5448	2
q105_4	0	5449	2
q105_4	0	5450	2
q105_4	0	5451	2
q105_4	0	5452	2
q105_4	0	5453	2
q105_4	0	5454	2
q105_4	0	5455	2
q105_4	0	5456	2
q105_4	0	5457	2
q105_4	0	5458	2
q105_4	0	5459	2
q105_4	0	5460	1
q105_4	0	5461	2
q105_4	0	5462	2
q105_4	0	5463	2
q105_5	0	105	3
q105_5	0	1592	0
q105_5	0	1593	0
q105_5	0	1594	0
q105_5	0	1595	0
q105_5	0	1596	0
q105_5	0	1597	0
q105_5	0	1598	0
q105_5	0	1599	0
q105_5	0	1600	0
q105_5	0	1601	0
q105_5	0	1602	0
q105_5	0	1603	0
q105_5	0	1604	0
q105_5	0	1605	0
q105_5	0	1606	0
q105_5	0	1607	1
q105_5	0	1608	0
q105_5	0	1609	0
q105_5	0	1610	0
q106_1	0	21167	0
q106_1	0	13405	1
q106_1	0	14512	1
q106_1	0	14513	1
q106_1	0	14514	1
q106_1	0	14515	1
q106_1	0	14516	0
q106_1	0	14517	1
q106_1	0	14518	1
q106_1	0	14519	1
q106_1	0	14479	1
q106_1	0	14480	1
q106_1	0	14481	1
q106_1	0	14482	1
q106_1	0	14483	1
q106_1	0	14484	1
q106_1	0	14485	1
q106_1	0	14486	1
q106_1	0	14487	1
q106_1	0	14488	1
q106_2	0	92	3
q106_2	0	93	3
q106_2	0	94	3
q106_2	0	95	3
q106_2	0	96	3
q106_2	0	97	3
q106_2	0	98	3
q106_2	0	99	3
q106_2	0	100	3
q106_2	0	101	3
q106_2	0	102	3
q106_2	0	103	3
q106_2	0	104	3
q106_2	0	105	3
q106_2	0	106	3
q106_2	0	107	3
q106_2	0	108	3
q106_2	0	109	3
q106_2	0	110	3
q106_2	0	111	3
q106_3	0	14512	1
q106_3	0	14513	1
q106_3	0	14514	1
q106_3	0	14515	1
q106_3	0	14516	1
q106_3	0	14517	1
q106_3	0	14518	1
q106_3	0	14519	1
q106_3	0	14502	1
q106_3	0	113	3
q106_3	0	14479	2
q106_3	0	14480	2
q106_3	0	14481	2
q106_3	0	14482	3
q106_3	0	14483	2
q106_3	0	14484	2
q106_3	0	14485	2
q106_3	0	14486	2
q106_3	0	14487	2
q106_3	0	14488	2
q106_4	0	32241	1
q106_4	0	32242	1
q106_4	0	32243	1
q106_4	0	32244	0
q106_4	0	106	3
q106_4	0	14512	2
q106_4	0	14513	2
q106_4	0	14514	1
q106_4	0	14515	2
q106_4	0	14516	2
q106_4	0	14517	2
q106_4	0	14518	2
q106_4	0	14519	2
q106_4	0	14479	1
q106_4	0	14480	1
q106_4	0	14481	1
q106_4	0	14482	1
q106_4	0	14483	1
q106_4	0	14484	1
q106_4	0	14485	2
q106_5	0	92	2
q106_5	0	93	1
q106_5	0	94	1
q106_5	0	95	1
q106_5	0	96	1
q106_5	0	97	1
q106_5	0	98	1
q106_5	0	99	1
q106_5	0	100	1
q106_5	0	101	1
q106_5	0	102	1
q106_5	0	103	1
q106_5	0	104	1
q106_5	0	105	1
q106_5	0	106	3
q106_5	0	107	1
q106_5	0	108	2
q106_5	0	109	1
q106_5	0	110	1
q106_5	0	111	1
q107_1	0	331	1
q107_1	0	25671	0
q107_1	0	14512	1
q107_1	0	14513	1
q107_1	0	14514	1
q107_1	0	14515	2
q107_1	0	14516	1
q107_1	0	14517	2
q107_1	0	14518	1
q107_1	0	14519	1
q107_1	0	14479	1
q107_1	0	14480	1
q107_1	0	14481	1
q107_1	0	14482	1
q107_1	0	14483	1
q107_1	0	14484	1
q107_1	0	14485	1
q107_1	0	14486	1
q107_1	0	14487	1
q107_1	0	14488	1
q107_2	0	92	1
q107_2	0	93	1
q107_2	0	94	2
q107_2	0	95	2
q107_2	0	96	1
q107_2	0	97	1
q107_2	0	98	1
q107_2	0	99	2
q107_2	0	100	2
q107_2	0	101	1
q107_2	0	102	2
q107_2	0	103	2
q107_2	0	104	1
q107_2	0	105	1
q107_2	0	106	1
q107_2	0	107	3
q107_2	0	108	1
q107_2	0	109	1
q107_2	0	110	1
q107_2	0	111	1
q107_3	0	14512	1
q107_3	0	14513	1
q107_3	0	14514	1
q107_3	0	14515	1
q107_3	0	14516	1
q107_3	0	14517	1
q107_3	0	14518	1
q107_3	0	14519	1
q107_3	0	14479	2
q107_3	0	14480	2
q107_3	0	14481	2
q107_3	0	14482	3
q107_3	0	14483	3
q107_3	0	14484	3
q107_3	0	14485	2
q107_3	0	14486	3
q107_3	0	14487	2
q107_3	0	14488	2
q107_3	0	14489	2
q107_3	0	14490	2
q107_4	0	14512	1
q107_4	0	14513	1
q107_4	0	14514	1
q107_4	0	14515	1
q107_4	0	14516	1
q107_4	0	14517	1
q107_4	0	14518	1
q107_4	0	14519	1
q107_4	0	25671	0
q107_4	0	28876	0
q107_4	0	331	0
q107_4	0	14479	1
q107_4	0	14480	1
q107_4	0	14481	1
q107_4	0	14482	1
q107_4	0	14483	1
q107_4	0	14484	1
q107_4	0	14485	1
q107_4	0	14486	1
q107_4	0	14487	1
q107_5	0	28616	1
q107_5	0	25938	1
q107_5	0	25939	1
q107_5	0	25940	1
q107_5	0	25941	1
q107_5	0	25942	1
q107_5	0	25943	1
q107_5	0	25944	1
q107_5	0	25945	0
q107_5	0	25946	1
q107_5	0	107	3
q107_5	0	5662	0
q107_5	0	5663	1
q107_5	0	5664	0
q107_5	0	5665	0
q107_5	0	5666	0
q107_5	0	5667	0
q107_5	0	20255	1
q107_5	0	20256	1
q107_5	0	20257	1
q108_1	0	15466	1
q108_1	0	14512	1
q108_1	0	14513	2
q108_1	0	14514	2
q108_1	0	14515	1
q108_1	0	14516	1
q108_1	0	14517	1
q108_1	0	14518	1
q108_1	0	14519	1
q108_1	0	10040	1
q108_1	0	11640	1
q108_1	0	14479	3
q108_1	0	14480	3
q108_1	0	14481	3
q108_1	0	14482	3
q108_1	0	14483	3
q108_1	0	14484	3
q108_1	0	14485	3
q108_1	0	14486	3
q108_1	0	14487	2
q108_2	0	9812	1
q108_2	0	25078	1
q108_2	0	25079	1
q108_2	0	25080	1
q108_2	0	25081	1
q108_2	0	4670	0
q108_2	0	4671	0
q108_2	0	4672	1
q108_2	0	4673	0
q108_2	0	4674	0
q108_2	0	4675	1
q108_2	0	4676	0
q108_2	0	4677	0
q108_2	0	4678	0
q108_2	0	4679	1
q108_2	0	4680	0
q108_2	0	4681	0
q108_2	0	4682	1
q108_2	0	4683	1
q108_2	0	4684	0
q108_3	0	108	3
q108_3	0	14512	1
q108_3	0	14513	1
q108_3	0	14514	1
q108_3	0	14515	1
q108_3	0	14516	1
q108_3	0	14517	1
q108_3	0	14518	1
q108_3	0	14519	1
q108_3	0	14479	1
q108_3	0	14480	1
q108_3	0	14481	1
q108_3	0	14482	1
q108_3	0	14483	2
q108_3	0	14484	1
q108_3	0	14485	1
q108_3	0	14486	1
q108_3	0	14487	1
q108_3	0	14488	1
q108_3	0	14489	1
q108_4	0	11140	0
q108_4	0	11141	1
q108_4	0	11142	1
q108_4	0	11137	0
q108_4	0	11138	1
q108_4	0	11139	1
q108_4	0	25523	1
q108_4	0	25524	1
q108_4	0	25525	1
q108_4	0	25526	1
q108_4	0	25527	1
q108_4	0	25528	1
q108_4	0	25529	1
q108_4	0	25530	1
q108_4	0	25531	0
q108_4	0	25532	1
q108_4	0	25533	0
q108_4	0	25534	1
q108_4	0	25535	0
q108_4	0	25536	1
q108_5	0	92	3
q108_5	0	93	2
q108_5	0	94	1
q108_5	0	95	1
q108_5	0	96	1
q108_5	0	97	2
q108_5	0	98	2
q108_5	0	99	1
q108_5	0	100	2
q108_5	0	101	2
q108_5	0	102	1
q108_5	0	103	1
q108_5	0	104	1
q108_5	0	105	2
q108_5	0	106	3
q108_5	0	107	3
q108_5	0	108	3
q108_5	0	109	3
q108_5	0	110	3
q108_5	0	111	3
q109_1	0	22953	1
q109_1	0	22954	1
q109_1	0	22955	1
q109_1	0	22956	1
q109_1	0	22957	1
q109_1	0	92	2
q109_1	0	93	2
q109_1	0	94	1
q109_1	0	95	1
q109_1	0	96	1
q109_1	0	97	1
q109_1	0	98	2
q109_1	0	99	1
q109_1	0	100	1
q109_1	0	101	1
q109_1	0	102	1
q109_1	0	103	1
q109_1	0	104	1
q109_1	0	105	2
q109_1	0	106	3
q109_2	0	14512	1
q109_2	0	14513	1
q109_2	0	14514	1
q109_2	0	14515	1
q109_2	0	14516	0
q109_2	0	14517	1
q109_2	0	14518	1
q109_2	0	14519	0
q109_2	0	14479	3
q109_2	0	14480	3
q109_2	0	14481	3
q109_2	0	14482	3
q109_2	0	14483	3
q109_2	0	14484	3
q109_2	0	14485	3
q109_2	0	14486	3
q109_2	0	14487	3
q109_2	0	14488	3
q109_2	0	14489	3
q109_2	0	14490	3
q109_3	0	10040	1
q109_3	0	11640	1
q109_3	0	109	3
q109_3	0	11638	1
q109_3	0	20763	0
q109_3	0	123	2
q109_3	0	7325	0
q109_3	0	23229	0
q109_3	0	9720	0
q109_3	0	9721	0
q109_3	0	9728	0
q109_3	0	9729	0
q109_3	0	9730	0
q109_3	0	9731	0
q109_3	0	9732	1
q109_3	0	9733	0
q109_3	0	9734	0
q109_3	0	23230	1
q109_3	0	23231	0
q109_3	0	23232	0
q109_4	0	109	3
q109_4	0	32221	3
q109_4	0	32222	3
q109_4	0	32218	3
q109_4	0	21396	0
q109_4	0	19460	0
q109_4	0	30077	0
q109_4	0	30078	0
q109_4	0	30079	1
q109_4	0	30080	0
q109_4	0	30081	0
q109_4	0	30082	1
q109_4	0	30083	0
q109_4	0	30084	0
q109_4	0	30085	0
q109_4	0	30086	0
q109_4	0	30087	0
q109_4	0	30088	0
q109_4	0	30089	0
q109_4	0	30090	0
q109_5	0	18917	0
q109_5	0	23541	0
q109_5	0	23542	0
q109_5	0	23543	0
q109_5	0	23544	0
q109_5	0	23545	0
q109_5	0	23546	0
q109_5	0	22953	1
q109_5	0	22954	1
q109_5	0	22955	1
q109_5	0	22956	1
q109_5	0	22957	1
q109_5	0	14512	1
q109_5	0	14513	1
q109_5	0	14514	2
q109_5	0	14515	1
q109_5	0	14516	1
q109_5	0	14517	1
q109_5	0	14518	1
q109_5	0	14519	1
q110_1	0	14512	1
q110_1	0	14513	1
q110_1	0	14514	3
q110_1	0	14515	2
q110_1	0	14516	1
q110_1	0	14517	3
q110_1	0	14518	3
q110_1	0	14519	2
q110_1	0	14479	2
q110_1	0	14480	2
q110_1	0	14481	1
q110_1	0	14482	2
q110_1	0	14483	2
q110_1	0	14484	3
q110_1	0	14485	2
q110_1	0	14486	2
q110_1	0	14487	1
q110_1	0	14488	2
q110_1	0	14489	2
q110_1	0	14490	2
q110_2	0	110	3
q110_2	0	623	2
q110_2	0	11309	2
q110_2	0	729	2
q110_2	0	3779	2
q110_2	0	27942	2
q110_2	0	14479	2
q110_2	0	7925	2
q110_2	0	721	2
q110_2	0	728	1
q110_2	0	24791	0
q110_2	0	109	2
q110_2	0	772	2
q110_2	0	24698	1
q110_3	0	15466	1
q110_3	0	11140	0
q110_3	0	11141	0
q110_3	0	11142	0
q110_3	0	11137	0
q110_3	0	11138	1
q110_3	0	11139	1
q110_3	0	25078	0
q110_3	0	25079	0
q110_3	0	25080	0
q110_3	0	25081	0
q110_3	0	4670	0
q110_3	0	4671	0
q110_3	0	4672	0
q110_3	0	4673	0
q110_3	0	4674	0
q110_3	0	4675	0
q110_3	0	4676	0
q110_3	0	4677	0
q110_3	0	4678	0
q110_4	0	8707	2
q110_4	0	19999	2
q110_4	0	20000	2
q110_4	0	20001	2
q110_4	0	20002	2
q110_4	0	20003	1
q110_4	0	14077	2
q110_4	0	14078	2
q110_4	0	14079	2
q110_4	0	14080	2
q110_4	0	14081	2
q110_4	0	20005	2
q110_4	0	20006	1
q110_4	0	20007	1
q110_4	0	20008	1
q110_4	0	20009	1
q110_4	0	20010	1
q110_4	0	20011	1
q110_4	0	20012	1
q110_4	0	20013	1
q110_5	0	92	2
q110_5	0	93	2
q110_5	0	94	1
q110_5	0	95	1
q110_5	0	96	1
q110_5	0	97	1
q110_5	0	98	2
q110_5	0	99	1
q110_5	0	100	1
q110_5	0	101	1
q110_5	0	102	1
q110_5	0	103	1
q110_5	0	104	1
q110_5	0	105	1
q110_5	0	106	2
q110_5	0	107	2
q110_5	0	108	3
q110_5	0	109	3
q110_5	0	110	3
q110_5	0	111	2
q111_1	0	14512	2
q111_1	0	14513	2
q111_1	0	14514	2
q111_1	0	14515	2
q111_1	0	14516	3
q111_1	0	14517	2
q111_1	0	14518	2
q111_1	0	14519	2
q111_1	0	14486	3
q111_1	0	6087	3
q111_1	0	14479	2
q111_1	0	14480	1
q111_1	0	14481	2
q111_1	0	14482	1
q111_1	0	14483	2
q111_1	0	14484	1
q111_1	0	14485	1
q111_1	0	14487	1
q111_1	0	14488	2
q111_1	0	14489	1
q111_2	0	92	2
q111_2	0	93	1
q111_2	0	94	1
q111_2	0	95	1
q111_2	0	96	1
q111_2	0	97	1
q111_2	0	98	2
q111_2	0	99	1
q111_2	0	100	1
q111_2	0	101	1
q111_2	0	102	2
q111_2	0	103	1
q111_2	0	104	1
q111_2	0	105	3
q111_2	0	106	3
q111_2	0	107	1
q111_2	0	108	1
q111_2	0	109	3
q111_2	0	110	3
q111_2	0	111	3
q111_3	0	14512	1
q111_3	0	14513	1
q111_3	0	14514	1
q111_3	0	14515	1
q111_3	0	14516	1
q111_3	0	14517	1
q111_3	0	14518	1
q111_3	0	14519	1
q111_3	0	14479	2
q111_3	0	14480	2
q111_3	0	14481	2
q111_3	0	14482	2
q111_3	0	14483	3
q111_3	0	14484	2
q111_3	0	14485	2
q111_3	0	14486	3
q111_3	0	14487	3
q111_3	0	14488	2
q111_3	0	14489	2
q111_3	0	14490	2
q111_4	0	15466	1
q111_4	0	5118	1
q111_4	0	31701	1
q111_4	0	5111	1
q111_4	0	5112	1
q111_4	0	5113	1
q111_4	0	5114	1
q111_4	0	5115	1
q111_4	0	5117	1
q111_4	0	5121	1
q111_4	0	5122	1
q111_4	0	5116	1
q111_4	0	5119	1
q111_4	0	5120	1
q111_4	0	5123	1
q111_4	0	5124	1
q111_4	0	24812	0
q111_4	0	24813	0
q111_4	0	24814	0
q111_4	0	24815	0
q111_5	0	111	3
q111_5	0	14512	1
q111_5	0	14513	1
q111_5	0	14514	1
q111_5	0	14515	1
q111_5	0	14516	1
q111_5	0	14517	2
q111_5	0	14518	1
q111_5	0	14519	1
q111_5	0	14479	2
q111_5	0	14480	1
q111_5	0	14481	1
q111_5	0	14482	1
q111_5	0	14483	1
q111_5	0	14484	1
q111_5	0	14485	1
q111_5	0	14486	1
q111_5	0	14487	1
q111_5	0	14488	1
q111_5	0	14489	1
q112_1	0	14512	1
q112_1	0	14513	1
q112_1	0	14514	1
q112_1	0	14515	1
q112_1	0	14516	1
q112_1	0	14517	1
q112_1	0	14518	1
q112_1	0	14519	1
q112_1	0	14479	1
q112_1	0	14480	1
q112_1	0	14481	1
q112_1	0	14482	1
q112_1	0	14483	1
q112_1	0	14484	2
q112_1	0	14485	1
q112_1	0	14486	1
q112_1	0	14487	1
q112_1	0	14488	1
q112_1	0	14489	1
q112_1	0	14490	2
q112_2	0	92	1
q112_2	0	93	1
q112_2	0	94	2
q112_2	0	95	1
q112_2	0	96	1
q112_2	0	97	1
q112_2	0	98	1
q112_2	0	99	2
q112_2	0	100	1
q112_2	0	101	1
q112_2	0	102	1
q112_2	0	103	1
q112_2	0	104	1
q112_2	0	105	1
q112_2	0	106	1
q112_2	0	107	1
q112_2	0	108	1
q112_2	0	109	1
q112_2	0	110	1
q112_2	0	111	1
q112_3	0	14512	1
q112_3	0	14513	1
q112_3	0	14514	1
q112_3	0	14515	1
q112_3	0	14516	1
q112_3	0	14517	1
q112_3	0	14518	1
q112_3	0	14519	0
q112_3	0	14479	3
q112_3	0	14480	3
q112_3	0	14481	3
q112_3	0	14482	3
q112_3	0	14483	3
q112_3	0	14484	3
q112_3	0	14485	3
q112_3	0	14486	3
q112_3	0	14487	3
q112_3	0	14488	3
q112_3	0	14489	3
q112_3	0	14490	3
q112_4	0	112	3
q112_4	0	14017	0
q112_4	0	23494	0
q112_4	0	13994	0
q112_4	0	13995	0
q112_4	0	14002	0
q112_4	0	6733	1
q112_4	0	6734	1
q112_4	0	6735	1
q112_4	0	6736	1
q112_4	0	6737	1
q112_4	0	12430	0
q112_4	0	1257	0
q112_4	0	1258	0
q112_4	0	1259	0
q112_4	0	1260	0
q112_4	0	3331	1
q112_4	0	3332	1
q112_4	0	3333	1
q112_4	0	3334	0
q112_5	0	14512	1
q112_5	0	14513	1
q112_5	0	14514	1
q112_5	0	14515	1
q112_5	0	14516	1
q112_5	0	14517	1
q112_5	0	14518	1
q112_5	0	14519	1
q112_5	0	14479	1
q112_5	0	14480	1
q112_5	0	14481	1
q112_5	0	14482	1
q112_5	0	14483	1
q112_5	0	14484	1
q112_5	0	14485	1
q112_5	0	14486	1
q112_5	0	14487	1
q112_5	0	14488	0
q112_5	0	14489	1
q112_5	0	14490	1
q113_1	0	14512	1
q113_1	0	14513	1
q113_1	0	14514	1
q113_1	0	14515	1
q113_1	0	14516	1
q113_1	0	14517	1
q113_1	0	14518	1
q113_1	0	14519	1
q113_1	0	14502	3
q113_1	0	113	3
q113_1	0	14479	1
q113_1	0	14480	2
q113_1	0	14481	2
q113_1	0	14482	2
q113_1	0	14483	2
q113_1	0	14484	2
q113_1	0	14485	1
q113_1	0	14486	1
q113_1	0	14487	2
q113_1	0	14488	2
q113_2	0	92	3
q113_2	0	93	3
q113_2	0	94	3
q113_2	0	95	3
q113_2	0	96	3
q113_2	0	97	3
q113_2	0	98	3
q113_2	0	99	3
q113_2	0	100	3
q113_2	0	101	3
q113_2	0	102	3
q113_2	0	103	3
q113_2	0	104	3
q113_2	0	105	3
q113_2	0	106	3
q113_2	0	107	3
q113_2	0	108	3
q113_2	0	109	3
q113_2	0	110	3
q113_2	0	111	3
q113_3	0	11465	1
q113_3	0	21540	1
q113_3	0	21541	1
q113_3	0	21542	1
q113_3	0	21543	1
q113_3	0	21544	1
q113_3	0	21545	1
q113_3	0	21546	1
q113_3	0	21547	1
q113_3	0	21548	1
q113_3	0	21549	1
q113_3	0	21550	1
q113_3	0	21551	1
q113_3	0	21552	1
q113_3	0	21553	1
q113_3	0	21554	1
q113_3	0	25078	1
q113_3	0	25079	0
q113_3	0	25080	1
q113_3	0	25081	1
q113_4	0	11140	1
q113_4	0	11141	1
q113_4	0	11142	1
q113_4	0	17664	1
q113_4	0	17677	1
q113_4	0	17678	1
q113_4	0	17679	1
q113_4	0	17680	1
q113_4	0	17681	1
q113_4	0	17682	2
q113_4	0	11137	1
q113_4	0	11138	1
q113_4	0	11139	1
q113_4	0	2833	1
q113_4	0	17665	1
q113_4	0	17666	1
q113_4	0	17667	1
q113_4	0	17668	1
q113_4	0	17669	1
q113_4	0	17670	1
q113_5	0	17869	0
q113_5	0	113	3
q113_5	0	14512	1
q113_5	0	14513	2
q113_5	0	14514	2
q113_5	0	14515	2
q113_5	0	14516	1
q113_5	0	14517	2
q113_5	0	14518	1
q113_5	0	14519	1
q113_5	0	14502	3
q113_5	0	14479	1
q113_5	0	14480	1
q113_5	0	14481	1
q113_5	0	14482	1
q113_5	0	14483	1
q113_5	0	14484	1
q113_5	0	14485	1
q113_5	0	14486	1
q113_5	0	14487	1
q114_1	0	15466	1
q114_1	0	14512	1
q114_1	0	14513	1
q114_1	0	14514	1
q114_1	0	14515	1
q114_1	0	14516	1
q114_1	0	14517	1
q114_1	0	14518	1
q114_1	0	14519	1
q114_1	0	14479	3
q114_1	0	14480	3
q114_1	0	14481	3
q114_1	0	14482	3
q114_1	0	14483	3
q114_1	0	14484	3
q114_1	0	14485	3
q114_1	0	14486	3
q114_1	0	14487	3
q114_1	0	14488	3
q114_1	0	14489	3
q114_2	0	92	2
q114_2	0	93	2
q114_2	0	94	2
q114_2	0	95	2
q114_2	0	96	2
q114_2	0	97	2
q114_2	0	98	2
q114_2	0	99	2
q114_2	0	100	2
q114_2	0	101	2
q114_2	0	102	2
q114_2	0	103	2
q114_2	0	104	1
q114_2	0	105	1
q114_2	0	106	1
q114_2	0	107	1
q114_2	0	108	1
q114_2	0	109	1
q114_2	0	110	2
q114_2	0	111	1
q114_3	0	13852	1
q114_3	0	14512	1
q114_3	0	14513	1
q114_3	0	14514	1
q114_3	0	14515	2
q114_3	0	14516	1
q114_3	0	14517	2
q114_3	0	14518	1
q114_3	0	14519	1
q114_3	0	114	3
q114_3	0	31542	1
q114_3	0	14479	1
q114_3	0	14480	2
q114_3	0	14481	1
q114_3	0	14482	1
q114_3	0	14483	2
q114_3	0	14484	2
q114_3	0	14485	2
q114_3	0	14486	1
q114_3	0	14487	1
q114_4	0	11140	0
q114_4	0	11141	0
q114_4	0	11142	0
q114_4	0	11137	1
q114_4	0	11138	0
q114_4	0	11139	0
q114_4	0	1274	1
q114_4	0	30961	1
q114_4	0	15015	0
q114_4	0	15016	0
q114_4	0	15017	0
q114_4	0	15018	1
q114_4	0	10790	0
q114_4	0	10791	0
q114_4	0	10792	0
q114_4	0	15215	0
q114_4	0	15216	0
q114_4	0	15217	0
q114_4	0	15218	0
q114_4	0	15219	0
q114_5	0	14512	1
q114_5	0	14513	1
q114_5	0	14514	1
q114_5	0	14515	1
q114_5	0	14516	1
q114_5	0	14517	1
q114_5	0	14518	1
q114_5	0	14519	1
q114_5	0	23595	0
q114_5	0	23596	1
q114_5	0	23597	1
q114_5	0	23598	1
q114_5	0	3455	1
q114_5	0	6518	0
q114_5	0	6519	1
q114_5	0	6520	1
q114_5	0	6521	0
q114_5	0	6522	0
q114_5	0	6523	1
q114_5	0	6524	0
q115_1	0	15466	1
q115_1	0	11140	1
q115_1	0	11141	1
q115_1	0	11142	0
q115_1	0	14512	1
q115_1	0	14513	1
q115_1	0	14514	1
q115_1	0	14515	1
q115_1	0	14516	1
q115_1	0	14517	1
q115_1	0	14518	1
q115_1	0	14519	1
q115_1	0	14479	3
q115_1	0	14480	3
q115_1	0	14481	3
q115_1	0	14482	3
q115_1	0	14483	3
q115_1	0	14484	3
q115_1	0	14485	3
q115_1	0	14486	3
q115_2	0	23859	1
q115_2	0	23860	1
q115_2	0	23851	1
q115_2	0	23852	1
q115_2	0	23853	1
q115_2	0	23854	1
q115_2	0	23855	1
q115_2	0	23856	1
q115_2	0	23857	1
q115_2	0	23858	1
q115_2	0	28254	1
q115_2	0	28255	1
q115_2	0	28256	1
q115_2	0	28257	1
q115_2	0	28258	1
q115_2	0	28259	1
q115_2	0	23624	1
q115_2	0	5811	1
q115_2	0	26070	1
q115_2	0	27579	1
q115_3	0	23530	1
q115_3	0	27116	1
q115_3	0	16667	1
q115_3	0	16668	1
q115_3	0	24610	0
q115_3	0	24611	0
q115_3	0	24612	0
q115_3	0	24613	0
q115_3	0	24614	0
q115_3	0	27232	0
q115_3	0	27233	1
q115_3	0	27234	1
q115_3	0	27235	1
q115_3	0	27236	1
q115_3	0	27237	1
q115_3	0	6954	1
q115_3	0	6955	1
q115_3	0	6956	1
q115_3	0	6957	1
q115_3	0	6958	1
q115_4	0	28254	0
q115_4	0	28255	1
q115_4	0	28256	1
q115_4	0	28257	1
q115_4	0	28258	0
q115_4	0	28259	1
q115_4	0	11098	0
q115_4	0	8508	1
q115_4	0	4629	0
q115_4	0	7811	0
q115_4	0	30871	0
q115_4	0	30872	0
q115_4	0	30873	0
q115_4	0	30874	0
q115_4	0	30875	0
q115_4	0	27575	1
q115_4	0	9812	1
q115_4	0	30867	0
q115_4	0	30868	0
q115_4	0	30869	0
q115_5	0	8409	0
q115_5	0	10050	0
q115_5	0	10051	0
q115_5	0	10052	0
q115_5	0	10053	0
q115_5	0	10054	0
q115_5	0	10057	0
q115_5	0	10058	0
q115_5	0	10059	0
q115_5	0	10060	0
q115_5	0	10061	0
q115_5	0	10062	0
q115_5	0	10063	0
q115_5	0	10064	0
q115_5	0	10067	0
q115_5	0	10070	0
q115_5	0	10073	0
q115_5	0	10074	0
q115_5	0	11140	1
q115_5	0	11141	1
q116_1	0	10040	1
q116_1	0	11640	1
q116_1	0	20763	0
q116_1	0	15523	2
q116_1	0	5390	0
q116_1	0	1592	0
q116_1	0	1593	0
q116_1	0	1594	0
q116_1	0	1595	1
q116_1	0	1596	0
q116_1	0	1597	1
q116_1	0	1598	1
q116_1	0	1599	1
q116_1	0	1600	0
q116_1	0	1601	1
q116_1	0	1602	1
q116_1	0	1603	1
q116_1	0	1604	1
q116_1	0	1605	1
q116_1	0	1606	1
q116_2	0	28254	2
q116_2	0	28255	2
q116_2	0	28256	2
q116_2	0	28257	2
q116_2	0	28258	2
q116_2	0	28259	2
q116_2	0	23859	2
q116_2	0	23860	2
q116_2	0	23851	2
q116_2	0	23852	2
q116_2	0	23853	2
q116_2	0	23854	1
q116_2	0	23855	2
q116_2	0	23856	1
q116_2	0	23857	1
q116_2	0	23858	1
q116_2	0	92	2
q116_2	0	93	2
q116_2	0	94	1
q116_2	0	95	2
q116_3	0	116	3
q116_3	0	9536	1
q116_3	0	7621	3
q116_3	0	19319	1
q116_3	0	13268	1
q116_3	0	9534	0
q116_3	0	9535	1
q116_3	0	29314	2
q116_3	0	9529	2
q116_3	0	20093	0
q116_3	0	14773	2
q116_3	0	2043	0
q116_3	0	20099	1
q116_3	0	13063	1
q116_3	0	25488	3
q116_3	0	26085	2
q116_3	0	7612	3
q116_3	0	27693	1
q116_3	0	33282	0
q116_3	0	1999	0
q116_4	0	92	1
q116_4	0	93	1
q116_4	0	94	1
q116_4	0	95	1
q116_4	0	96	1
q116_4	0	97	1
q116_4	0	98	1
q116_4	0	99	1
q116_4	0	100	1
q116_4	0	101	1
q116_4	0	102	1
q116_4	0	103	1
q116_4	0	104	1
q116_4	0	105	1
q116_4	0	106	1
q116_4	0	107	1
q116_4	0	108	1
q116_4	0	109	1
q116_4	0	110	1
q116_4	0	111	1
q116_5	0	23859	1
q116_5	0	23860	1
q116_5	0	23851	1
q116_5	0	23852	1
q116_5	0	23853	1
q116_5	0	23854	1
q116_5	0	23855	1
q116_5	0	23856	1
q116_5	0	23857	1
q116_5	0	23858	1
q116_5	0	28254	1
q116_5	0	28255	1
q116_5	0	28256	1
q116_5	0	28257	1
q116_5	0	28258	1
q116_5	0	28259	1
q116_5	0	23624	1
q116_5	0	5811	1
q116_5	0	26070	1
q116_5	0	27579	1
q117_1	0	27215	1
q117_1	0	27216	1
q117_1	0	27217	2
q117_1	0	27218	2
q117_1	0	27219	2
q117_1	0	27220	1
q117_1	0	16275	1
q117_1	0	31925	1
q117_1	0	28927	0
q117_1	0	27232	1
q117_1	0	27233	1
q117_1	0	27234	2
q117_1	0	27235	2
q117_1	0	27236	1
q117_1	0	27237	1
q117_1	0	23371	0
q117_1	0	23372	0
q117_1	0	23373	0
q117_1	0	23374	0
q117_1	0	23375	0
q117_2	0	92	3
q117_2	0	93	3
q117_2	0	94	3
q117_2	0	95	3
q117_2	0	96	3
q117_2	0	97	3
q117_2	0	98	3
q117_2	0	99	3
q117_2	0	100	3
q117_2	0	101	3
q117_2	0	102	3
q117_2	0	103	3
q117_2	0	104	3
q117_2	0	105	3
q117_2	0	106	3
q117_2	0	107	3
q117_2	0	108	3
q117_2	0	109	3
q117_2	0	110	3
q117_2	0	111	3
q117_3	0	28254	2
q117_3	0	28255	2
q117_3	0	28256	2
q117_3	0	28257	2
q117_3	0	28258	2
q117_3	0	28259	2
q117_3	0	23859	2
q117_3	0	23860	2
q117_3	0	23851	2
q117_3	0	23852	2
q117_3	0	23853	2
q117_3	0	23854	2
q117_3	0	23855	2
q117_3	0	23856	1
q117_3	0	23857	2
q117_3	0	23858	2
q117_3	0	8508	1
q117_3	0	23624	2
q117_3	0	5811	2
q117_3	0	26070	2
q117_4	0	11140	2
q117_4	0	11141	2
q117_4	0	11142	3
q117_4	0	11137	2
q117_4	0	11138	2
q117_4	0	11139	2
q117_4	0	117	3
q117_4	0	30961	2
q117_4	0	4336	1
q117_4	0	3826	2
q117_4	0	3462	2
q117_4	0	10774	3
q117_4	0	25199	2
q117_4	0	10328	1
q117_4	0	25771	2
q117_4	0	7218	1
q117_4	0	7219	1
q117_4	0	24078	1
q117_4	0	6116	1
q117_4	0	18418	1
q117_5	0	92	3
q117_5	0	93	3
q117_5	0	94	3
q117_5	0	95	3
q117_5	0	96	3
q117_5	0	97	3
q117_5	0	98	3
q117_5	0	99	3
q117_5	0	100	3
q117_5	0	101	3
q117_5	0	102	3
q117_5	0	103	3
q117_5	0	104	3
q117_5	0	105	3
q117_5	0	106	3
q117_5	0	107	3
q117_5	0	108	3
q117_5	0	109	3
q117_5	0	110	3
q117_5	0	111	3
q118_1	0	10040	1
q118_1	0	11640	3
q118_1	0	20763	1
q118_1	0	15523	1
q118_1	0	1610	3
q118_1	0	118	3
q118_1	0	14887	2
q118_1	0	17963	1
q118_1	0	15007	2
q118_1	0	11614	2
q118_1	0	16192	2
q118_1	0	25059	3
q118_1	0	729	1
q118_1	0	23700	1
q118_1	0	11616	2
q118_1	0	12115	1
q118_1	0	14771	3
q118_1	0	15099	2
q118_1	0	18532	1
q118_1	0	111	3
q118_2	0	92	3
q118_2	0	93	3
q118_2	0	94	3
q118_2	0	95	3
q118_2	0	96	3
q118_2	0	97	3
q118_2	0	98	3
q118_2	0	99	3
q118_2	0	100	3
q118_2	0	101	3
q118_2	0	102	3
q118_2	0	103	3
q118_2	0	104	3
q118_2	0	105	3
q118_2	0	106	3
q118_2	0	107	3
q118_2	0	108	3
q118_2	0	109	3
q118_2	0	110	3
q118_2	0	111	3
q118_3	0	28254	2
q118_3	0	28255	2
q118_3	0	28256	2
q118_3	0	28257	2
q118_3	0	28258	2
q118_3	0	28259	2
q118_3	0	23859	2
q118_3	0	23860	2
q118_3	0	23851	2
q118_3	0	23852	2
q118_3	0	23853	2
q118_3	0	23854	2
q118_3	0	23855	2
q118_3	0	23856	1
q118_3	0	23857	2
q118_3	0	23858	2
q118_3	0	8508	1
q118_3	0	23624	2
q118_3	0	5811	2
q118_3	0	26070	2
q118_4	0	8409	0
q118_4	0	10050	0
q118_4	0	10051	0
q118_4	0	10052	1
q118_4	0	10053	1
q118_4	0	10054	0
q118_4	0	10057	0
q118_4	0	10058	0
q118_4	0	10059	0
q118_4	0	10060	0
q118_4	0	10061	0
q118_4	0	10062	0
q118_4	0	10063	0
q118_4	0	10064	1
q118_4	0	10067	2
q118_4	0	10070	1
q118_4	0	10073	0
q118_4	0	10074	0
q118_4	0	10065	0
q118_4	0	10066	1
q118_5	0	27115	1
q118_5	0	26789	2
q118_5	0	21177	1
q118_5	0	21178	1
q118_5	0	21179	1
q118_5	0	21180	1
q118_5	0	21181	1
q118_5	0	23595	2
q118_5	0	23596	2
q118_5	0	23597	2
q118_5	0	23598	2
q118_5	0	24503	0
q118_5	0	24504	0
q118_5	0	24505	0
q118_5	0	24506	0
q118_5	0	18015	2
q118_5	0	20108	1
q118_5	0	19937	2
q118_5	0	29458	2
q118_5	0	29329	2
q119_1	0	10794	3
q119_1	0	10795	3
q119_1	0	10796	2
q119_1	0	119	3
q119_1	0	25873	1
q119_1	0	14569	0
q119_1	0	14570	0
q119_1	0	14571	1
q119_1	0	14572	0
q119_1	0	14573	0
q119_1	0	14574	0
q119_1	0	18070	0
q119_1	0	14526	0
q119_1	0	14527	2
q119_1	0	14528	1
q119_1	0	14529	1
q119_1	0	14530	0
q119_1	0	14531	0
q119_1	0	25889	3
q119_1	0	10374	0
q119_2	0	92	3
q119_2	0	93	3
q119_2	0	94	3
q119_2	0	95	3
q119_2	0	96	3
q119_2	0	97	3
q119_2	0	98	3
q119_2	0	99	3
q119_2	0	100	3
q119_2	0	101	3
q119_2	0	102	3
q119_2	0	103	3
q119_2	0	104	3
q119_2	0	105	3
q119_2	0	106	3
q119_2	0	107	3
q119_2	0	108	3
q119_2	0	109	3
q119_2	0	110	3
q119_2	0	111	3
q119_3	0	28254	1
q119_3	0	28255	1
q119_3	0	28256	1
q119_3	0	28257	1
q119_3	0	28258	1
q119_3	0	28259	1
q119_3	0	23859	1
q119_3	0	23860	1
q119_3	0	23851	1
q119_3	0	23852	1
q119_3	0	23853	1
q119_3	0	23854	1
q119_3	0	23855	1
q119_3	0	23856	1
q119_3	0	23857	1
q119_3	0	23858	1
q119_3	0	8508	1
q119_3	0	5811	1
q119_3	0	26070	1
q119_3	0	27579	1
q119_4	0	10794	2
q119_4	0	10795	2
q119_4	0	10796	2
q119_4	0	11140	1
q119_4	0	11141	1
q119_4	0	11142	1
q119_4	0	11137	0
q119_4	0	11138	0
q119_4	0	11139	1
q119_4	0	14067	1
q119_4	0	14068	1
q119_4	0	14069	0
q119_4	0	14070	1
q119_4	0	19480	0
q119_4	0	19481	0
q119_4	0	19482	0
q119_4	0	19483	0
q119_4	0	19484	0
q119_4	0	19485	0
q119_4	0	19486	0
q119_5	0	92	1
q119_5	0	93	1
q119_5	0	94	1
q119_5	0	95	2
q119_5	0	96	1
q119_5	0	97	1
q119_5	0	98	1
q119_5	0	99	1
q119_5	0	100	1
q119_5	0	101	1
q119_5	0	102	1
q119_5	0	103	1
q119_5	0	104	1
q119_5	0	105	1
q119_5	0	106	1
q119_5	0	107	1
q119_5	0	108	1
q119_5	0	109	1
q119_5	0	110	1
q119_5	0	111	1
q120_1	0	331	1
q120_1	0	5013	1
q120_1	0	17590	1
q120_1	0	120	3
q120_1	0	5669	1
q120_1	0	5670	1
q120_1	0	5671	1
q120_1	0	5672	1
q120_1	0	5673	1
q120_1	0	5674	0
q120_1	0	5675	1
q120_1	0	5676	1
q120_1	0	18069	0
q120_1	0	25671	1
q120_1	0	28685	1
q120_1	0	28932	2
q120_1	0	28638	2
q120_1	0	14898	3
q120_1	0	8416	1
q120_1	0	16430	2
q120_2	0	92	3
q120_2	0	93	3
q120_2	0	94	3
q120_2	0	95	3
q120_2	0	96	3
q120_2	0	97	3
q120_2	0	98	3
q120_2	0	99	3
q120_2	0	100	3
q120_2	0	101	3
q120_2	0	102	3
q120_2	0	103	3
q120_2	0	104	3
q120_2	0	105	3
q120_2	0	106	3
q120_2	0	107	3
q120_2	0	108	3
q120_2	0	109	3
q120_2	0	110	3
q120_2	0	111	3
q120_3	0	28254	2
q120_3	0	28255	2
q120_3	0	28256	2
q120_3	0	28257	2
q120_3	0	28258	2
q120_3	0	28259	2
q120_3	0	23859	2
q120_3	0	23860	2
q120_3	0	23851	2
q120_3	0	23852	2
q120_3	0	23853	2
q120_3	0	23854	1
q120_3	0	23855	2
q120_3	0	23856	1
q120_3	0	23857	2
q120_3	0	23858	2
q120_3	0	8508	1
q120_3	0	23624	2
q120_3	0	5811	2
q120_3	0	26070	2
q120_4	0	331	1
q120_4	0	7545	1
q120_4	0	16275	0
q120_4	0	25671	2
q120_4	0	14067	0
q120_4	0	14068	0
q120_4	0	14069	0
q120_4	0	14070	0
q120_4	0	19480	0
q120_4	0	19481	0
q120_4	0	19482	0
q120_4	0	19483	0
q120_4	0	19484	0
q120_4	0	19485	0
q120_4	0	19486	0
q120_4	0	19487	0
q120_4	0	19488	0
q120_4	0	19489	0
q120_4	0	19490	0
q120_4	0	19491	0
q120_5	0	92	1
q120_5	0	93	1
q120_5	0	94	2
q120_5	0	95	2
q120_5	0	96	2
q120_5	0	97	2
q120_5	0	98	2
q120_5	0	99	2
q120_5	0	100	1
q120_5	0	101	2
q120_5	0	102	2
q120_5	0	103	2
q120_5	0	104	2
q120_5	0	105	1
q120_5	0	106	1
q120_5	0	107	1
q120_5	0	108	1
q120_5	0	109	1
q120_5	0	110	1
q120_5	0	111	1
q121_1	0	121	3
q121_1	0	15470	1
q121_1	0	14130	0
q121_1	0	26767	0
q121_1	0	26768	0
q121_1	0	26769	0
q121_1	0	26770	0
q121_1	0	26771	0
q121_1	0	7449	1
q121_1	0	5012	0
q121_1	0	23568	0
q121_1	0	23569	0
q121_1	0	23570	0
q121_1	0	23571	0
q121_1	0	23572	0
q121_1	0	23573	0
q121_1	0	23584	0
q121_1	0	8160	1
q121_1	0	9750	0
q121_1	0	1491	0
q121_2	0	92	1
q121_2	0	93	1
q121_2	0	94	1
q121_2	0	95	2
q121_2	0	96	1
q121_2	0	97	1
q121_2	0	98	1
q121_2	0	99	2
q121_2	0	100	2
q121_2	0	101	1
q121_2	0	102	1
q121_2	0	103	2
q121_2	0	104	1
q121_2	0	105	1
q121_2	0	106	1
q121_2	0	107	1
q121_2	0	108	1
q121_2	0	109	1
q121_2	0	110	1
q121_2	0	111	1
q121_3	0	28254	1
q121_3	0	28255	1
q121_3	0	28256	2
q121_3	0	28257	1
q121_3	0	28258	1
q121_3	0	28259	1
q121_3	0	23859	1
q121_3	0	23860	1
q121_3	0	23851	1
q121_3	0	23852	1
q121_3	0	23853	1
q121_3	0	23854	1
q121_3	0	23855	1
q121_3	0	23856	2
q121_3	0	23857	1
q121_3	0	23858	1
q121_3	0	8508	1
q121_3	0	23624	2
q121_3	0	5811	1
q121_3	0	26070	2
q121_4	0	5662	0
q121_4	0	5663	1
q121_4	0	5664	0
q121_4	0	5665	1
q121_4	0	5666	0
q121_4	0	5667	1
q121_4	0	20255	1
q121_4	0	20256	1
q121_4	0	20257	1
q121_4	0	20258	1
q121_4	0	20259	1
q121_4	0	20260	1
q121_4	0	20261	1
q121_4	0	20262	1
q121_4	0	20263	1
q121_4	0	20264	1
q121_4	0	20265	1
q121_4	0	20266	1
q121_4	0	20267	1
q121_4	0	20268	1
q121_5	0	32686	1
q121_5	0	7422	0
q121_5	0	7423	0
q121_5	0	7424	0
q121_5	0	7425	0
q121_5	0	9812	1
q121_5	0	17872	0
q121_5	0	17873	0
q121_5	0	17874	0
q121_5	0	17875	0
q121_5	0	17876	0
q121_5	0	17877	0
q121_5	0	17878	0
q121_5	0	17879	0
q121_5	0	17880	1
q121_5	0	21168	0
q121_5	0	21169	1
q121_5	0	21170	0
q121_5	0	21171	1
q121_5	0	19035	1
q122_1	0	122	3
q122_1	0	10040	2
q122_1	0	11640	1
q122_1	0	8470	1
q122_1	0	8471	1
q122_1	0	8472	1
q122_1	0	8473	0
q122_1	0	8474	1
q122_1	0	20763	1
q122_1	0	25055	1
q122_1	0	25056	0
q122_1	0	25057	0
q122_1	0	25058	1
q122_1	0	25059	1
q122_1	0	31202	0
q122_1	0	25066	0
q122_1	0	25072	1
q122_1	0	27491	0
q122_1	0	25067	0
q122_1	0	15523	1
q122_2	0	92	3
q122_2	0	93	3
q122_2	0	94	3
q122_2	0	95	3
q122_2	0	96	3
q122_2	0	97	3
q122_2	0	98	3
q122_2	0	99	3
q122_2	0	100	3
q122_2	0	101	3
q122_2	0	102	3
q122_2	0	103	3
q122_2	0	104	3
q122_2	0	105	3
q122_2	0	106	3
q122_2	0	107	3
q122_2	0	108	3
q122_2	0	109	3
q122_2	0	110	3
q122_2	0	111	3
q122_3	0	28254	2
q122_3	0	28255	2
q122_3	0	28256	2
q122_3	0	28257	2
q122_3	0	28258	2
q122_3	0	28259	2
q122_3	0	23859	2
q122_3	0	23860	2
q122_3	0	23851	2
q122_3	0	23852	2
q122_3	0	23853	2
q122_3	0	23854	2
q122_3	0	23855	2
q122_3	0	23856	1
q122_3	0	23857	2
q122_3	0	23858	2
q122_3	0	8508	1
q122_3	0	23624	2
q122_3	0	5811	2
q122_3	0	26070	2
q122_4	0	122	3
q122_4	0	25055	1
q122_4	0	25056	1
q122_4	0	25057	1
q122_4	0	25058	1
q122_4	0	25059	1
q122_4	0	31202	1
q122_4	0	14130	1
q122_4	0	26767	1
q122_4	0	26768	1
q122_4	0	26769	1
q122_4	0	26770	1
q122_4	0	26771	1
q122_4	0	25066	1
q122_4	0	25072	0
q122_4	0	27491	1
q122_4	0	5012	0
q122_4	0	23568	1
q122_4	0	23569	1
q122_4	0	23570	1
q122_5	0	8409	0
q122_5	0	10050	0
q122_5	0	10051	0
q122_5	0	10052	0
q122_5	0	10053	0
q122_5	0	10054	0
q122_5	0	15466	1
q122_5	0	10057	0
q122_5	0	10058	0
q122_5	0	10059	0
q122_5	0	10060	0
q122_5	0	10061	0
q122_5	0	10062	0
q122_5	0	10063	0
q122_5	0	10064	1
q122_5	0	10067	0
q122_5	0	10070	0
q122_5	0	10073	0
q122_5	0	10074	0
q122_5	0	11140	1
q123_1	0	10040	1
q123_1	0	11640	2
q123_1	0	20763	1
q123_1	0	15523	2
q123_1	0	5390	0
q123_1	0	123	3
q123_1	0	15326	0
q123_1	0	32689	0
q123_1	0	32690	0
q123_1	0	14511	3
q123_1	0	8409	0
q123_1	0	10050	0
q123_1	0	10051	0
q123_1	0	10052	0
q123_1	0	10053	0
q123_1	0	10054	0
q123_1	0	5713	0
q123_1	0	17123	0
q123_1	0	17124	1
q123_1	0	17125	1
q123_2	0	92	3
q123_2	0	93	3
q123_2	0	94	3
q123_2	0	95	3
q123_2	0	96	3
q123_2	0	97	3
q123_2	0	98	3
q123_2	0	99	3
q123_2	0	100	3
q123_2	0	101	3
q123_2	0	102	3
q123_2	0	103	3
q123_2	0	104	3
q123_2	0	105	3
q123_2	0	106	3
q123_2	0	107	3
q123_2	0	108	3
q123_2	0	109	3
q123_2	0	110	3
q123_2	0	111	3
q123_3	0	28254	1
q123_3	0	28255	1
q123_3	0	28256	1
q123_3	0	28257	1
q123_3	0	28258	1
q123_3	0	28259	1
q123_3	0	23859	1
q123_3	0	23860	1
q123_3	0	23851	1
q123_3	0	23852	1
q123_3	0	23853	1
q123_3	0	23854	1
q123_3	0	23855	1
q123_3	0	23856	1
q123_3	0	23857	1
q123_3	0	23858	1
q123_3	0	8508	2
q123_3	0	5811	2
q123_3	0	26070	2
q123_3	0	27579	2
q123_4	0	11638	2
q123_4	0	7325	2
q123_4	0	23229	2
q123_4	0	9720	2
q123_4	0	9721	2
q123_4	0	9728	2
q123_4	0	9729	3
q123_4	0	9730	2
q123_4	0	9731	2
q123_4	0	9732	3
q123_4	0	9733	2
q123_4	0	9734	2
q123_4	0	23230	2
q123_4	0	23231	1
q123_4	0	23232	2
q123_4	0	23233	2
q123_4	0	23234	2
q123_4	0	23235	2
q123_4	0	23236	2
q123_4	0	23237	1
q123_5	0	10040	2
q123_5	0	11640	3
q123_5	0	15523	3
q123_5	0	20763	1
q123_5	0	16275	2
q123_5	0	14067	1
q123_5	0	14068	1
q123_5	0	14069	0
q123_5	0	14070	1
q123_5	0	19480	0
q123_5	0	19481	0
q123_5	0	19482	0
q123_5	0	19483	0
q123_5	0	19484	0
q123_5	0	19485	0
q123_5	0	19486	0
q123_5	0	19487	0
q123_5	0	19488	0
q123_5	0	19489	0
q123_5	0	19490	0
q124_1	0	21157	1
q124_1	0	21158	1
q124_1	0	21159	1
q124_1	0	21152	1
q124_1	0	21153	2
q124_1	0	21154	1
q124_1	0	21155	1
q124_1	0	21156	1
q124_1	0	28721	1
q124_1	0	21139	0
q124_1	0	4000	3
q124_1	0	22610	0
q124_1	0	22611	0
q124_1	0	22612	0
q124_1	0	22613	0
q124_1	0	22614	0
q124_1	0	22615	0
q124_1	0	22616	0
q124_1	0	22617	0
q124_1	0	4335	3
q124_2	0	124	3
q124_2	0	125	3
q124_2	0	126	3
q124_2	0	127	3
q124_2	0	4472	2
q124_2	0	4473	1
q124_2	0	4474	2
q124_2	0	4475	2
q124_2	0	4476	2
q124_2	0	4477	2
q124_2	0	4478	2
q124_2	0	4479	2
q124_2	0	4480	2
q124_2	0	4481	2
q124_2	0	4482	2
q124_2	0	4483	1
q124_2	0	4484	1
q124_2	0	4485	2
q124_2	0	4486	1
q124_2	0	8460	1
q124_3	0	4884	1
q124_3	0	8460	0
q124_3	0	8461	0
q124_3	0	8462	1
q124_3	0	3833	0
q124_3	0	3834	1
q124_3	0	3835	1
q124_3	0	3836	0
q124_3	0	3837	0
q124_3	0	3838	1
q124_3	0	3839	1
q124_3	0	3840	0
q124_3	0	3841	0
q124_3	0	3842	0
q124_3	0	3843	0
q124_3	0	3844	0
q124_3	0	3845	0
q124_3	0	3846	1
q124_3	0	3847	0
q124_3	0	3848	0
q124_4	0	21157	1
q124_4	0	21158	1
q124_4	0	21159	1
q124_4	0	21152	1
q124_4	0	21153	2
q124_4	0	21154	1
q124_4	0	21155	1
q124_4	0	21156	1
q124_4	0	11098	0
q124_4	0	3798	1
q124_4	0	30894	1
q124_4	0	21139	0
q124_4	0	16634	1
q124_4	0	16635	0
q124_4	0	16636	0
q124_4	0	16637	0
q124_4	0	16638	0
q124_4	0	22610	0
q124_4	0	22611	0
q124_4	0	22612	0
q124_5	0	1368	1
q124_5	0	1369	0
q124_5	0	1370	0
q124_5	0	1371	0
q124_5	0	1372	0
q124_5	0	24553	0
q124_5	0	24554	0
q124_5	0	24555	0
q124_5	0	24556	0
q124_5	0	24557	0
q124_5	0	8460	1
q124_5	0	8461	1
q124_5	0	8462	1
q124_5	0	3833	2
q124_5	0	3834	3
q124_5	0	3835	2
q124_5	0	3836	1
q124_5	0	3837	2
q124_5	0	3838	1
q124_5	0	3839	2
q125_1	0	21157	1
q125_1	0	21158	1
q125_1	0	21159	2
q125_1	0	21152	1
q125_1	0	21153	1
q125_1	0	21154	1
q125_1	0	21155	1
q125_1	0	21156	2
q125_1	0	4445	2
q125_1	0	4446	1
q125_1	0	4447	1
q125_1	0	4448	1
q125_1	0	4449	1
q125_1	0	4450	1
q125_1	0	4451	1
q125_1	0	4452	1
q125_1	0	4453	1
q125_1	0	4454	1
q125_1	0	4455	1
q125_1	0	4456	1
q125_2	0	11827	1
q125_2	0	11828	1
q125_2	0	11829	2
q125_2	0	11830	1
q125_2	0	11831	1
q125_2	0	11832	2
q125_2	0	17052	0
q125_2	0	252	3
q125_2	0	253	2
q125_2	0	254	1
q125_2	0	255	1
q125_2	0	256	1
q125_2	0	257	1
q125_2	0	258	1
q125_2	0	259	1
q125_2	0	260	1
q125_2	0	261	1
q125_2	0	262	2
q125_2	0	263	1
q125_2	0	264	2
q125_3	0	124	2
q125_3	0	125	3
q125_3	0	126	2
q125_3	0	127	2
q125_3	0	11098	0
q125_3	0	4472	0
q125_3	0	4473	1
q125_3	0	4474	1
q125_3	0	4475	1
q125_3	0	4476	1
q125_3	0	4477	1
q125_3	0	4478	1
q125_3	0	4479	1
q125_3	0	4480	1
q125_3	0	4481	1
q125_3	0	4482	1
q125_3	0	4483	1
q125_3	0	4484	1
q125_3	0	4485	1
q125_3	0	4486	1
q125_4	0	4884	1
q125_4	0	8460	0
q125_4	0	8461	0
q125_4	0	8462	1
q125_4	0	3833	0
q125_4	0	3834	1
q125_4	0	3835	1
q125_4	0	3836	1
q125_4	0	3837	0
q125_4	0	3838	1
q125_4	0	3839	1
q125_4	0	3840	0
q125_4	0	3841	0
q125_4	0	3842	0
q125_4	0	3843	0
q125_4	0	3844	0
q125_4	0	3845	0
q125_4	0	3846	0
q125_4	0	3847	1
q125_4	0	3848	0
q125_5	0	25078	2
q125_5	0	25079	3
q125_5	0	25080	3
q125_5	0	25081	3
q125_5	0	4670	2
q125_5	0	4671	3
q125_5	0	4672	2
q125_5	0	4673	2
q125_5	0	4674	2
q125_5	0	4675	3
q125_5	0	4676	3
q125_5	0	4677	3
q125_5	0	4678	1
q125_5	0	4679	3
q125_5	0	4680	2
q125_5	0	4681	2
q125_5	0	4682	3
q125_5	0	4683	2
q125_5	0	4684	1
q125_5	0	4685	1
q126_1	0	3498	1
q126_1	0	3499	1
q126_1	0	3500	1
q126_1	0	3501	1
q126_1	0	3502	1
q126_1	0	3503	1
q126_1	0	3504	1
q126_1	0	3505	1
q126_1	0	3506	1
q126_1	0	3507	1
q126_1	0	3508	1
q126_1	0	4445	1
q126_1	0	4446	1
q126_1	0	4447	1
q126_1	0	4448	1
q126_1	0	4449	1
q126_1	0	4450	1
q126_1	0	4451	1
q126_1	0	4452	1
q126_1	0	4453	1
q126_2	0	4670	0
q126_2	0	4671	1
q126_2	0	4672	1
q126_2	0	4673	1
q126_2	0	4674	0
q126_2	0	4675	1
q126_2	0	4676	1
q126_2	0	4677	1
q126_2	0	4678	1
q126_2	0	4679	1
q126_2	0	4680	1
q126_2	0	4681	1
q126_2	0	4682	1
q126_2	0	4683	1
q126_2	0	4684	1
q126_2	0	4685	1
q126_2	0	4686	1
q126_2	0	4687	1
q126_2	0	4688	1
q126_2	0	10376	1
q126_3	0	12533	0
q126_3	0	12534	0
q126_3	0	126	3
q126_3	0	22269	0
q126_3	0	5239	1
q126_3	0	31360	0
q126_3	0	31361	0
q126_3	0	31362	0
q126_3	0	5187	1
q126_3	0	5188	1
q126_3	0	5189	1
q126_3	0	5190	1
q126_3	0	31344	1
q126_3	0	5148	1
q126_3	0	5149	1
q126_3	0	5150	1
q126_3	0	5151	1
q126_3	0	5152	2
q126_3	0	22275	0
q126_3	0	22276	0
q126_4	0	10068	1
q126_4	0	8460	1
q126_4	0	8461	1
q126_4	0	8462	1
q126_4	0	3833	1
q126_4	0	3834	1
q126_4	0	3835	1
q126_4	0	3836	1
q126_4	0	3837	1
q126_4	0	3838	2
q126_4	0	3839	2
q126_4	0	3840	1
q126_4	0	3841	1
q126_4	0	3842	1
q126_4	0	3843	1
q126_4	0	3844	1
q126_4	0	3845	1
q126_4	0	3846	1
q126_4	0	3847	1
q126_4	0	3848	1
q126_5	0	11098	0
q126_5	0	124	2
q126_5	0	125	2
q126_5	0	126	3
q126_5	0	127	1
q126_5	0	8460	1
q126_5	0	8461	1
q126_5	0	8462	1
q126_5	0	3833	1
q126_5	0	3834	1
q126_5	0	3835	1
q126_5	0	3836	1
q126_5	0	3837	1
q126_5	0	3838	1
q126_5	0	3839	1
q126_5	0	3840	1
q126_5	0	3841	1
q126_5	0	3842	1
q126_5	0	3843	1
q126_5	0	3844	1
q127_1	0	4472	1
q127_1	0	4473	1
q127_1	0	4474	2
q127_1	0	4475	2
q127_1	0	4476	1
q127_1	0	4477	2
q127_1	0	4478	1
q127_1	0	4479	1
q127_1	0	4480	1
q127_1	0	4481	1
q127_1	0	4482	1
q127_1	0	4483	1
q127_1	0	4484	1
q127_1	0	4485	2
q127_1	0	4486	2
q127_1	0	124	2
q127_1	0	125	2
q127_1	0	126	3
q127_1	0	127	3
q127_1	0	8460	0
q127_2	0	21157	1
q127_2	0	21158	1
q127_2	0	21159	1
q127_2	0	21152	1
q127_2	0	21153	1
q127_2	0	21154	2
q127_2	0	21155	1
q127_2	0	21156	1
q127_2	0	21139	0
q127_2	0	22610	0
q127_2	0	22611	0
q127_2	0	22612	0
q127_2	0	22613	0
q127_2	0	22614	0
q127_2	0	22615	1
q127_2	0	22616	0
q127_2	0	22617	0
q127_2	0	9819	1
q127_2	0	21141	1
q127_2	0	21160	0
q127_3	0	4884	1
q127_3	0	8460	1
q127_3	0	8461	0
q127_3	0	8462	1
q127_3	0	3833	0
q127_3	0	3834	1
q127_3	0	3835	1
q127_3	0	3836	1
q127_3	0	3837	0
q127_3	0	3838	1
q127_3	0	3839	1
q127_3	0	3840	1
q127_3	0	3841	0
q127_3	0	3842	0
q127_3	0	3843	0
q127_3	0	3844	0
q127_3	0	3845	0
q127_3	0	3846	1
q127_3	0	3847	1
q127_3	0	3848	0
q127_4	0	252	3
q127_4	0	253	3
q127_4	0	254	3
q127_4	0	255	2
q127_4	0	256	3
q127_4	0	257	3
q127_4	0	258	2
q127_4	0	259	3
q127_4	0	260	2
q127_4	0	261	2
q127_4	0	262	3
q127_4	0	263	2
q127_4	0	264	3
q127_4	0	265	3
q127_4	0	266	3
q127_4	0	15525	0
q127_4	0	15526	1
q127_4	0	15527	1
q127_4	0	15528	2
q127_4	0	15529	2
q127_5	0	124	3
q127_5	0	125	2
q127_5	0	126	1
q127_5	0	127	1
q127_5	0	8460	1
q127_5	0	8461	1
q127_5	0	8462	1
q127_5	0	3833	1
q127_5	0	3834	1
q127_5	0	3835	1
q127_5	0	3836	1
q127_5	0	3837	0
q127_5	0	3838	2
q127_5	0	3839	2
q127_5	0	3840	1
q127_5	0	3841	1
q127_5	0	3842	0
q127_5	0	3843	1
q127_5	0	3844	1
q127_5	0	3845	1
q127_6	0	21936	1
q127_6	0	21937	1
q127_6	0	21938	1
q127_6	0	21939	1
q127_6	0	21940	1
q127_6	0	21941	1
q127_6	0	21942	1
q127_6	0	21943	1
q127_6	0	21944	1
q127_6	0	21945	1
q127_6	0	21946	0
q127_6	0	21947	1
q127_6	0	21948	1
q127_6	0	21949	1
q127_6	0	21950	1
q127_6	0	21951	1
q127_6	0	21952	1
q127_6	0	21953	1
q127_6	0	21954	1
q127_6	0	21955	1
q128_1	0	128	3
q128_1	0	129	3
q128_1	0	130	3
q128_1	0	131	3
q128_1	0	10105	2
q128_1	0	10106	1
q128_1	0	10107	1
q128_1	0	10108	1
q128_1	0	28863	2
q128_1	0	5715	1
q128_1	0	5716	1
q128_1	0	5717	1
q128_1	0	5718	1
q128_1	0	5719	1
q128_1	0	5720	1
q128_1	0	5721	0
q128_1	0	5722	1
q128_1	0	5723	1
q128_1	0	5724	1
q128_1	0	5725	1
q128_2	0	128	3
q128_2	0	3649	3
q128_2	0	34101	2
q128_2	0	3672	3
q128_2	0	131	3
q128_2	0	3732	3
q128_2	0	33228	2
q128_2	0	33552	1
q128_2	0	12917	1
q128_2	0	129	2
q128_2	0	33208	2
q128_2	0	33246	3
q128_2	0	3607	3
q128_2	0	3734	3
q128_2	0	3608	3
q128_2	0	3735	2
q128_2	0	3602	2
q128_2	0	14529	1
q128_2	0	32912	1
q128_2	0	3648	3
q128_3	0	31119	1
q128_3	0	182	1
q128_3	0	183	1
q128_3	0	184	2
q128_3	0	185	1
q128_3	0	186	1
q128_3	0	21195	1
q128_3	0	21196	1
q128_3	0	21197	1
q128_3	0	21198	1
q128_3	0	168	1
q128_3	0	169	1
q128_3	0	170	1
q128_3	0	171	1
q128_3	0	172	1
q128_3	0	173	1
q128_3	0	174	1
q128_3	0	175	1
q128_3	0	176	1
q128_3	0	177	1
q128_4	0	30927	0
q128_4	0	128	3
q128_4	0	28865	1
q128_4	0	30343	1
q128_4	0	30526	1
q128_4	0	34353	1
q128_4	0	1733	1
q128_4	0	34621	1
q128_4	0	33826	1
q128_4	0	30535	1
q128_4	0	1961	0
q128_4	0	1146	1
q128_4	0	3642	1
q128_4	0	33641	1
q128_4	0	8647	1
q128_4	0	8652	1
q128_4	0	30525	2
q128_4	0	30550	1
q128_4	0	34620	1
q128_4	0	34619	2
q128_5	0	28614	1
q128_5	0	19465	0
q128_5	0	19466	0
q128_5	0	19467	0
q128_5	0	19468	0
q128_5	0	19469	0
q128_5	0	19470	0
q128_5	0	19471	0
q128_5	0	19472	0
q128_5	0	19473	0
q128_5	0	19474	0
q128_5	0	28869	1
q128_5	0	28865	1
q128_5	0	16676	1
q128_5	0	761	2
q128_5	0	11512	0
q128_5	0	14527	1
q128_5	0	14569	0
q128_5	0	14570	0
q128_5	0	14571	0
q129_1	0	128	3
q129_1	0	129	3
q129_1	0	130	3
q129_1	0	131	3
q129_1	0	10105	2
q129_1	0	10106	1
q129_1	0	10107	1
q129_1	0	10108	2
q129_1	0	28863	2
q129_1	0	28865	2
q129_1	0	5715	1
q129_1	0	5716	2
q129_1	0	5717	1
q129_1	0	5718	1
q129_1	0	5719	1
q129_1	0	5720	1
q129_1	0	5721	1
q129_1	0	5722	1
q129_1	0	5723	1
q129_1	0	5724	1
q129_2	0	129	3
q129_2	0	5662	0
q129_2	0	5663	0
q129_2	0	5664	0
q129_2	0	5665	0
q129_2	0	5666	0
q129_2	0	5667	0
q129_2	0	20255	0
q129_2	0	20256	0
q129_2	0	20257	0
q129_2	0	20258	0
q129_2	0	20259	0
q129_2	0	20260	0
q129_2	0	20261	0
q129_2	0	20262	0
q129_2	0	20263	0
q129_2	0	20264	0
q129_2	0	20265	0
q129_2	0	20266	0
q129_2	0	20267	0
q129_3	0	28865	2
q129_3	0	34621	3
q129_3	0	129	3
q129_3	0	131	3
q129_3	0	34620	3
q129_3	0	10137	0
q129_3	0	10138	0
q129_3	0	10139	1
q129_3	0	10140	1
q129_3	0	10141	1
q129_3	0	15320	0
q129_3	0	13560	2
q129_3	0	13561	1
q129_3	0	13562	0
q129_3	0	13563	0
q129_3	0	13564	1
q129_3	0	13565	1
q129_3	0	13566	0
q129_3	0	13567	0
q129_3	0	13568	0
q129_4	0	128	3
q129_4	0	129	3
q129_4	0	130	3
q129_4	0	131	3
q129_4	0	10105	1
q129_4	0	10106	1
q129_4	0	10107	2
q129_4	0	10108	2
q129_4	0	28863	1
q129_4	0	5715	1
q129_4	0	5716	1
q129_4	0	5717	1
q129_4	0	5718	1
q129_4	0	5719	1
q129_4	0	5720	1
q129_4	0	5721	1
q129_4	0	5722	1
q129_4	0	5723	1
q129_4	0	5724	1
q129_4	0	5725	1
q129_5	0	28614	0
q129_5	0	129	2
q129_5	0	7426	0
q129_5	0	7427	0
q129_5	0	7428	1
q129_5	0	7429	0
q129_5	0	21841	0
q129_5	0	128	2
q129_5	0	21658	0
q129_5	0	21659	1
q129_5	0	21660	0
q129_5	0	21661	0
q129_5	0	21662	0
q129_5	0	21663	0
q129_5	0	21664	1
q129_5	0	21665	0
q129_5	0	21666	0
q129_5	0	21667	0
q129_5	0	21668	1
q129_5	0	21678	1
q130_1	0	128	3
q130_1	0	129	3
q130_1	0	130	3
q130_1	0	131	3
q130_1	0	10105	3
q130_1	0	10106	3
q130_1	0	10107	2
q130_1	0	10108	3
q130_1	0	28863	2
q130_1	0	5715	1
q130_1	0	5716	2
q130_1	0	5717	1
q130_1	0	5718	1
q130_1	0	5719	1
q130_1	0	5720	1
q130_1	0	5721	1
q130_1	0	5722	1
q130_1	0	5723	1
q130_1	0	5724	1
q130_1	0	5725	1
q130_2	0	130	3
q130_2	0	28865	2
q130_2	0	129	3
q130_2	0	13560	0
q130_2	0	13561	0
q130_2	0	13562	0
q130_2	0	13563	0
q130_2	0	13564	0
q130_2	0	13565	0
q130_2	0	13566	0
q130_2	0	13567	1
q130_2	0	13568	0
q130_2	0	13569	0
q130_2	0	13570	0
q130_2	0	13571	1
q130_2	0	10375	0
q130_2	0	19465	0
q130_2	0	19466	0
q130_2	0	19467	0
q130_2	0	19468	0
q130_3	0	128	3
q130_3	0	129	3
q130_3	0	130	3
q130_3	0	131	3
q130_3	0	10105	1
q130_3	0	10106	1
q130_3	0	10107	1
q130_3	0	10108	2
q130_3	0	28863	2
q130_3	0	28859	1
q130_3	0	5715	1
q130_3	0	5716	1
q130_3	0	5717	1
q130_3	0	5718	1
q130_3	0	5719	1
q130_3	0	5720	1
q130_3	0	5721	1
q130_3	0	5722	1
q130_3	0	5723	1
q130_3	0	5724	1
q130_4	0	28614	0
q130_4	0	16676	1
q130_4	0	15326	0
q130_4	0	17123	0
q130_4	0	17124	1
q130_4	0	17125	1
q130_4	0	19465	0
q130_4	0	19466	0
q130_4	0	19467	0
q130_4	0	19468	0
q130_4	0	19469	0
q130_4	0	14959	0
q130_4	0	14960	0
q130_4	0	14961	0
q130_4	0	14962	0
q130_4	0	14963	0
q130_4	0	14964	0
q130_4	0	14965	0
q130_4	0	14966	0
q130_4	0	14967	0
q130_5	0	130	3
q130_5	0	31096	0
q130_5	0	3466	1
q130_5	0	16348	1
q130_5	0	18050	1
q130_5	0	23201	1
q130_5	0	17997	1
q130_5	0	1919	1
q130_5	0	11153	1
q130_5	0	1917	1
q130_5	0	26158	1
q130_5	0	21265	1
q130_5	0	22103	1
q130_5	0	23382	1
q130_5	0	21268	1
q130_5	0	21267	1
q130_5	0	24365	0
q130_5	0	20879	1
q130_5	0	20942	1
q130_5	0	18554	2
q131_1	0	128	3
q131_1	0	129	3
q131_1	0	130	3
q131_1	0	131	3
q131_1	0	10105	3
q131_1	0	10106	3
q131_1	0	10107	2
q131_1	0	10108	3
q131_1	0	28863	2
q131_1	0	5715	1
q131_1	0	5716	2
q131_1	0	5717	1
q131_1	0	5718	1
q131_1	0	5719	1
q131_1	0	5720	1
q131_1	0	5721	1
q131_1	0	5722	1
q131_1	0	5723	1
q131_1	0	5724	1
q131_1	0	5725	1
q131_2	0	34376	3
q131_2	0	34377	3
q131_2	0	34378	3
q131_2	0	34379	3
q131_2	0	34380	3
q131_2	0	34381	3
q131_2	0	34382	3
q131_2	0	32155	3
q131_2	0	182	3
q131_2	0	183	3
q131_2	0	184	3
q131_2	0	185	3
q131_2	0	186	3
q131_2	0	34383	3
q131_2	0	34384	3
q131_2	0	168	3
q131_2	0	169	3
q131_2	0	170	3
q131_2	0	171	3
q131_2	0	172	3
q131_3	0	28865	2
q131_3	0	13560	1
q131_3	0	13561	1
q131_3	0	13562	1
q131_3	0	13563	1
q131_3	0	13564	1
q131_3	0	13565	1
q131_3	0	13566	1
q131_3	0	13567	1
q131_3	0	13568	1
q131_3	0	13569	1
q131_3	0	13570	2
q131_3	0	13571	1
q131_3	0	10375	2
q131_3	0	34264	1
q131_3	0	19990	3
q131_3	0	19991	3
q131_3	0	19992	3
q131_3	0	19993	2
q131_3	0	19994	2
q131_4	0	34439	3
q131_4	0	131	3
q131_4	0	11034	0
q131_4	0	11035	0
q131_4	0	11036	0
q131_4	0	11037	0
q131_4	0	11038	0
q131_4	0	22637	1
q131_4	0	23782	0
q131_4	0	28865	1
q131_4	0	30526	2
q131_4	0	34621	3
q131_4	0	30535	2
q131_4	0	3642	2
q131_4	0	33641	2
q131_4	0	8652	2
q131_4	0	30525	2
q131_4	0	30550	2
q131_4	0	34620	2
q131_4	0	34619	2
q131_5	0	128	3
q131_5	0	131	3
q131_5	0	3649	3
q131_5	0	34101	1
q131_5	0	3672	3
q131_5	0	3732	3
q131_5	0	33228	2
q131_5	0	28865	0
q131_5	0	33552	1
q131_5	0	22637	1
q131_5	0	33248	1
q131_5	0	12917	1
q131_5	0	33208	1
q131_5	0	33246	2
q131_5	0	3683	2
q131_5	0	22633	1
q131_5	0	3607	3
q131_5	0	3734	3
q131_5	0	3685	2
q131_5	0	3608	3
q132_1	0	28878	2
q132_1	0	7858	0
q132_1	0	7859	0
q132_1	0	7860	0
q132_1	0	7861	0
q132_1	0	7862	0
q132_1	0	23630	1
q132_1	0	23631	1
q132_1	0	1313	1
q132_1	0	1314	1
q132_1	0	1315	2
q132_1	0	22977	1
q132_1	0	22978	2
q132_1	0	22979	1
q132_1	0	22980	2
q132_1	0	28925	3
q132_1	0	132	3
q132_1	0	30905	2
q132_1	0	10071	2
q132_1	0	10072	1
q132_2	0	29710	1
q132_2	0	29711	1
q132_2	0	29712	1
q132_2	0	29713	1
q132_2	0	29714	1
q132_2	0	29715	1
q132_2	0	29716	1
q132_2	0	29717	1
q132_2	0	29718	1
q132_2	0	29719	1
q132_2	0	29745	1
q132_2	0	10062	1
q132_2	0	10063	1
q132_2	0	10064	1
q132_2	0	29720	1
q132_2	0	29721	1
q132_2	0	29722	1
q132_2	0	29723	1
q132_2	0	29724	1
q132_2	0	29725	1
q132_3	0	132	3
q132_3	0	133	3
q132_3	0	134	1
q132_3	0	135	1
q132_3	0	136	1
q132_3	0	137	1
q132_3	0	138	1
q132_3	0	139	1
q132_3	0	140	1
q132_3	0	141	1
q132_3	0	142	1
q132_3	0	143	1
q132_3	0	23211	1
q132_3	0	14702	1
q132_3	0	14703	1
q132_3	0	14704	1
q132_3	0	14705	1
q132_3	0	14706	1
q132_3	0	14707	1
q132_3	0	14708	1
q132_4	0	28878	1
q132_4	0	7858	0
q132_4	0	7859	0
q132_4	0	7860	0
q132_4	0	7861	0
q132_4	0	7862	0
q132_4	0	132	3
q132_4	0	15336	0
q132_4	0	15337	0
q132_4	0	15338	0
q132_4	0	15339	0
q132_4	0	15340	0
q132_4	0	31706	1
q132_4	0	23525	1
q132_4	0	28916	1
q132_4	0	1182	1
q132_4	0	26116	1
q132_4	0	28830	0
q132_4	0	9924	0
q132_4	0	30994	1
q132_5	0	11098	0
q132_5	0	23075	1
q132_5	0	23103	1
q132_5	0	1180	1
q132_5	0	2942	1
q132_5	0	21893	2
q132_5	0	22715	1
q132_5	0	132	1
q132_5	0	23156	1
q132_5	0	23168	1
q132_5	0	23193	1
q132_5	0	23280	1
q132_5	0	23343	1
q132_5	0	23355	1
q132_5	0	23445	1
q132_5	0	25594	1
q132_5	0	26510	2
q132_5	0	26533	1
q132_5	0	26585	1
q132_5	0	29688	1
q133_1	0	133	3
q133_1	0	31075	3
q133_1	0	31077	3
q133_1	0	31144	3
q133_1	0	31143	3
q133_1	0	29661	3
q133_1	0	31106	3
q133_1	0	31146	3
q133_1	0	83	1
q133_1	0	25670	2
q133_1	0	31116	3
q133_1	0	31076	3
q133_1	0	29553	3
q133_1	0	30994	2
q133_1	0	30084	3
q133_1	0	31114	3
q133_1	0	31063	3
q133_1	0	31176	1
q133_1	0	31167	3
q133_1	0	84	1
q133_2	0	23463	1
q133_2	0	23464	1
q133_2	0	23465	1
q133_2	0	23466	1
q133_2	0	23467	1
q133_2	0	23468	1
q133_2	0	23469	1
q133_2	0	23470	1
q133_2	0	23471	1
q133_2	0	23472	1
q133_2	0	23473	1
q133_2	0	23457	1
q133_2	0	23458	1
q133_2	0	23459	1
q133_2	0	23460	1
q133_2	0	23461	1
q133_2	0	23462	1
q133_2	0	23369	0
q133_2	0	23370	0
q133_2	0	32143	0
q133_3	0	29710	1
q133_3	0	29711	1
q133_3	0	29712	0
q133_3	0	29713	1
q133_3	0	29714	1
q133_3	0	29715	1
q133_3	0	29716	1
q133_3	0	29717	1
q133_3	0	29718	1
q133_3	0	29719	1
q133_3	0	29745	1
q133_3	0	10062	1
q133_3	0	10063	1
q133_3	0	10064	1
q133_3	0	29720	1
q133_3	0	29721	0
q133_3	0	29722	1
q133_3	0	29723	0
q133_3	0	29724	0
q133_3	0	29725	0
q133_4	0	266	1
q133_4	0	14569	0
q133_4	0	14570	0
q133_4	0	14571	0
q133_4	0	14572	0
q133_4	0	14573	0
q133_4	0	14574	0
q133_4	0	18070	0
q133_4	0	14526	0
q133_4	0	14527	1
q133_4	0	14528	1
q133_4	0	14529	0
q133_4	0	14530	0
q133_4	0	14531	0
q133_4	0	10374	0
q133_4	0	14575	0
q133_4	0	26919	0
q133_4	0	19403	0
q133_4	0	15772	0
q133_4	0	15774	0
q133_5	0	31114	3
q133_5	0	31115	3
q133_5	0	31116	3
q133_5	0	31117	3
q133_5	0	31118	3
q133_5	0	28918	3
q133_5	0	2913	0
q133_5	0	2914	0
q133_5	0	2915	0
q133_5	0	2916	0
q133_5	0	2917	0
q133_5	0	133	2
q133_5	0	30084	3
q133_5	0	29664	3
q133_5	0	19427	0
q133_5	0	19428	0
q133_5	0	19429	0
q133_5	0	19430	0
q133_5	0	19431	0
q133_5	0	32934	0
q134_1	0	134	3
q134_1	0	26362	3
q134_1	0	23526	2
q134_1	0	26501	2
q134_1	0	23207	1
q134_1	0	19963	3
q134_1	0	28877	1
q134_1	0	15905	2
q134_1	0	15908	2
q134_1	0	23534	0
q134_1	0	23562	1
q134_1	0	23563	1
q134_1	0	23564	1
q134_1	0	23565	1
q134_1	0	23566	0
q134_1	0	23567	1
q134_1	0	31720	2
q134_1	0	23529	1
q134_1	0	6490	1
q134_1	0	6491	1
q134_2	0	11827	1
q134_2	0	11828	0
q134_2	0	11829	1
q134_2	0	11830	1
q134_2	0	11831	0
q134_2	0	11832	1
q134_2	0	23767	1
q134_2	0	23768	1
q134_2	0	23769	0
q134_2	0	23770	0
q134_2	0	23771	0
q134_2	0	23772	0
q134_2	0	23773	1
q134_2	0	23774	0
q134_2	0	23775	0
q134_2	0	23776	0
q134_2	0	23777	0
q134_2	0	23778	1
q134_2	0	17052	0
q134_2	0	23779	1
q134_3	0	134	3
q134_3	0	132	2
q134_3	0	133	2
q134_3	0	135	1
q134_3	0	136	2
q134_3	0	137	1
q134_3	0	138	2
q134_3	0	139	2
q134_3	0	140	2
q134_3	0	141	2
q134_3	0	142	2
q134_3	0	143	2
q134_3	0	23211	2
q134_3	0	14760	3
q134_3	0	23306	3
q134_3	0	14702	1
q134_3	0	14703	1
q134_3	0	14704	1
q134_3	0	14705	1
q134_3	0	14706	1
q134_4	0	4702	0
q134_4	0	29710	0
q134_4	0	29711	1
q134_4	0	29712	1
q134_4	0	29713	0
q134_4	0	29714	1
q134_4	0	29715	1
q134_4	0	29716	1
q134_4	0	29717	1
q134_4	0	29718	1
q134_4	0	29719	1
q134_4	0	29745	1
q134_4	0	10062	1
q134_4	0	10063	1
q134_4	0	10064	2
q134_4	0	29720	1
q134_4	0	29721	1
q134_4	0	29722	1
q134_4	0	29723	0
q134_4	0	29724	2
q134_5	0	23207	0
q134_5	0	28877	1
q134_5	0	23534	1
q134_5	0	23562	0
q134_5	0	23563	0
q134_5	0	23564	0
q134_5	0	23565	0
q134_5	0	23566	0
q134_5	0	23567	0
q134_5	0	23529	0
q134_5	0	6490	1
q134_5	0	6491	1
q134_5	0	6492	1
q134_5	0	6493	1
q134_5	0	21876	1
q134_5	0	21877	1
q134_5	0	21878	1
q134_5	0	21879	1
q134_5	0	21880	1
q134_5	0	21881	1
q135_1	0	28880	2
q135_1	0	135	3
q135_1	0	23207	0
q135_1	0	26380	2
q135_1	0	28877	0
q135_1	0	26456	2
q135_1	0	23534	1
q135_1	0	23562	1
q135_1	0	23563	1
q135_1	0	23564	1
q135_1	0	23565	0
q135_1	0	23566	1
q135_1	0	23567	1
q135_1	0	14924	2
q135_1	0	23529	1
q135_1	0	26455	2
q135_1	0	6490	1
q135_1	0	6491	1
q135_1	0	6492	1
q135_1	0	6493	1
q135_2	0	135	3
q135_2	0	132	2
q135_2	0	133	2
q135_2	0	134	2
q135_2	0	136	2
q135_2	0	137	1
q135_2	0	138	2
q135_2	0	139	2
q135_2	0	140	2
q135_2	0	141	2
q135_2	0	142	2
q135_2	0	143	2
q135_2	0	11098	0
q135_2	0	21896	1
q135_2	0	147	1
q135_2	0	23211	2
q135_2	0	13215	1
q135_2	0	14761	1
q135_2	0	23307	1
q135_2	0	14702	0
q135_3	0	19593	1
q135_3	0	19594	1
q135_3	0	19595	1
q135_3	0	19596	1
q135_3	0	19597	2
q135_3	0	19600	1
q135_3	0	19601	1
q135_3	0	19602	1
q135_3	0	19603	1
q135_3	0	19604	1
q135_3	0	19598	1
q135_3	0	19883	2
q135_3	0	19884	1
q135_3	0	19885	1
q135_3	0	19886	1
q135_3	0	19887	1
q135_3	0	19888	1
q135_3	0	19889	1
q135_3	0	19890	1
q135_3	0	19891	1
q135_4	0	28880	3
q135_4	0	23369	1
q135_4	0	23370	1
q135_4	0	29710	1
q135_4	0	29711	1
q135_4	0	29712	0
q135_4	0	29713	1
q135_4	0	29714	1
q135_4	0	29715	1
q135_4	0	29716	1
q135_4	0	29717	1
q135_4	0	29718	1
q135_4	0	29719	1
q135_4	0	29745	1
q135_4	0	32143	1
q135_4	0	10062	1
q135_4	0	10063	1
q135_4	0	10064	1
q135_4	0	29720	1
q135_4	0	29721	1
q135_5	0	23207	1
q135_5	0	28877	1
q135_5	0	23534	0
q135_5	0	23562	0
q135_5	0	23563	0
q135_5	0	23564	0
q135_5	0	23565	0
q135_5	0	23566	0
q135_5	0	23567	0
q135_5	0	23529	0
q135_5	0	6490	1
q135_5	0	6491	1
q135_5	0	6492	1
q135_5	0	6493	1
q135_5	0	21876	1
q135_5	0	21877	1
q135_5	0	21878	1
q135_5	0	21879	1
q135_5	0	21880	1
q135_5	0	21881	1
q136_1	0	14030	1
q136_1	0	14031	1
q136_1	0	14032	1
q136_1	0	14033	1
q136_1	0	14034	2
q136_1	0	14035	1
q136_1	0	14036	1
q136_1	0	14037	1
q136_1	0	14038	0
q136_1	0	14039	1
q136_1	0	14040	0
q136_1	0	14041	1
q136_1	0	23535	0
q136_1	0	20830	0
q136_1	0	24547	0
q136_1	0	24548	0
q136_1	0	24549	0
q136_1	0	24550	0
q136_1	0	24551	0
q136_1	0	24552	0
q136_2	0	132	3
q136_2	0	133	3
q136_2	0	134	3
q136_2	0	135	3
q136_2	0	136	3
q136_2	0	137	3
q136_2	0	138	3
q136_2	0	139	3
q136_2	0	140	3
q136_2	0	141	3
q136_2	0	142	3
q136_2	0	143	3
q136_2	0	23211	2
q136_2	0	14702	1
q136_2	0	14703	1
q136_2	0	14704	1
q136_2	0	14705	1
q136_2	0	14706	1
q136_2	0	14707	1
q136_2	0	14708	1
q136_3	0	14030	1
q136_3	0	14031	1
q136_3	0	14032	1
q136_3	0	14033	1
q136_3	0	14034	2
q136_3	0	14035	1
q136_3	0	14036	2
q136_3	0	14037	1
q136_3	0	14038	1
q136_3	0	14039	1
q136_3	0	14040	1
q136_3	0	14041	1
q136_3	0	20830	0
q136_3	0	136	3
q136_3	0	5191	1
q136_3	0	5192	1
q136_3	0	5193	1
q136_3	0	5194	1
q136_3	0	26325	3
q136_3	0	26438	3
q136_4	0	19593	1
q136_4	0	19594	1
q136_4	0	19595	0
q136_4	0	19596	1
q136_4	0	19597	1
q136_4	0	19600	1
q136_4	0	19601	1
q136_4	0	19602	1
q136_4	0	19603	1
q136_4	0	19604	1
q136_4	0	15336	0
q136_4	0	15337	0
q136_4	0	15338	0
q136_4	0	15339	0
q136_4	0	15340	0
q136_4	0	19598	1
q136_4	0	19883	0
q136_4	0	19884	0
q136_4	0	19885	0
q136_4	0	19886	0
q136_5	0	29710	1
q136_5	0	29711	1
q136_5	0	29712	1
q136_5	0	29713	1
q136_5	0	29714	1
q136_5	0	29715	1
q136_5	0	29716	1
q136_5	0	29717	1
q136_5	0	29718	0
q136_5	0	29719	1
q136_5	0	29745	1
q136_5	0	10062	1
q136_5	0	10063	2
q136_5	0	10064	1
q136_5	0	29720	1
q136_5	0	29721	1
q136_5	0	29722	0
q136_5	0	29723	0
q136_5	0	29724	1
q136_5	0	29725	0
q137_1	0	17112	1
q137_1	0	17113	1
q137_1	0	17114	1
q137_1	0	17115	1
q137_1	0	17116	1
q137_1	0	23248	1
q137_1	0	23249	1
q137_1	0	23250	1
q137_1	0	23251	1
q137_1	0	23252	1
q137_1	0	23253	0
q137_1	0	23254	1
q137_1	0	23255	1
q137_1	0	23256	1
q137_1	0	23257	1
q137_1	0	23258	1
q137_1	0	23259	1
q137_1	0	23260	1
q137_1	0	23261	1
q137_1	0	23262	1
q137_2	0	19593	1
q137_2	0	19594	1
q137_2	0	19595	1
q137_2	0	19596	1
q137_2	0	19597	1
q137_2	0	19600	1
q137_2	0	19601	1
q137_2	0	19602	1
q137_2	0	19603	1
q137_2	0	19604	1
q137_2	0	15336	0
q137_2	0	15337	0
q137_2	0	15338	0
q137_2	0	15339	0
q137_2	0	15340	0
q137_2	0	19598	1
q137_2	0	19883	1
q137_2	0	19884	1
q137_2	0	19885	1
q137_2	0	19886	1
q137_3	0	137	3
q137_3	0	132	2
q137_3	0	133	2
q137_3	0	134	1
q137_3	0	135	1
q137_3	0	136	1
q137_3	0	138	2
q137_3	0	139	2
q137_3	0	140	2
q137_3	0	141	2
q137_3	0	142	2
q137_3	0	143	2
q137_3	0	11098	0
q137_3	0	21898	1
q137_3	0	149	1
q137_3	0	23211	2
q137_3	0	13217	0
q137_3	0	14702	1
q137_3	0	14703	0
q137_3	0	14704	1
q137_4	0	4645	1
q137_4	0	4646	0
q137_4	0	4647	0
q137_4	0	4648	0
q137_4	0	4649	1
q137_4	0	4650	1
q137_4	0	4651	1
q137_4	0	4652	1
q137_4	0	4653	0
q137_4	0	4654	0
q137_4	0	4655	0
q137_4	0	4656	0
q137_4	0	4657	0
q137_4	0	4658	0
q137_4	0	4659	0
q137_4	0	4660	0
q137_4	0	4661	1
q137_4	0	4662	1
q137_4	0	4663	1
q137_4	0	4664	1
q137_5	0	17112	1
q137_5	0	17113	1
q137_5	0	17114	1
q137_5	0	17115	1
q137_5	0	17116	1
q137_5	0	23248	1
q137_5	0	23249	1
q137_5	0	23250	1
q137_5	0	23251	1
q137_5	0	23252	1
q137_5	0	23253	1
q137_5	0	23254	1
q137_5	0	23255	1
q137_5	0	23256	1
q137_5	0	23257	1
q137_5	0	23258	1
q137_5	0	23259	1
q137_5	0	23260	1
q137_5	0	23261	1
q137_5	0	23262	1
q138_1	0	28789	1
q138_1	0	138	3
q138_1	0	23580	1
q138_1	0	23292	2
q138_1	0	28029	1
q138_1	0	4843	1
q138_1	0	17235	0
q138_1	0	17236	0
q138_1	0	17237	0
q138_1	0	17238	0
q138_1	0	17239	0
q138_1	0	25658	0
q138_1	0	25659	0
q138_1	0	25660	0
q138_1	0	25661	0
q138_1	0	25662	0
q138_1	0	25663	0
q138_1	0	25664	0
q138_1	0	25665	0
q138_1	0	25666	0
q138_2	0	138	3
q138_2	0	132	2
q138_2	0	133	2
q138_2	0	134	1
q138_2	0	135	1
q138_2	0	136	1
q138_2	0	137	1
q138_2	0	139	2
q138_2	0	140	2
q138_2	0	141	2
q138_2	0	142	2
q138_2	0	143	2
q138_2	0	11098	0
q138_2	0	21899	2
q138_2	0	150	1
q138_2	0	23211	2
q138_2	0	3036	0
q138_2	0	3037	0
q138_2	0	3038	0
q138_2	0	3039	0
q138_3	0	29710	1
q138_3	0	29711	1
q138_3	0	29712	0
q138_3	0	29713	0
q138_3	0	29714	2
q138_3	0	29715	1
q138_3	0	29716	0
q138_3	0	29717	1
q138_3	0	29718	1
q138_3	0	29719	1
q138_3	0	29745	1
q138_3	0	10062	1
q138_3	0	10063	1
q138_3	0	10064	0
q138_3	0	29720	0
q138_3	0	29721	0
q138_3	0	29722	1
q138_3	0	29723	0
q138_3	0	29724	0
q138_3	0	29725	0
q138_4	0	28789	2
q138_4	0	28171	0
q138_4	0	32686	1
q138_4	0	138	3
q138_4	0	7422	0
q138_4	0	7423	0
q138_4	0	7424	1
q138_4	0	7425	1
q138_4	0	14554	0
q138_4	0	28029	2
q138_4	0	17235	0
q138_4	0	17236	0
q138_4	0	17237	0
q138_4	0	17238	0
q138_4	0	17239	0
q138_4	0	25658	0
q138_4	0	25659	0
q138_4	0	25660	0
q138_4	0	25661	0
q138_4	0	25662	0
q138_5	0	23207	1
q138_5	0	28877	0
q138_5	0	23534	0
q138_5	0	23562	1
q138_5	0	23563	0
q138_5	0	23564	1
q138_5	0	23565	0
q138_5	0	23566	0
q138_5	0	23567	0
q138_5	0	8503	1
q138_5	0	23529	0
q138_5	0	6490	1
q138_5	0	6491	1
q138_5	0	6492	1
q138_5	0	6493	1
q138_5	0	21876	0
q138_5	0	21877	0
q138_5	0	21878	0
q138_5	0	21879	0
q138_5	0	21880	0
q139_1	0	24547	0
q139_1	0	24548	0
q139_1	0	24549	0
q139_1	0	24550	0
q139_1	0	24551	0
q139_1	0	24552	0
q139_1	0	23207	0
q139_1	0	28877	2
q139_1	0	23534	1
q139_1	0	23562	1
q139_1	0	23563	0
q139_1	0	23564	1
q139_1	0	23565	0
q139_1	0	23566	0
q139_1	0	23567	1
q139_1	0	23529	1
q139_1	0	6490	1
q139_1	0	6491	0
q139_1	0	6492	0
q139_1	0	6493	1
q139_2	0	132	1
q139_2	0	133	1
q139_2	0	134	1
q139_2	0	135	1
q139_2	0	136	1
q139_2	0	137	1
q139_2	0	138	2
q139_2	0	139	3
q139_2	0	140	1
q139_2	0	141	2
q139_2	0	142	2
q139_2	0	143	2
q139_2	0	23211	2
q139_2	0	14702	0
q139_2	0	14703	1
q139_2	0	14704	1
q139_2	0	14705	0
q139_2	0	14706	1
q139_2	0	14707	0
q139_2	0	14708	1
q139_3	0	23781	1
q139_3	0	23767	1
q139_3	0	23768	1
q139_3	0	23769	0
q139_3	0	23770	1
q139_3	0	23771	1
q139_3	0	23772	1
q139_3	0	23773	1
q139_3	0	23774	1
q139_3	0	23775	1
q139_3	0	23776	1
q139_3	0	23777	1
q139_3	0	23778	1
q139_3	0	23779	1
q139_3	0	23780	1
q139_3	0	30896	1
q139_3	0	998	3
q139_3	0	5390	0
q139_3	0	2686	0
q139_3	0	2687	0
q139_4	0	11098	0
q139_4	0	16639	0
q139_4	0	16640	0
q139_4	0	16641	0
q139_4	0	16642	0
q139_4	0	16643	0
q139_4	0	8849	0
q139_4	0	23082	1
q139_4	0	23110	1
q139_4	0	23207	1
q139_4	0	28877	0
q139_4	0	1187	1
q139_4	0	2949	0
q139_4	0	21900	1
q139_4	0	22725	1
q139_4	0	139	3
q139_4	0	23116	1
q139_4	0	23117	1
q139_4	0	23163	1
q139_4	0	23175	1
q139_5	0	21167	1
q139_5	0	23207	1
q139_5	0	28877	1
q139_5	0	23534	1
q139_5	0	23562	1
q139_5	0	23563	1
q139_5	0	23564	2
q139_5	0	23565	1
q139_5	0	23566	1
q139_5	0	23567	1
q139_5	0	8503	1
q139_5	0	23529	1
q139_5	0	6490	1
q139_5	0	6491	1
q139_5	0	6492	1
q139_5	0	6493	1
q139_5	0	21876	1
q139_5	0	21877	1
q139_5	0	21878	1
q139_5	0	21879	1
q140_1	0	23620	3
q140_1	0	23619	3
q140_1	0	23369	1
q140_1	0	23370	1
q140_1	0	32143	1
q140_1	0	28880	1
q140_1	0	28925	1
q140_1	0	28879	1
q140_1	0	13394	0
q140_1	0	13395	0
q140_1	0	13396	0
q140_1	0	13397	0
q140_1	0	16571	2
q140_1	0	2686	0
q140_1	0	2687	0
q140_1	0	2688	0
q140_1	0	2689	0
q140_1	0	2690	0
q140_1	0	17310	0
q140_1	0	17311	0
q140_2	0	132	3
q140_2	0	133	3
q140_2	0	134	3
q140_2	0	135	3
q140_2	0	136	3
q140_2	0	137	3
q140_2	0	138	3
q140_2	0	139	3
q140_2	0	140	3
q140_2	0	141	3
q140_2	0	142	3
q140_2	0	143	3
q140_2	0	29710	1
q140_2	0	29711	1
q140_2	0	29712	1
q140_2	0	29713	1
q140_2	0	29714	1
q140_2	0	29715	1
q140_2	0	29716	1
q140_2	0	29717	1
q140_3	0	23207	0
q140_3	0	28877	1
q140_3	0	23534	0
q140_3	0	23562	1
q140_3	0	23563	0
q140_3	0	23564	1
q140_3	0	23565	1
q140_3	0	23566	0
q140_3	0	23567	1
q140_3	0	23529	1
q140_3	0	6490	1
q140_3	0	6491	1
q140_3	0	6492	1
q140_3	0	6493	1
q140_3	0	21876	0
q140_3	0	21877	0
q140_3	0	21878	0
q140_3	0	21879	0
q140_3	0	21880	0
q140_3	0	21881	0
q140_4	0	23486	1
q140_4	0	23487	0
q140_4	0	23620	2
q140_4	0	23619	1
q140_4	0	23207	1
q140_4	0	28877	0
q140_4	0	140	3
q140_4	0	23534	0
q140_4	0	23562	1
q140_4	0	23563	0
q140_4	0	23564	1
q140_4	0	23565	0
q140_4	0	23566	0
q140_4	0	23567	1
q140_4	0	26459	1
q140_4	0	19781	1
q140_4	0	23529	0
q140_4	0	6490	1
q140_4	0	6491	1
q140_4	0	6492	0
q140_5	0	266	0
q140_5	0	14569	0
q140_5	0	14570	0
q140_5	0	14571	0
q140_5	0	14572	0
q140_5	0	14573	0
q140_5	0	14574	0
q140_5	0	18070	0
q140_5	0	14526	0
q140_5	0	14527	1
q140_5	0	14528	1
q140_5	0	14529	0
q140_5	0	14530	0
q140_5	0	14531	0
q140_5	0	10374	0
q140_5	0	14575	0
q140_5	0	26919	0
q140_5	0	19403	0
q140_5	0	15772	0
q140_5	0	15774	0
q141_1	0	6659	1
q141_1	0	6660	1
q141_1	0	6661	1
q141_1	0	6662	1
q141_1	0	23790	0
q141_1	0	23791	0
q141_1	0	23792	0
q141_1	0	23793	0
q141_1	0	22570	1
q141_1	0	32879	0
q141_1	0	16571	2
q141_1	0	17897	0
q141_1	0	17898	0
q141_1	0	17899	0
q141_1	0	17900	0
q141_1	0	17901	0
q141_1	0	17902	0
q141_1	0	17903	0
q141_1	0	17904	0
q141_1	0	17905	0
q141_2	0	132	2
q141_2	0	133	2
q141_2	0	134	2
q141_2	0	135	1
q141_2	0	136	1
q141_2	0	137	2
q141_2	0	138	2
q141_2	0	139	2
q141_2	0	140	2
q141_2	0	141	3
q141_2	0	142	2
q141_2	0	143	2
q141_2	0	11098	0
q141_2	0	23620	0
q141_2	0	23211	2
q141_2	0	21902	1
q141_2	0	23586	1
q141_2	0	23619	0
q141_2	0	153	1
q141_2	0	14702	0
q141_3	0	29710	1
q141_3	0	29711	1
q141_3	0	29712	1
q141_3	0	29713	1
q141_3	0	29714	1
q141_3	0	29715	1
q141_3	0	29716	1
q141_3	0	29717	1
q141_3	0	29718	1
q141_3	0	29719	0
q141_3	0	29745	1
q141_3	0	10062	1
q141_3	0	10063	1
q141_3	0	10064	1
q141_3	0	29720	0
q141_3	0	29721	1
q141_3	0	29722	1
q141_3	0	29723	1
q141_3	0	29724	0
q141_3	0	29725	1
q141_4	0	23790	0
q141_4	0	23791	0
q141_4	0	23792	1
q141_4	0	23793	0
q141_4	0	16571	2
q141_4	0	22570	1
q141_4	0	32879	0
q141_4	0	141	3
q141_4	0	17897	0
q141_4	0	17898	0
q141_4	0	17899	0
q141_4	0	17900	0
q141_4	0	17901	0
q141_4	0	17902	0
q141_4	0	17903	0
q141_4	0	17904	0
q141_4	0	17905	0
q141_4	0	17906	0
q141_4	0	17907	0
q141_4	0	17908	0
q141_5	0	23207	1
q141_5	0	28877	1
q141_5	0	23534	0
q141_5	0	23562	0
q141_5	0	23563	0
q141_5	0	23564	1
q141_5	0	23565	0
q141_5	0	23566	1
q141_5	0	23567	0
q141_5	0	23529	1
q141_5	0	6490	1
q141_5	0	6491	1
q141_5	0	6492	1
q141_5	0	6493	1
q141_5	0	21876	2
q141_5	0	21877	2
q141_5	0	21878	2
q141_5	0	21879	2
q141_5	0	21880	2
q141_5	0	21881	2
q142_1	0	1047	3
q142_1	0	23207	1
q142_1	0	28877	0
q142_1	0	26409	2
q142_1	0	23534	1
q142_1	0	23562	1
q142_1	0	23563	1
q142_1	0	23564	1
q142_1	0	23565	1
q142_1	0	23566	1
q142_1	0	23567	1
q142_1	0	17026	3
q142_1	0	23529	1
q142_1	0	6490	1
q142_1	0	6491	1
q142_1	0	6492	1
q142_1	0	6493	1
q142_1	0	21876	1
q142_1	0	21877	2
q142_1	0	21878	2
q142_2	0	132	3
q142_2	0	133	3
q142_2	0	134	3
q142_2	0	135	3
q142_2	0	136	3
q142_2	0	137	3
q142_2	0	138	3
q142_2	0	139	3
q142_2	0	140	3
q142_2	0	141	3
q142_2	0	142	3
q142_2	0	143	3
q142_2	0	23211	2
q142_2	0	14702	1
q142_2	0	14703	1
q142_2	0	14704	1
q142_2	0	14705	1
q142_2	0	14706	1
q142_2	0	14707	1
q142_2	0	14708	1
q142_3	0	5761	2
q142_3	0	5762	2
q142_3	0	5763	2
q142_3	0	1308	3
q142_3	0	1309	3
q142_3	0	2955	3
q142_3	0	22941	3
q142_3	0	7595	0
q142_3	0	4702	0
q142_3	0	23767	1
q142_3	0	23768	1
q142_3	0	23769	1
q142_3	0	23770	1
q142_3	0	23771	1
q142_3	0	23772	1
q142_3	0	23773	2
q142_3	0	23774	1
q142_3	0	23775	1
q142_3	0	23776	1
q142_3	0	23777	1
q142_4	0	29198	0
q142_4	0	29199	0
q142_4	0	29200	1
q142_4	0	29201	0
q142_4	0	29202	0
q142_4	0	29203	1
q142_4	0	29204	1
q142_4	0	29205	0
q142_4	0	29206	1
q142_4	0	29207	1
q142_4	0	29208	0
q142_4	0	29209	1
q142_4	0	29210	0
q142_4	0	29211	0
q142_4	0	29212	0
q142_4	0	29213	0
q142_4	0	29214	0
q142_4	0	29215	1
q142_4	0	29216	0
q142_4	0	29217	0
q142_5	0	11098	0
q142_5	0	23209	1
q142_5	0	23210	1
q142_5	0	17018	0
q142_5	0	17019	0
q142_5	0	13339	0
q142_5	0	13340	0
q142_5	0	13341	0
q142_5	0	13342	0
q142_5	0	5014	0
q142_5	0	5015	0
q142_5	0	5688	0
q142_5	0	5689	0
q142_5	0	5690	0
q142_5	0	5691	0
q142_5	0	5692	0
q142_5	0	5693	0
q142_5	0	5694	0
q142_5	0	8506	0
q142_5	0	19282	0
q143_1	0	23369	3
q143_1	0	26010	0
q143_1	0	6474	1
q143_1	0	6475	1
q143_1	0	6476	1
q143_1	0	6477	1
q143_1	0	6478	1
q143_1	0	6479	1
q143_1	0	6480	1
q143_1	0	7413	1
q143_1	0	7414	1
q143_1	0	7415	1
q143_1	0	7416	1
q143_1	0	7417	1
q143_1	0	23370	0
q143_1	0	16588	1
q143_1	0	16589	1
q143_1	0	16590	3
q143_1	0	16591	3
q143_1	0	20631	0
q143_2	0	29710	1
q143_2	0	29711	1
q143_2	0	29712	1
q143_2	0	29713	1
q143_2	0	29714	1
q143_2	0	29715	1
q143_2	0	29716	1
q143_2	0	29717	1
q143_2	0	29718	1
q143_2	0	29719	1
q143_2	0	29745	1
q143_2	0	10062	1
q143_2	0	10063	1
q143_2	0	10064	1
q143_2	0	29720	1
q143_2	0	29721	1
q143_2	0	29722	1
q143_2	0	29723	1
q143_2	0	29724	1
q143_2	0	29725	1
q143_3	0	23207	1
q143_3	0	28877	1
q143_3	0	23534	0
q143_3	0	23562	1
q143_3	0	23563	0
q143_3	0	23564	0
q143_3	0	23565	0
q143_3	0	23566	1
q143_3	0	23567	1
q143_3	0	23529	1
q143_3	0	6490	1
q143_3	0	6491	1
q143_3	0	6492	1
q143_3	0	6493	1
q143_3	0	21876	0
q143_3	0	21877	0
q143_3	0	21878	0
q143_3	0	21879	0
q143_3	0	21880	0
q143_3	0	21881	0
q143_4	0	4699	0
q143_4	0	20793	1
q143_4	0	20794	0
q143_4	0	26923	1
q143_4	0	26924	1
q143_4	0	26925	1
q143_4	0	26926	1
q143_4	0	26927	1
q143_4	0	26928	1
q143_4	0	20439	1
q143_4	0	20440	1
q143_4	0	20441	1
q143_4	0	20442	1
q143_4	0	20443	1
q143_4	0	20444	1
q143_4	0	20445	1
q143_4	0	20446	1
q143_4	0	20447	0
q143_4	0	20448	1
q143_4	0	20449	1
q143_5	0	132	1
q143_5	0	133	2
q143_5	0	134	1
q143_5	0	135	1
q143_5	0	136	1
q143_5	0	137	1
q143_5	0	138	2
q143_5	0	139	2
q143_5	0	140	2
q143_5	0	141	1
q143_5	0	142	2
q143_5	0	143	2
q143_5	0	23211	2
q143_5	0	14702	1
q143_5	0	14703	1
q143_5	0	14704	1
q143_5	0	14705	1
q143_5	0	14706	1
q143_5	0	14707	1
q143_5	0	14708	1
q144_1	0	32154	3
q144_1	0	34391	1
q144_1	0	34392	1
q144_1	0	30215	3
q144_1	0	5662	1
q144_1	0	5663	1
q144_1	0	5664	1
q144_1	0	5665	1
q144_1	0	5666	0
q144_1	0	5667	1
q144_1	0	5651	0
q144_1	0	5652	1
q144_1	0	5653	0
q144_1	0	5654	1
q144_1	0	5655	1
q144_1	0	2972	0
q144_1	0	2973	0
q144_1	0	2974	0
q144_1	0	2975	0
q144_1	0	2976	0
q144_2	0	144	3
q144_2	0	145	2
q144_2	0	146	2
q144_2	0	147	2
q144_2	0	148	2
q144_2	0	149	2
q144_2	0	150	2
q144_2	0	151	2
q144_2	0	152	2
q144_2	0	153	2
q144_2	0	154	2
q144_2	0	155	2
q144_2	0	19420	1
q144_2	0	19421	1
q144_2	0	34356	2
q144_2	0	34357	2
q144_2	0	17083	1
q144_2	0	30838	2
q144_2	0	34040	1
q144_2	0	34041	1
q144_3	0	144	3
q144_3	0	17872	0
q144_3	0	17873	0
q144_3	0	17874	0
q144_3	0	17875	0
q144_3	0	17876	0
q144_3	0	17877	0
q144_3	0	17878	0
q144_3	0	17879	0
q144_3	0	17880	0
q144_3	0	21168	0
q144_3	0	21169	0
q144_3	0	21170	0
q144_3	0	21171	0
q144_3	0	19035	0
q144_3	0	19036	0
q144_3	0	19037	0
q144_3	0	19038	0
q144_3	0	17870	0
q144_3	0	17871	0
q144_4	0	32154	3
q144_4	0	26010	0
q144_4	0	30215	3
q144_4	0	34706	2
q144_4	0	34707	1
q144_4	0	34708	3
q144_4	0	34709	2
q144_4	0	34710	3
q144_4	0	34711	1
q144_4	0	34712	2
q144_4	0	31317	1
q144_4	0	34614	1
q144_4	0	34883	1
q144_4	0	34884	1
q144_4	0	34459	0
q144_4	0	34460	0
q144_4	0	34802	1
q144_4	0	34803	1
q144_4	0	34804	1
q144_4	0	34805	1
q144_5	0	11098	0
q144_5	0	5662	1
q144_5	0	5663	0
q144_5	0	5664	1
q144_5	0	5665	1
q144_5	0	5666	1
q144_5	0	5667	1
q144_5	0	11382	1
q144_5	0	5651	1
q144_5	0	5652	1
q144_5	0	5653	0
q144_5	0	5654	1
q144_5	0	5655	1
q144_5	0	17242	0
q144_5	0	17243	0
q144_5	0	17244	0
q144_5	0	17245	0
q144_5	0	17246	0
q144_5	0	20534	0
q144_5	0	23615	0
q145_1	0	34455	3
q145_1	0	30927	0
q145_1	0	14512	1
q145_1	0	14513	1
q145_1	0	14514	1
q145_1	0	14515	1
q145_1	0	14516	1
q145_1	0	14517	1
q145_1	0	14518	1
q145_1	0	14519	0
q145_1	0	14479	1
q145_1	0	14480	1
q145_1	0	14481	1
q145_1	0	14482	1
q145_1	0	14483	1
q145_1	0	14484	1
q145_1	0	14485	1
q145_1	0	14486	0
q145_1	0	14487	1
q145_1	0	14488	1
q145_2	0	145	3
q145_2	0	144	1
q145_2	0	146	2
q145_2	0	147	1
q145_2	0	148	1
q145_2	0	149	1
q145_2	0	150	1
q145_2	0	151	1
q145_2	0	152	2
q145_2	0	153	2
q145_2	0	154	1
q145_2	0	155	1
q145_2	0	11098	0
q145_2	0	133	1
q145_2	0	19420	1
q145_2	0	19421	0
q145_2	0	34356	1
q145_2	0	34357	1
q145_2	0	17083	1
q145_2	0	30838	1
q145_3	0	34590	2
q145_3	0	34591	2
q145_3	0	34592	2
q145_3	0	34593	2
q145_3	0	34594	2
q145_3	0	34595	2
q145_3	0	31142	1
q145_3	0	145	3
q145_3	0	16661	1
q145_3	0	16662	1
q145_3	0	16663	1
q145_3	0	16664	1
q145_3	0	16665	1
q145_3	0	16666	1
q145_3	0	14164	1
q145_3	0	22125	1
q145_3	0	22126	1
q145_3	0	22127	1
q145_3	0	23600	0
q145_3	0	23601	1
q145_4	0	34455	3
q145_4	0	14512	1
q145_4	0	14513	1
q145_4	0	14514	1
q145_4	0	14515	1
q145_4	0	14516	1
q145_4	0	14517	1
q145_4	0	14518	1
q145_4	0	14519	1
q145_4	0	33773	1
q145_4	0	33774	1
q145_4	0	33775	1
q145_4	0	33776	1
q145_4	0	33777	1
q145_4	0	33778	1
q145_4	0	33779	1
q145_4	0	33780	1
q145_4	0	10074	1
q145_4	0	14479	1
q145_4	0	14480	1
q145_5	0	34455	3
q145_5	0	14512	1
q145_5	0	14513	1
q145_5	0	14514	1
q145_5	0	14515	0
q145_5	0	14516	1
q145_5	0	14517	1
q145_5	0	14518	1
q145_5	0	14519	0
q145_5	0	14479	1
q145_5	0	14480	1
q145_5	0	14481	1
q145_5	0	14482	1
q145_5	0	14483	1
q145_5	0	14484	1
q145_5	0	14485	1
q145_5	0	14486	0
q145_5	0	14487	1
q145_5	0	14488	1
q145_5	0	14489	1
q146_1	0	92	0
q146_1	0	93	0
q146_1	0	94	0
q146_1	0	95	0
q146_1	0	96	0
q146_1	0	97	0
q146_1	0	98	0
q146_1	0	99	0
q146_1	0	100	0
q146_1	0	101	0
q146_1	0	102	0
q146_1	0	103	0
q146_1	0	104	0
q146_1	0	105	0
q146_1	0	106	0
q146_1	0	107	0
q146_1	0	108	0
q146_1	0	109	0
q146_1	0	110	0
q146_1	0	111	0
q146_2	0	146	3
q146_2	0	17314	3
q146_2	0	11087	1
q146_2	0	11495	1
q146_2	0	18496	1
q146_2	0	18497	1
q146_2	0	18498	2
q146_2	0	18499	2
q146_2	0	18500	2
q146_2	0	18501	1
q146_2	0	18502	2
q146_2	0	18503	2
q146_2	0	18504	1
q146_2	0	18505	2
q146_2	0	18506	1
q146_2	0	18507	1
q146_2	0	18508	1
q146_2	0	18509	1
q146_2	0	18510	2
q146_2	0	18511	1
q146_3	0	146	3
q146_3	0	144	2
q146_3	0	145	2
q146_3	0	147	1
q146_3	0	148	2
q146_3	0	149	2
q146_3	0	150	1
q146_3	0	151	1
q146_3	0	152	2
q146_3	0	153	2
q146_3	0	154	2
q146_3	0	155	2
q146_3	0	11098	0
q146_3	0	134	1
q146_3	0	19420	1
q146_3	0	19421	1
q146_3	0	34356	1
q146_3	0	34357	1
q146_3	0	17083	1
q146_3	0	30838	1
q146_4	0	19459	1
q146_4	0	29302	1
q146_4	0	29303	0
q146_4	0	29304	1
q146_4	0	29305	1
q146_4	0	29306	0
q146_4	0	29307	1
q146_4	0	29308	1
q146_4	0	29309	1
q146_4	0	29310	1
q146_4	0	29311	1
q146_4	0	29312	0
q146_4	0	29313	1
q146_4	0	29314	1
q146_4	0	29315	1
q146_4	0	29316	1
q146_4	0	29317	1
q146_4	0	29318	0
q146_4	0	29319	0
q146_4	0	29320	1
q146_5	0	34706	0
q146_5	0	34707	0
q146_5	0	34708	0
q146_5	0	34709	0
q146_5	0	34710	0
q146_5	0	34711	0
q146_5	0	34712	1
q146_5	0	14991	0
q146_5	0	14992	0
q146_5	0	14993	0
q146_5	0	14994	0
q146_5	0	14995	0
q146_5	0	14996	0
q146_5	0	14997	0
q146_5	0	14998	0
q146_5	0	14999	0
q146_5	0	15000	0
q146_5	0	15001	0
q146_5	0	15002	0
q146_5	0	15003	0
q147_1	0	34264	2
q147_1	0	13560	2
q147_1	0	13561	1
q147_1	0	13562	1
q147_1	0	13563	1
q147_1	0	13564	2
q147_1	0	13565	1
q147_1	0	13566	1
q147_1	0	13567	1
q147_1	0	13568	1
q147_1	0	13569	1
q147_1	0	13570	2
q147_1	0	13571	2
q147_1	0	10375	2
q147_1	0	10784	2
q147_1	0	19990	2
q147_1	0	19991	2
q147_1	0	19992	2
q147_1	0	19993	2
q147_1	0	19994	2
q147_2	0	33149	0
q147_2	0	33150	0
q147_2	0	33151	1
q147_2	0	33152	0
q147_2	0	33153	0
q147_2	0	144	1
q147_2	0	145	1
q147_2	0	146	2
q147_2	0	147	3
q147_2	0	148	1
q147_2	0	149	1
q147_2	0	150	2
q147_2	0	151	2
q147_2	0	152	1
q147_2	0	153	1
q147_2	0	154	1
q147_2	0	155	1
q147_2	0	11239	1
q147_2	0	34673	2
q147_2	0	19420	1
q147_3	0	2704	1
q147_3	0	2705	1
q147_3	0	2706	1
q147_3	0	2707	1
q147_3	0	2708	1
q147_3	0	2709	1
q147_3	0	2710	1
q147_3	0	2711	1
q147_3	0	2712	1
q147_3	0	2713	1
q147_3	0	2714	1
q147_3	0	2715	1
q147_3	0	2716	1
q147_3	0	2717	1
q147_3	0	2718	1
q147_3	0	2719	1
q147_3	0	34345	1
q147_3	0	34346	1
q147_3	0	34347	1
q147_3	0	34348	1
q147_4	0	10105	1
q147_4	0	10106	1
q147_4	0	10107	1
q147_4	0	10108	1
q147_4	0	5715	1
q147_4	0	25087	1
q147_4	0	25088	1
q147_4	0	25089	1
q147_4	0	25090	1
q147_4	0	25091	1
q147_4	0	25092	1
q147_4	0	25093	1
q147_4	0	25094	1
q147_4	0	5716	1
q147_4	0	5717	1
q147_4	0	5718	1
q147_4	0	5719	1
q147_4	0	5720	1
q147_4	0	5721	1
q147_4	0	5722	1
q147_5	0	11098	0
q147_5	0	34706	1
q147_5	0	34707	1
q147_5	0	34708	1
q147_5	0	34709	1
q147_5	0	34710	0
q147_5	0	34711	1
q147_5	0	34712	1
q147_5	0	33897	2
q147_5	0	34000	2
q147_5	0	34028	2
q147_5	0	34845	1
q147_5	0	34859	1
q147_5	0	8867	1
q147_5	0	1335	2
q147_5	0	1708	1
q147_5	0	1726	1
q147_5	0	5341	1
q147_5	0	18899	1
q147_5	0	147	3
q148_1	0	27112	1
q148_1	0	148	3
q148_1	0	10159	3
q148_1	0	17898	3
q148_1	0	10175	3
q148_1	0	10160	1
q148_1	0	10161	2
q148_1	0	10162	3
q148_1	0	10163	2
q148_1	0	10164	2
q148_1	0	10165	2
q148_1	0	10166	2
q148_1	0	17903	2
q148_1	0	10167	2
q148_1	0	10168	2
q148_1	0	10169	1
q148_1	0	10170	2
q148_1	0	10171	3
q148_1	0	10172	2
q148_1	0	10173	3
q148_2	0	34269	1
q148_2	0	34458	1
q148_2	0	10224	2
q148_2	0	10225	0
q148_2	0	10226	2
q148_2	0	10227	2
q148_2	0	10228	1
q148_2	0	10229	2
q148_2	0	10230	2
q148_2	0	10231	2
q148_2	0	4587	0
q148_2	0	19420	2
q148_2	0	19421	1
q148_2	0	34356	1
q148_2	0	34357	1
q148_2	0	10159	2
q148_2	0	10160	1
q148_2	0	10161	1
q148_2	0	10162	2
q148_2	0	10163	1
q148_3	0	148	3
q148_3	0	10222	3
q148_3	0	10200	2
q148_3	0	5239	1
q148_3	0	31360	0
q148_3	0	31361	0
q148_3	0	31362	0
q148_3	0	5870	2
q148_3	0	10186	3
q148_3	0	29844	3
q148_3	0	10205	3
q148_3	0	29802	3
q148_3	0	32432	2
q148_3	0	5187	1
q148_3	0	5188	0
q148_3	0	5189	0
q148_3	0	5190	1
q148_3	0	31344	0
q148_3	0	29883	3
q148_3	0	10190	3
q148_4	0	27112	1
q148_4	0	26010	0
q148_4	0	34269	3
q148_4	0	34458	1
q148_4	0	144	1
q148_4	0	145	1
q148_4	0	146	1
q148_4	0	147	1
q148_4	0	148	3
q148_4	0	149	1
q148_4	0	150	1
q148_4	0	151	1
q148_4	0	152	1
q148_4	0	153	1
q148_4	0	154	1
q148_4	0	155	1
q148_4	0	10224	2
q148_4	0	10225	1
q148_4	0	10226	2
q148_4	0	10227	2
q148_5	0	4587	0
q148_5	0	10159	2
q148_5	0	10160	1
q148_5	0	10161	1
q148_5	0	10162	3
q148_5	0	10163	1
q148_5	0	10164	1
q148_5	0	10165	1
q148_5	0	10166	1
q148_5	0	10167	1
q148_5	0	10168	1
q148_5	0	10169	1
q148_5	0	10170	2
q148_5	0	10171	1
q148_5	0	10172	2
q148_5	0	10173	1
q148_5	0	10174	2
q148_5	0	10175	2
q148_5	0	10176	1
q148_5	0	10177	1
q149_1	0	9913	0
q149_1	0	21407	1
q149_1	0	21408	1
q149_1	0	21409	1
q149_1	0	21410	1
q149_1	0	21411	1
q149_1	0	21412	1
q149_1	0	21413	1
q149_1	0	21414	1
q149_1	0	21415	1
q149_1	0	13816	2
q149_1	0	13817	0
q149_1	0	13818	1
q149_1	0	13819	0
q149_1	0	13820	1
q149_1	0	13821	1
q149_1	0	21416	1
q149_1	0	32245	1
q149_1	0	32246	1
q149_1	0	32247	1
q149_2	0	33773	1
q149_2	0	33774	1
q149_2	0	33775	1
q149_2	0	33776	1
q149_2	0	33777	1
q149_2	0	33778	1
q149_2	0	33779	1
q149_2	0	33780	1
q149_2	0	10074	1
q149_2	0	19420	3
q149_2	0	19421	2
q149_2	0	34356	2
q149_2	0	34357	2
q149_2	0	144	2
q149_2	0	145	2
q149_2	0	146	2
q149_2	0	147	3
q149_2	0	148	2
q149_2	0	149	2
q149_2	0	150	2
q149_3	0	149	3
q149_3	0	21407	2
q149_3	0	21408	2
q149_3	0	21409	2
q149_3	0	21410	1
q149_3	0	21411	1
q149_3	0	21412	1
q149_3	0	21413	2
q149_3	0	21414	2
q149_3	0	21415	2
q149_3	0	21416	1
q149_3	0	21291	1
q149_3	0	21417	1
q149_3	0	21418	1
q149_3	0	21419	1
q149_3	0	21420	1
q149_3	0	32776	2
q149_3	0	34272	2
q149_3	0	28943	2
q149_3	0	21437	0
q149_4	0	28948	2
q149_4	0	11098	0
q149_4	0	13816	1
q149_4	0	13817	1
q149_4	0	13818	1
q149_4	0	13819	1
q149_4	0	13820	1
q149_4	0	13821	1
q149_4	0	32245	1
q149_4	0	32246	1
q149_4	0	32247	2
q149_4	0	32248	1
q149_4	0	117	0
q149_4	0	5728	0
q149_4	0	5729	0
q149_4	0	5730	0
q149_4	0	5731	0
q149_4	0	5732	0
q149_4	0	5733	0
q149_4	0	5734	0
q149_5	0	28948	2
q149_5	0	34391	1
q149_5	0	34392	1
q149_5	0	13816	1
q149_5	0	13817	1
q149_5	0	13818	1
q149_5	0	13819	1
q149_5	0	13820	1
q149_5	0	13821	1
q149_5	0	32245	1
q149_5	0	32246	1
q149_5	0	32247	1
q149_5	0	32248	1
q149_5	0	2972	0
q149_5	0	2973	0
q149_5	0	2974	0
q149_5	0	2975	0
q149_5	0	2976	0
q149_5	0	2977	0
q149_5	0	5624	0
q150_1	0	34395	2
q150_1	0	34739	2
q150_1	0	34376	3
q150_1	0	34377	2
q150_1	0	34378	3
q150_1	0	34379	3
q150_1	0	34380	2
q150_1	0	34381	3
q150_1	0	34382	2
q150_1	0	34386	2
q150_1	0	34387	2
q150_1	0	34388	2
q150_1	0	34389	2
q150_1	0	34390	2
q150_1	0	10785	2
q150_1	0	34597	2
q150_1	0	34598	1
q150_1	0	34599	1
q150_1	0	34600	1
q150_1	0	34601	1
q150_2	0	150	3
q150_2	0	144	1
q150_2	0	145	2
q150_2	0	146	1
q150_2	0	147	1
q150_2	0	148	2
q150_2	0	149	2
q150_2	0	151	1
q150_2	0	152	2
q150_2	0	153	2
q150_2	0	154	2
q150_2	0	155	1
q150_2	0	34870	0
q150_2	0	11098	0
q150_2	0	138	1
q150_2	0	3036	0
q150_2	0	3037	0
q150_2	0	3038	0
q150_2	0	3039	0
q150_2	0	3040	0
q150_3	0	150	3
q150_3	0	31104	0
q150_3	0	26621	1
q150_3	0	26622	1
q150_3	0	26623	1
q150_3	0	26624	1
q150_3	0	26625	1
q150_3	0	26626	1
q150_3	0	26627	1
q150_3	0	26628	1
q150_3	0	26629	1
q150_3	0	10000	0
q150_3	0	26634	0
q150_3	0	26635	0
q150_3	0	26636	0
q150_3	0	26637	0
q150_3	0	26638	0
q150_3	0	26639	0
q150_3	0	26640	0
q150_3	0	34706	1
q150_4	0	33773	0
q150_4	0	33774	0
q150_4	0	33775	1
q150_4	0	33776	1
q150_4	0	33777	0
q150_4	0	33778	1
q150_4	0	33779	1
q150_4	0	33780	1
q150_4	0	10074	0
q150_4	0	34706	1
q150_4	0	34707	1
q150_4	0	34708	1
q150_4	0	34709	0
q150_4	0	34710	0
q150_4	0	34711	0
q150_4	0	34712	0
q150_4	0	2996	1
q150_4	0	2997	0
q150_4	0	2998	0
q150_4	0	2999	0
q150_5	0	10142	0
q150_5	0	34395	2
q150_5	0	34739	1
q150_5	0	34376	2
q150_5	0	34377	2
q150_5	0	34378	2
q150_5	0	34379	2
q150_5	0	34380	1
q150_5	0	34381	3
q150_5	0	34382	1
q150_5	0	34386	1
q150_5	0	34387	1
q150_5	0	34388	1
q150_5	0	34389	1
q150_5	0	34390	1
q150_5	0	10785	1
q150_5	0	34597	0
q150_5	0	34598	1
q150_5	0	34599	1
q150_5	0	34600	1
q151_1	0	34395	2
q151_1	0	34739	2
q151_1	0	10785	1
q151_1	0	34597	1
q151_1	0	34598	1
q151_1	0	34599	1
q151_1	0	34600	1
q151_1	0	34601	1
q151_1	0	34746	2
q151_1	0	2704	1
q151_1	0	2705	1
q151_1	0	2706	1
q151_1	0	2707	1
q151_1	0	2708	1
q151_1	0	2709	1
q151_1	0	2710	1
q151_1	0	2711	1
q151_1	0	2712	1
q151_1	0	2713	1
q151_1	0	2714	1
q151_2	0	144	2
q151_2	0	145	1
q151_2	0	146	2
q151_2	0	147	1
q151_2	0	148	2
q151_2	0	149	2
q151_2	0	150	3
q151_2	0	151	3
q151_2	0	152	2
q151_2	0	153	1
q151_2	0	154	1
q151_2	0	155	1
q151_2	0	34395	1
q151_2	0	34739	1
q151_2	0	10785	1
q151_2	0	34597	1
q151_2	0	34598	1
q151_2	0	34599	1
q151_2	0	34600	1
q151_2	0	34601	1
q151_3	0	34395	2
q151_3	0	34739	2
q151_3	0	10785	2
q151_3	0	34597	0
q151_3	0	34598	1
q151_3	0	34599	1
q151_3	0	34600	1
q151_3	0	34601	1
q151_3	0	34746	3
q151_3	0	4702	0
q151_3	0	31928	2
q151_3	0	14416	2
q151_3	0	14417	2
q151_3	0	14418	1
q151_3	0	14419	1
q151_3	0	14420	1
q151_3	0	14421	1
q151_3	0	14422	1
q151_3	0	14423	1
q151_3	0	14424	1
q151_4	0	33773	0
q151_4	0	33774	0
q151_4	0	33775	0
q151_4	0	33776	0
q151_4	0	33777	0
q151_4	0	33778	0
q151_4	0	33779	0
q151_4	0	33780	0
q151_4	0	10074	0
q151_4	0	34706	0
q151_4	0	34707	0
q151_4	0	34708	0
q151_4	0	34709	0
q151_4	0	34710	0
q151_4	0	34711	0
q151_4	0	34712	0
q151_4	0	5390	0
q151_4	0	10661	0
q151_4	0	15326	0
q151_4	0	32689	0
q151_5	0	151	3
q151_5	0	34497	2
q151_5	0	32154	0
q151_5	0	22138	0
q151_5	0	11414	1
q151_5	0	11415	0
q151_5	0	11416	1
q151_5	0	11417	1
q151_5	0	11418	1
q151_5	0	11419	1
q151_5	0	11420	0
q151_5	0	11421	1
q151_5	0	11422	1
q151_5	0	11423	1
q151_5	0	11424	0
q151_5	0	11425	1
q151_5	0	11426	1
q151_5	0	11427	0
q151_5	0	8905	0
q151_5	0	8906	0
q152_1	0	34643	2
q152_1	0	34692	2
q152_1	0	34693	2
q152_1	0	34694	2
q152_1	0	34695	2
q152_1	0	34696	2
q152_1	0	34697	2
q152_1	0	34698	2
q152_1	0	152	3
q152_1	0	16675	1
q152_1	0	23782	0
q152_1	0	34706	0
q152_1	0	34707	1
q152_1	0	34708	1
q152_1	0	34709	1
q152_1	0	34710	0
q152_1	0	34711	1
q152_1	0	34712	0
q152_1	0	33830	2
q152_1	0	34614	1
q152_2	0	10105	1
q152_2	0	10106	1
q152_2	0	10107	1
q152_2	0	10108	1
q152_2	0	5715	0
q152_2	0	5716	1
q152_2	0	5717	1
q152_2	0	5718	0
q152_2	0	5719	0
q152_2	0	5720	1
q152_2	0	5721	0
q152_2	0	5722	0
q152_2	0	5723	0
q152_2	0	5724	0
q152_2	0	5725	0
q152_2	0	5726	0
q152_2	0	5727	0
q152_2	0	128	1
q152_2	0	129	1
q152_2	0	130	2
q152_3	0	11098	0
q152_3	0	30892	1
q152_3	0	34691	1
q152_3	0	144	1
q152_3	0	145	2
q152_3	0	146	2
q152_3	0	147	1
q152_3	0	148	1
q152_3	0	149	2
q152_3	0	150	1
q152_3	0	151	1
q152_3	0	152	3
q152_3	0	153	2
q152_3	0	154	1
q152_3	0	155	1
q152_3	0	16634	0
q152_3	0	16635	0
q152_3	0	16636	0
q152_3	0	16637	0
q152_3	0	16638	0
q152_4	0	33454	1
q152_4	0	32688	0
q152_4	0	34706	0
q152_4	0	34707	0
q152_4	0	34708	0
q152_4	0	34709	0
q152_4	0	34710	0
q152_4	0	34711	0
q152_4	0	34712	0
q152_4	0	12232	1
q152_4	0	23493	1
q152_4	0	27580	0
q152_4	0	34614	0
q152_4	0	34883	0
q152_4	0	34884	0
q152_4	0	34459	0
q152_4	0	34460	0
q152_4	0	30700	1
q152_4	0	34802	0
q152_4	0	34803	0
q152_5	0	26630	0
q152_5	0	26631	1
q152_5	0	26632	1
q152_5	0	26633	1
q152_5	0	24969	1
q152_5	0	24970	1
q152_5	0	24971	0
q152_5	0	152	3
q152_5	0	26634	0
q152_5	0	26635	0
q152_5	0	26636	1
q152_5	0	26637	0
q152_5	0	26638	0
q152_5	0	26639	0
q152_5	0	26640	0
q152_5	0	26641	0
q152_5	0	26642	0
q152_5	0	26643	0
q152_5	0	26644	0
q152_5	0	26645	0
q153_1	0	6659	1
q153_1	0	6660	1
q153_1	0	6661	1
q153_1	0	6662	1
q153_1	0	23621	2
q153_1	0	23622	1
q153_1	0	23623	1
q153_1	0	23624	1
q153_1	0	23790	0
q153_1	0	23791	1
q153_1	0	23792	0
q153_1	0	23793	0
q153_1	0	23535	0
q153_1	0	14203	0
q153_1	0	14204	0
q153_1	0	14205	0
q153_1	0	14206	0
q153_1	0	22570	2
q153_1	0	32879	0
q153_1	0	16571	2
q153_2	0	30896	1
q153_2	0	23767	0
q153_2	0	23768	1
q153_2	0	23769	0
q153_2	0	23770	0
q153_2	0	23771	0
q153_2	0	23772	0
q153_2	0	23773	1
q153_2	0	23774	0
q153_2	0	23775	0
q153_2	0	23776	0
q153_2	0	23777	0
q153_2	0	23778	0
q153_2	0	23779	1
q153_2	0	23780	0
q153_2	0	19420	1
q153_2	0	19421	1
q153_2	0	34356	1
q153_2	0	34357	1
q153_2	0	144	1
q153_3	0	33773	1
q153_3	0	33774	1
q153_3	0	33775	0
q153_3	0	33776	1
q153_3	0	33777	1
q153_3	0	33778	0
q153_3	0	33779	0
q153_3	0	33780	1
q153_3	0	10074	0
q153_3	0	34706	0
q153_3	0	34707	0
q153_3	0	34708	1
q153_3	0	34709	0
q153_3	0	34710	0
q153_3	0	34711	1
q153_3	0	34712	0
q153_3	0	5390	0
q153_3	0	10661	0
q153_3	0	15326	0
q153_3	0	32689	1
q153_4	0	11098	0
q153_4	0	144	2
q153_4	0	145	2
q153_4	0	146	2
q153_4	0	147	1
q153_4	0	148	1
q153_4	0	149	2
q153_4	0	150	2
q153_4	0	151	1
q153_4	0	152	2
q153_4	0	153	3
q153_4	0	154	1
q153_4	0	155	1
q153_4	0	17083	1
q153_4	0	29964	0
q153_4	0	29965	0
q153_4	0	29966	0
q153_4	0	29967	0
q153_4	0	29968	0
q153_4	0	29969	0
q153_5	0	21167	1
q153_5	0	23621	3
q153_5	0	23622	2
q153_5	0	23623	3
q153_5	0	23624	1
q153_5	0	25523	0
q153_5	0	18080	1
q153_5	0	18081	1
q153_5	0	18082	1
q153_5	0	18083	1
q153_5	0	18084	1
q153_5	0	18085	2
q153_5	0	18086	2
q153_5	0	18087	1
q153_5	0	18088	1
q153_5	0	18089	1
q153_5	0	18090	1
q153_5	0	18091	1
q153_5	0	18092	1
q153_5	0	18093	1
q154_1	0	34351	2
q154_1	0	2704	2
q154_1	0	2705	2
q154_1	0	2706	2
q154_1	0	2707	2
q154_1	0	2708	2
q154_1	0	2709	2
q154_1	0	2710	1
q154_1	0	2711	1
q154_1	0	2712	2
q154_1	0	2713	2
q154_1	0	2714	2
q154_1	0	2715	2
q154_1	0	2716	2
q154_1	0	2717	2
q154_1	0	2718	2
q154_1	0	2719	2
q154_1	0	34345	2
q154_1	0	34346	2
q154_1	0	34347	2
q154_2	0	144	1
q154_2	0	145	2
q154_2	0	146	2
q154_2	0	147	1
q154_2	0	148	2
q154_2	0	149	2
q154_2	0	150	2
q154_2	0	151	1
q154_2	0	152	2
q154_2	0	153	2
q154_2	0	154	3
q154_2	0	155	1
q154_2	0	11098	0
q154_2	0	29901	0
q154_2	0	34140	0
q154_2	0	34141	0
q154_2	0	34142	0
q154_2	0	34143	0
q154_2	0	34144	0
q154_2	0	34145	0
q154_3	0	21167	0
q154_3	0	8885	1
q154_3	0	8886	1
q154_3	0	8887	1
q154_3	0	8888	1
q154_3	0	8889	1
q154_3	0	8890	1
q154_3	0	8891	0
q154_3	0	33314	1
q154_3	0	33315	1
q154_3	0	33316	1
q154_3	0	33317	1
q154_3	0	18238	1
q154_3	0	34351	1
q154_3	0	33159	2
q154_3	0	33160	1
q154_3	0	33161	1
q154_3	0	33162	1
q154_3	0	33163	2
q154_3	0	33164	1
q154_4	0	33773	1
q154_4	0	33774	1
q154_4	0	33775	0
q154_4	0	33776	0
q154_4	0	33777	1
q154_4	0	33778	0
q154_4	0	33779	0
q154_4	0	33780	1
q154_4	0	10074	0
q154_4	0	34706	0
q154_4	0	34707	0
q154_4	0	34708	1
q154_4	0	34709	0
q154_4	0	34710	0
q154_4	0	34711	1
q154_4	0	34712	1
q154_4	0	5390	0
q154_4	0	10661	0
q154_4	0	15326	0
q154_4	0	32689	0
q154_5	0	11647	2
q154_5	0	8885	1
q154_5	0	8886	1
q154_5	0	8887	1
q154_5	0	8888	2
q154_5	0	8889	2
q154_5	0	8890	1
q154_5	0	8891	1
q154_5	0	33314	1
q154_5	0	33315	1
q154_5	0	33316	1
q154_5	0	33317	1
q154_5	0	18238	1
q154_5	0	34351	2
q154_5	0	7371	0
q154_5	0	11049	0
q154_5	0	11050	0
q154_5	0	11051	0
q154_5	0	11052	0
q154_5	0	11053	0
q155_1	0	32813	2
q155_1	0	32814	2
q155_1	0	32815	2
q155_1	0	32816	2
q155_1	0	11655	3
q155_1	0	11656	3
q155_1	0	11657	3
q155_1	0	11658	3
q155_1	0	29773	2
q155_1	0	29774	3
q155_1	0	29775	2
q155_1	0	29776	3
q155_1	0	29777	3
q155_1	0	29778	3
q155_1	0	155	3
q155_1	0	32310	1
q155_1	0	32311	1
q155_1	0	32312	1
q155_1	0	32313	2
q155_1	0	32314	1
q155_2	0	19420	1
q155_2	0	19421	1
q155_2	0	34356	1
q155_2	0	34357	1
q155_2	0	144	1
q155_2	0	145	1
q155_2	0	146	1
q155_2	0	147	1
q155_2	0	148	1
q155_2	0	149	1
q155_2	0	150	2
q155_2	0	151	1
q155_2	0	152	1
q155_2	0	153	1
q155_2	0	154	2
q155_2	0	155	3
q155_2	0	30838	1
q155_2	0	34040	1
q155_2	0	34041	1
q155_2	0	34042	1
q155_3	0	34706	0
q155_3	0	34707	0
q155_3	0	34708	0
q155_3	0	34709	0
q155_3	0	34710	0
q155_3	0	34711	0
q155_3	0	34712	0
q155_3	0	2996	1
q155_3	0	2997	1
q155_3	0	2998	0
q155_3	0	2999	0
q155_3	0	3000	0
q155_3	0	3001	0
q155_3	0	3002	0
q155_3	0	3003	0
q155_3	0	3004	0
q155_3	0	3005	1
q155_3	0	3006	0
q155_3	0	3007	1
q155_3	0	3008	0
q155_4	0	17869	0
q155_4	0	32689	1
q155_4	0	32690	2
q155_4	0	32813	3
q155_4	0	32814	3
q155_4	0	32815	3
q155_4	0	32816	3
q155_4	0	32872	1
q155_4	0	10070	1
q155_4	0	11655	3
q155_4	0	11656	3
q155_4	0	11657	3
q155_4	0	11658	3
q155_4	0	29773	3
q155_4	0	29774	3
q155_4	0	29775	3
q155_4	0	29776	3
q155_4	0	29777	3
q155_4	0	29778	3
q155_4	0	5390	0
q155_5	0	11098	0
q155_5	0	9936	1
q155_5	0	9937	1
q155_5	0	9938	1
q155_5	0	9939	1
q155_5	0	9940	1
q155_5	0	34498	1
q155_5	0	34499	1
q155_5	0	34500	1
q155_5	0	34501	1
q155_5	0	34502	1
q155_5	0	34503	1
q155_5	0	34504	1
q155_5	0	34505	1
q155_5	0	34506	1
q155_5	0	34523	1
q155_5	0	34524	1
q155_5	0	34525	1
q155_5	0	34526	1
q155_5	0	34507	1
q156_1	0	156	3
q156_1	0	161	3
q156_1	0	157	3
q156_1	0	158	3
